—ίa‚U”N“x,’nζ•Ϋ’E’N‘i–‹Ζ•ρ(’N‘i•Ò)s‹ζ’¬‘Ί•\,,,,,,,,,,,,,,
(’N‘i•Ò)@, ‘ζ‚R•\@W’c’N‹³η‚ΜJΓ‰ρ”EQ‰Α‰„lυCs‹ζ’¬‘ΊA‹³η“ΰ—e•Κ,,,,,,,,,,,,,,
’F1) uκ”Κv‚Ζ‚ΝA¶Kµ•a‚Μ—\–h‚Μ‚½‚ί‚Μ“ϊν¶γ‚ΜS“ΎA’N‘i‚Μ•ϋ–@AH¶‚Μέ‚θ•ϋ“™’N‚Ι•K—v‚Θ–€‚Μ‹³η‚π‚Ά‚¤B,,,,,,,,,,,,,,,
@@2) u•a‘Τ•Κv‚Ζ‚ΝA”μ–A‚³AS‘•a“™‚ΖΒl‚Μ¶Kµ‚Ζ‚ΜΦW‹y‚Ρ’N“I‚Θ¶Kµ‚Μ`¬‚Ι‚Β‚Ά‚Δ‚Μ‹³η‚π‚Ά‚¤B,,,,,,,,,,,,,,,
@@3) u–ςv‚Ζ‚ΝA–ς‚Μ•ΫΗA“K³‚Θ•—p•ϋ–@“™‚ΙΦ‚·‚ι—―Σ–€A–ς‚Μμ—pE•›μ—p‚Μ”­»‚ΙΦ‚·‚ι’m―‚Μ‹³η‚π‚Ά‚¤B,,,,,,,,,,,,,,,
,,W’c’N‹³η,W’c’N‹³η,W’c’N‹³η,W’c’N‹³η,W’c’N‹³η,W’c’N‹³η,W’c’N‹³η,W’c’N‹³η,W’c’N‹³η,W’c’N‹³η,W’c’N‹³η,W’c’N‹³η,W’c’N‹³η,W’c’N‹³η
,,JΓ‰ρ”,JΓ‰ρ”,JΓ‰ρ”,JΓ‰ρ”,JΓ‰ρ”,JΓ‰ρ”,JΓ‰ρ”,Q‰Α‰„lυ,Q‰Α‰„lυ,Q‰Α‰„lυ,Q‰Α‰„lυ,Q‰Α‰„lυ,Q‰Α‰„lυ,Q‰Α‰„lυ
,,‘”,κ”Κ 1),•όΎ³,ƒƒRƒ‚ƒeƒBƒuƒVƒ“ƒhƒ[ƒ€(‰^“®νΗσQ),–«•ΒΗ«”xΎ³(‚b‚n‚o‚c),•a‘Τ•Κ 2),–ς 3),‘”,κ”Κ 1),•όΎ³,ƒƒRƒ‚ƒeƒBƒuƒVƒ“ƒhƒ[ƒ€(‰^“®νΗσQ),–«•ΒΗ«”xΎ³(‚b‚n‚o‚c),•a‘Τ•Κ 2),–ς 3)
,,‰ρ,‰ρ,‰ρ,‰ρ,‰ρ,‰ρ,‰ρ,l,l,l,l,l,l,l
0,‘S‘,91363,64111,4601,11413,468,10493,277,1445669,1050030,83899,129485,10645,165658,5952
1000,–kC“Ή,4865,3662,125,380,22,656,20,86336,65770,1816,4527,650,12907,666
1100,D–ys,866,792,12,-,-,50,12,23325,22906,60,-,-,334,25
1202,”Ωs,47,29,1,-,1,15,1,2167,1021,106,-,30,949,61
1203,¬’Ms,35,33,2,-,-,-,-,507,459,48,-,-,-,-
1204,®μs,45,45,-,-,-,-,-,2504,2504,-,-,-,-,-
1205,Ί—–s,85,85,-,-,-,-,-,1168,1168,-,-,-,-,-
1206,‹ϊHs,32,28,-,-,-,4,-,617,591,-,-,-,26,-
1207,‘ΡLs,105,89,2,2,-,12,-,2323,2070,29,59,-,165,-
1208,–k©s,78,41,16,5,-,16,-,1130,605,215,134,-,176,-
1209,—[’£s,-,-,-,-,-,-,-,-,-,-,-,-,-,-
1210,β©‘ςs,23,20,3,-,-,-,-,698,637,61,-,-,-,-
1211,–Τ‘–s,3,3,-,-,-,-,-,42,42,-,-,-,-,-
1212,—―–Gs,9,9,-,-,-,-,-,103,103,-,-,-,-,-
1213,“Ο¬–qs,162,24,1,-,-,135,2,2896,1291,61,-,-,1415,129
1214,’t“ΰs,41,26,-,6,-,9,-,1392,992,-,35,-,365,-
1215,”ό‰Ss,91,2,1,37,-,51,-,1128,24,2,382,-,720,-
1216,°•Κs,9,9,-,-,-,-,-,64,64,-,-,-,-,-
1217,]•Κs,44,43,1,-,-,-,-,253,247,6,-,-,-,-
1218,Τ•½s,26,26,-,-,-,-,-,367,367,-,-,-,-,-
1219,–δ•Κs,13,13,-,-,-,-,-,148,148,-,-,-,-,-
1220,m•Κs,13,13,-,-,-,-,-,404,404,-,-,-,-,-
1221,–Όρs,19,15,3,1,-,-,-,29,20,8,1,-,-,-
1222,O}s,74,74,-,-,-,-,-,444,444,-,-,-,-,-
1223,ªΊs,39,39,-,-,-,-,-,398,398,-,-,-,-,-
1224,ηΞs,24,19,1,-,-,4,-,456,209,40,-,-,207,-
1225,‘κμs,3,-,-,-,-,3,-,7,-,-,-,-,7,-
1226,»μs,36,25,-,-,-,11,-,1130,486,-,-,-,644,-
1227,‰Μu“ΰs,7,7,-,-,-,-,-,86,86,-,-,-,-,-
1228,[μs,62,62,-,-,-,-,-,271,271,-,-,-,-,-
1229,•x—Η–μs,3,3,-,-,-,-,-,45,45,-,-,-,-,-
1230,“o•Κs,15,15,-,-,-,-,-,177,177,-,-,-,-,-
1231,b’λs,171,117,32,-,20,2,-,4818,3557,566,-,540,155,-
1233,Ι’Bs,20,20,-,-,-,-,-,335,335,-,-,-,-,-
1234,–kL“‡s,31,-,-,-,-,31,-,121,-,-,-,-,121,-
1235,Ξλs,18,17,-,-,-,1,-,172,131,-,-,-,41,-
1236,–k“ls,29,19,1,4,-,5,-,578,303,28,67,-,180,-
1303,“–•Κ’¬,12,12,-,-,-,-,-,94,94,-,-,-,-,-
1304,VΒ’Γ‘Ί,1,1,-,-,-,-,-,10,10,-,-,-,-,-
1331,Ό‘O’¬,35,31,-,-,-,4,-,396,377,-,-,-,19,-
1332,•“‡’¬,13,6,-,4,-,3,-,232,187,-,33,-,12,-
1333,’m“ΰ’¬,111,65,1,40,-,4,1,2137,1216,20,785,-,96,20
1334,–ΨΓ“ΰ’¬,22,22,-,-,-,-,-,319,319,-,-,-,-,-
1337,µ”Ρ’¬,9,4,-,2,-,3,-,241,121,-,19,-,101,-
1343,­•”’¬,6,4,-,1,-,1,-,36,31,-,2,-,3,-
1345,X’¬,13,13,-,-,-,-,-,170,170,-,-,-,-,-
1346,”ª‰_’¬,54,53,-,-,-,1,-,381,379,-,-,-,2,-
1347,’·–•”’¬,44,27,-,12,-,5,-,317,188,-,78,-,51,-
1361,]·’¬,56,56,-,-,-,-,-,561,561,-,-,-,-,-
1362,γƒm‘’¬,9,9,-,-,-,-,-,85,85,-,-,-,-,-
1363,ϊ‘ς•”’¬,19,19,-,-,-,-,-,236,236,-,-,-,-,-
1364,‰³•”’¬,49,46,1,2,-,-,-,579,550,10,19,-,-,-
1367,‰K’¬,3,3,-,-,-,-,-,3,3,-,-,-,-,-
1370,΅‹ΰ’¬,5,5,-,-,-,-,-,244,244,-,-,-,-,-
1371,‚Ή‚½‚Θ’¬,7,5,-,1,-,1,-,74,40,-,15,-,19,-
1391,“‡–q‘Ί,3,3,-,-,-,-,-,37,37,-,-,-,-,-
1392,υ“s’¬,11,11,-,-,-,-,-,117,117,-,-,-,-,-
1393,•Ό“ΰ’¬,8,6,1,-,-,1,-,91,72,9,-,-,10,-
1394,—–‰z’¬,54,54,-,-,-,-,-,171,171,-,-,-,-,-
1395,ƒjƒZƒR’¬,23,23,-,-,-,-,-,290,290,-,-,-,-,-
1396,^λ‘Ί,10,9,1,-,-,-,-,53,50,3,-,-,-,-
1397,—―υ“s‘Ί,7,7,-,-,-,-,-,45,45,-,-,-,-,-
1398,μ–Ξ•Κ’¬,2,2,-,-,-,-,-,21,21,-,-,-,-,-
1399,‹‹Ι’¬,4,4,-,-,-,-,-,186,186,-,-,-,-,-
1400,‹δ’mΐ’¬,49,3,-,46,-,-,-,661,16,-,645,-,-,-
1401,‹¤a’¬,7,5,-,2,-,-,-,25,23,-,2,-,-,-
1402,β“ΰ’¬,13,13,-,-,-,-,-,197,197,-,-,-,-,-
1403,”‘‘Ί,12,3,-,9,-,-,-,188,108,-,80,-,-,-
1404,_b“ΰ‘Ί,16,3,1,11,-,1,-,201,59,40,88,-,14,-
1405,Ο’O’¬,-,-,-,-,-,-,-,-,-,-,-,-,-,-
1406,Γ•½’¬,18,16,-,-,-,2,-,132,47,-,-,-,85,-
1407,m–Ψ’¬,-,-,-,-,-,-,-,-,-,-,-,-,-,-
1408,—]s’¬,11,7,-,-,-,4,-,25,12,-,-,-,13,-
1409,Τδμ‘Ί,-,-,-,-,-,-,-,-,-,-,-,-,-,-
1423,“μ–y’¬,9,9,-,-,-,-,-,228,228,-,-,-,-,-
1424,“ήδ]’¬,26,18,-,6,-,2,-,172,152,-,18,-,2,-
1425,γ»μ’¬,7,2,-,5,-,-,-,8,3,-,5,-,-,-
1427,—Rm’¬,57,57,-,-,-,-,-,1464,1464,-,-,-,-,-
1428,’·ΐ’¬,2,-,-,-,-,2,-,21,-,-,-,-,21,-
1429,IR’¬,26,26,-,-,-,-,-,225,225,-,-,-,-,-
1430,`’¬,50,26,1,20,-,3,-,232,118,12,95,-,7,-
1431,‰Y‰P’¬,-,-,-,-,-,-,-,-,-,-,-,-,-,-
1432,V\’Γμ’¬,15,9,-,-,-,6,-,212,84,-,-,-,128,-
1433,–…”w‹’¬,15,1,-,-,-,14,-,109,57,-,-,-,52,-
1434,’•ƒ•Κ’¬,23,11,5,-,-,7,-,565,352,65,-,-,148,-
1436,‰J—³’¬,5,2,-,2,-,1,-,134,115,-,15,-,4,-
1437,–k—³’¬,11,4,-,-,-,7,-,148,17,-,-,-,131,-
1438,ΐ“c’¬,20,20,-,-,-,-,-,203,203,-,-,-,-,-
1452,‘ι²’¬,3,-,3,-,-,-,-,46,-,46,-,-,-,-
1453,“_y’¬,30,-,-,-,-,30,-,2897,-,-,-,-,2897,-
1454,“––ƒ’¬,12,12,-,-,-,-,-,341,341,-,-,-,-,-
1455,”δ•z’¬,12,12,-,-,-,-,-,182,182,-,-,-,-,-
1456,¤•Κ’¬,4,4,-,-,-,-,-,5,5,-,-,-,-,-
1457,γμ’¬,21,13,-,3,-,5,-,74,43,-,12,-,19,-
1458,“μ’¬,2,-,-,2,-,-,-,45,-,-,45,-,-,-
1459,”ό‰l’¬,32,16,-,9,-,7,-,243,40,-,134,-,69,-
1460,γ•x—Η–μ’¬,1,1,-,-,-,-,-,4,4,-,-,-,-,-
1461,’†•x—Η–μ’¬,15,15,-,-,-,-,-,173,173,-,-,-,-,-
1462,“μ•x—Η–μ’¬,2,2,-,-,-,-,-,3,3,-,-,-,-,-
1463,θ¥‘Ί,6,-,1,1,1,2,1,131,-,12,12,80,13,14
1464,a¦’¬,4,-,-,-,-,4,-,5,-,-,-,-,5,-
1465,••£’¬,-,-,-,-,-,-,-,-,-,-,-,-,-,-
1468,‰Ίμ’¬,3,-,-,-,-,3,-,69,-,-,-,-,69,-
1469,”ό[’¬,21,21,-,-,-,-,-,262,262,-,-,-,-,-
1470,‰ΉΠq•{‘Ί,1,-,-,-,-,1,-,1,-,-,-,-,1,-
1471,’†μ’¬,14,13,-,-,-,1,-,45,30,-,-,-,15,-
1472,–y‰Α“ΰ’¬,-,-,-,-,-,-,-,-,-,-,-,-,-,-
1481,‘–Ρ’¬,2,2,-,-,-,-,-,17,17,-,-,-,-,-
1482,¬•½’¬,4,4,-,-,-,-,-,8,8,-,-,-,-,-
1483,“Ο‘O’¬,1,1,-,-,-,-,-,4,4,-,-,-,-,-
1484,‰H–y’¬,2,2,-,-,-,-,-,106,106,-,-,-,-,-
1485,‰R•Κ‘Ί,31,31,-,-,-,-,-,404,404,-,-,-,-,-
1486,‰“•Κ’¬,6,3,-,-,-,3,-,176,32,-,-,-,144,-
1487,“V‰–’¬,21,4,-,-,-,17,-,376,79,-,-,-,297,-
1511,‰•¥‘Ί,35,35,-,-,-,-,-,35,35,-,-,-,-,-
1512,•l“Ϊ•Κ’¬,53,53,-,-,-,-,-,471,471,-,-,-,-,-
1513,’†“Ϊ•Κ’¬,57,55,2,-,-,-,-,233,220,13,-,-,-,-
1514,}K’¬,37,37,-,-,-,-,-,302,302,-,-,-,-,-
1516,–L•x’¬,17,17,-,-,-,-,-,345,345,-,-,-,-,-
1517,—η•¶’¬,8,8,-,-,-,-,-,181,181,-,-,-,-,-
1518,—K’¬,2,2,-,-,-,-,-,20,20,-,-,-,-,-
1519,—K•xm’¬,4,4,-,-,-,-,-,20,20,-,-,-,-,-
1520,–y‰„’¬,23,23,-,-,-,-,-,248,248,-,-,-,-,-
1543,”ό–y’¬,13,8,-,-,-,5,-,103,71,-,-,-,32,-
1544,’Γ•Κ’¬,2,-,-,-,-,2,-,61,-,-,-,-,61,-
1545,Ξ—Ά’¬,2,2,-,-,-,-,-,115,115,-,-,-,-,-
1546,΄—Ά’¬,73,57,-,-,-,16,-,226,205,-,-,-,21,-
1547,¬΄…’¬,7,2,-,1,-,4,-,169,11,-,36,-,122,-
1549,Pq•{’¬,-,-,-,-,-,-,-,-,-,-,-,-,-,-
1550,’uΛ’¬,9,9,-,-,-,-,-,225,225,-,-,-,-,-
1552,²CΤ’¬,2,2,-,-,-,-,-,85,85,-,-,-,-,-
1555,‰“y’¬,69,41,-,4,-,22,2,1729,812,-,91,-,413,413
1559,—N•Κ’¬,5,4,1,-,-,-,-,10,9,1,-,-,-,-
1560,‘κγ’¬,55,54,1,-,-,-,-,836,814,22,-,-,-,-
1561,‹»•”’¬,73,4,2,67,-,-,-,572,62,14,496,-,-,-
1562,Ό‹»•”‘Ί,-,-,-,-,-,-,-,-,-,-,-,-,-,-
1563,—Y•’¬,10,7,2,1,-,-,-,100,77,10,13,-,-,-
1564,‘ε‹σ’¬,1,1,-,-,-,-,-,27,27,-,-,-,-,-
1571,–L‰Y’¬,11,10,1,-,-,-,-,105,93,12,-,-,-,-
1575,‘s•Λ’¬,2,-,-,2,-,-,-,7,-,-,7,-,-,-
1578,”’V’¬,19,19,-,-,-,-,-,336,336,-,-,-,-,-
1581,ϊ^’¬,33,29,1,-,-,3,-,492,439,25,-,-,28,-
1584,“΄–κΞ’¬,25,11,-,8,-,6,-,402,184,-,90,-,128,-
1585,ΐ•½’¬,9,9,-,-,-,-,-,93,93,-,-,-,-,-
1586,‚ή‚©‚ν’¬,3,3,-,-,-,-,-,43,43,-,-,-,-,-
1601,“ϊ‚’¬,15,15,-,-,-,-,-,83,83,-,-,-,-,-
1602,•½ζ’¬,21,4,11,2,-,4,-,341,48,108,64,-,121,-
1604,V¥’¬,21,5,4,10,-,2,-,117,44,48,21,-,4,-
1607,‰Y‰Ν’¬,11,8,3,-,-,-,-,184,142,42,-,-,-,-
1608,—l—’¬,8,8,-,-,-,-,-,76,76,-,-,-,-,-
1609,‚¦‚θ‚ΰ’¬,-,-,-,-,-,-,-,-,-,-,-,-,-,-
1610,V‚Π‚Ύ‚©’¬,11,11,-,-,-,-,-,388,388,-,-,-,-,-
1631,‰ΉX’¬,23,23,-,-,-,-,-,390,390,-,-,-,-,-
1632,m–y’¬,37,37,-,-,-,-,-,440,440,-,-,-,-,-
1633,γm–y’¬,13,-,-,-,-,13,-,918,-,-,-,-,918,-
1634,­’Η’¬,84,47,3,34,-,-,-,1847,1058,28,761,-,-,-
1635,V“Ύ’¬,2,2,-,-,-,-,-,2,2,-,-,-,-,-
1636,΄…’¬,10,10,-,-,-,-,-,41,41,-,-,-,-,-
1637,‰θΊ’¬,7,7,-,-,-,-,-,156,156,-,-,-,-,-
1638,’†D“ΰ‘Ί,9,9,-,-,-,-,-,490,490,-,-,-,-,-
1639,X•Κ‘Ί,-,-,-,-,-,-,-,-,-,-,-,-,-,-
1641,‘εχ’¬,79,79,-,-,-,-,-,302,302,-,-,-,-,-
1642,L”φ’¬,12,6,-,1,-,5,-,272,72,-,8,-,192,-
1643,–‹•Κ’¬,29,15,-,3,-,11,-,235,143,-,14,-,78,-
1644,’r“c’¬,20,-,-,-,-,20,-,435,-,-,-,-,435,-
1645,–L ’¬,-,-,-,-,-,-,-,-,-,-,-,-,-,-
1646,–{•Κ’¬,6,4,-,1,-,1,-,199,193,-,4,-,2,-
1647,‘«ρ’¬,26,11,3,10,-,2,-,745,523,46,124,-,52,-
1648,—¤•Κ’¬,19,17,-,-,-,2,-,205,197,-,-,-,8,-
1649,‰Y–y’¬,4,4,-,-,-,-,-,33,33,-,-,-,-,-
1661,‹ϊH’¬,25,23,-,-,-,1,1,146,131,-,-,-,11,4
1662,ϊέ’¬,32,16,-,-,-,16,-,212,106,-,-,-,106,-
1663,•l’†’¬,14,14,-,-,-,-,-,173,173,-,-,-,-,-
1664,•W’ƒ’¬,52,31,-,3,-,18,-,514,348,-,18,-,148,-
1665,’νq‹ό’¬,19,16,-,-,-,3,-,467,426,-,-,-,41,-
1667,’ί‹‘Ί,6,6,-,-,-,-,-,31,31,-,-,-,-,-
1668,”’f’¬,8,4,-,-,-,4,-,69,38,-,-,-,31,-
1691,•ΚC’¬,64,64,-,-,-,-,-,999,999,-,-,-,-,-
1692,’†•W’Γ’¬,6,5,-,-,-,1,-,13,11,-,-,-,2,-
1693,•W’Γ’¬,3,2,-,-,-,1,-,26,25,-,-,-,1,-
1694,—…‰P’¬,-,-,-,-,-,-,-,-,-,-,-,-,-,-
2000,ΒX§,2260,1636,85,140,43,342,14,31003,23307,1228,1245,786,3949,488
2201,ΒXs,168,114,4,12,4,32,2,1456,888,49,92,36,373,18
2202,O‘Os,105,79,3,-,2,20,1,2029,1854,13,-,63,96,3
2203,”ªΛs,118,112,4,-,1,-,1,3493,3056,183,-,157,-,97
2204,•Ξs,136,133,-,-,1,1,1,374,369,-,-,2,1,2
2205,άμ΄s,41,35,1,1,1,3,-,712,634,19,3,8,48,-
2206,\a“cs,56,35,1,7,-,13,-,836,659,22,11,-,144,-
2207,O‘ςs,42,33,1,1,-,7,-,106,69,1,1,-,35,-
2208,‚ή‚Βs,191,188,-,2,1,-,-,5692,5538,-,34,120,-,-
2209,‚Β‚ª‚ιs,85,68,4,2,-,10,1,1036,784,67,43,-,75,67
2210,•½μs,14,5,-,-,-,8,1,437,99,-,-,-,280,58
2301,•½“ΰ’¬,84,82,1,-,1,-,-,317,313,1,-,3,-,-
2303,΅•Κ’¬,7,1,1,2,-,2,1,57,22,6,13,-,10,6
2304,–H“c‘Ί,8,7,1,-,-,-,-,13,11,2,-,-,-,-
2307,Oƒ–•l’¬,34,12,1,9,4,8,-,325,61,8,118,88,50,-
2321,ιΛƒP‘ς’¬,19,5,-,10,-,4,-,130,69,-,22,-,39,-
2323,[‰Y’¬,-,-,-,-,-,-,-,-,-,-,-,-,-,-
2343,Ό–Ϊ‰®‘Ί,2,2,-,-,-,-,-,37,37,-,-,-,-,-
2361,“΅θ’¬,12,10,1,-,1,-,-,193,128,64,-,1,-,-
2362,‘εk’¬,19,9,-,2,-,8,-,112,30,-,3,-,79,-
2367,“cΙΩ‘Ί,43,34,-,-,-,7,2,908,790,-,-,-,62,56
2381,”Β–φ’¬,14,6,1,1,1,4,1,857,419,56,66,52,178,86
2384,’ί“c’¬,89,86,-,2,-,-,1,1017,863,-,99,-,-,55
2387,’†”‘’¬,67,18,1,14,6,28,-,1404,445,8,131,132,688,-
2401,–μ•Σ’n’¬,22,3,-,-,-,19,-,270,68,-,-,-,202,-
2402,µΛ’¬,5,3,-,2,-,-,-,41,14,-,27,-,-,-
2405,ZΛ’¬,26,16,-,7,-,3,-,371,230,-,117,-,24,-
2406,‰΅•l’¬,30,4,3,2,-,21,-,162,24,20,2,-,116,-
2408,“–k’¬,61,36,-,-,-,25,-,482,313,-,-,-,169,-
2411,ZƒP‘Ί,91,78,1,-,-,12,-,534,499,4,-,-,31,-
2412,‚¨‚Ά‚η‚Ή’¬,81,67,5,-,-,7,2,1370,1162,112,-,-,56,40
2423,‘εΤ’¬,29,26,-,-,1,2,-,426,404,-,-,5,17,-
2424,“’Κ‘Ί,162,50,30,3,-,79,-,2217,799,462,14,-,942,-
2425,•—Τ‰Y‘Ί,22,22,-,-,-,-,-,567,567,-,-,-,-,-
2426,²δ‘Ί,5,5,-,-,-,-,-,28,28,-,-,-,-,-
2441,OΛ’¬,263,174,18,41,19,11,-,1898,1180,104,288,119,207,-
2442,άΛ’¬,8,8,-,-,-,-,-,220,220,-,-,-,-,-
2443,“cq’¬,38,36,1,-,-,1,-,99,82,15,-,-,2,-
2445,“μ•”’¬,53,24,2,20,-,7,-,400,202,12,161,-,25,-
2446,Kγ’¬,3,3,-,-,-,-,-,350,350,-,-,-,-,-
2450,V‹½‘Ί,7,7,-,-,-,-,-,27,27,-,-,-,-,-
3000,βθ§,2108,1358,111,418,4,211,6,16348,11854,484,1711,22,2263,14
3201,·‰ªs,235,164,7,51,-,13,-,1459,1242,16,153,-,48,-
3202,‹{Γs,51,15,4,9,3,20,-,159,71,26,15,5,42,-
3203,‘ε‘D“ns,20,14,-,2,-,4,-,90,73,-,4,-,13,-
3205,‰Τªs,68,59,-,-,-,9,-,1467,915,-,-,-,552,-
3206,–kγs,37,24,5,-,-,8,-,1409,814,243,-,-,352,-
3207,‹vs,23,23,-,-,-,-,-,294,294,-,-,-,-,-
3208,‰“–μs,239,60,-,179,-,-,-,1319,608,-,711,-,-,-
3209,κΦs,226,156,40,24,-,-,6,999,727,103,155,-,-,14
3210,—¤‘O‚“cs,55,50,-,4,-,1,-,887,848,-,28,-,11,-
3211,Ξs,13,3,6,-,-,4,-,42,8,29,-,-,5,-
3213,“ρΛs,188,96,8,81,-,3,-,643,366,12,261,-,4,-
3214,”ª”¦•½s,12,12,-,-,-,-,-,36,36,-,-,-,-,-
3215,‰Bs,102,46,25,16,-,15,-,384,260,29,52,-,43,-
3216,‘κ‘ςs,31,28,1,-,-,2,-,165,158,3,-,-,4,-
3301,΄Ξ’¬,11,11,-,-,-,-,-,199,199,-,-,-,-,-
3302,‹ª’¬,8,4,-,-,-,4,-,110,38,-,-,-,72,-
3303,βθ’¬,127,101,14,4,-,8,-,928,849,22,7,-,50,-
3321,‡”g’¬,2,2,-,-,-,-,-,63,63,-,-,-,-,-
3322,–ξ‹Π’¬,20,17,-,1,-,2,-,439,315,-,10,-,114,-
3366,Όa‰κ’¬,104,49,-,6,-,49,-,397,194,-,9,-,194,-
3381,‹ΰƒPθ’¬,2,2,-,-,-,-,-,25,25,-,-,-,-,-
3402,•½ς’¬,18,18,-,-,-,-,-,526,526,-,-,-,-,-
3441,Z“c’¬,178,154,-,24,-,-,-,1303,1056,-,247,-,-,-
3461,‘ε’Ζ’¬,3,2,-,-,-,1,-,c,c,-,-,-,c,-
3482,R“c’¬,68,18,-,1,1,48,-,781,221,-,17,17,526,-
3483,βς’¬,23,23,-,-,-,-,-,232,232,-,-,-,-,-
3484,“c–μ”¨‘Ί,72,72,-,-,-,-,-,366,366,-,-,-,-,-
3485,•‘γ‘Ί,39,23,-,16,-,-,-,262,220,-,42,-,-,-
3501,y•Δ’¬,-,-,-,-,-,-,-,-,-,-,-,-,-,-
3503,–μ“c‘Ί,50,49,-,-,-,1,-,432,411,-,-,-,21,-
3506,‹γΛ‘Ί,37,19,-,-,-,18,-,664,467,-,-,-,197,-
3507,—m–μ’¬,39,39,-,-,-,-,-,246,246,-,-,-,-,-
3524,κΛ’¬,7,5,1,-,-,1,-,22,6,1,-,-,15,-
4000,‹{ι§,2282,1790,296,74,-,114,8,37254,28716,3918,1305,-,3186,129
4100,ε‘δs,57,46,7,-,-,4,-,482,300,132,-,-,50,-
4202,Ξªs,260,243,16,1,-,-,-,3770,3615,150,5,-,-,-
4203,‰––s,95,95,-,-,-,-,-,4742,4742,-,-,-,-,-
4205,‹Cεΐs,30,24,6,-,-,-,-,163,121,42,-,-,-,-
4206,”’Ξs,25,24,1,-,-,-,-,43,42,1,-,-,-,-
4207,–Όζs,63,4,17,-,-,42,-,2380,144,613,-,-,1623,-
4208,p“cs,56,33,19,-,-,4,-,510,430,73,-,-,7,-
4209,‘½‰κιs,24,21,3,-,-,-,-,136,116,20,-,-,-,-
4211,βΐs,197,184,-,-,-,13,-,4534,3986,-,-,-,548,-
4212,“o•Δs,150,146,3,-,-,-,1,1155,1086,68,-,-,-,1
4213,I΄s,307,258,34,1,-,13,1,6723,5397,935,10,-,373,8
4214,“Ό“‡s,22,22,-,-,-,-,-,484,484,-,-,-,-,-
4215,‘εθs,455,282,155,4,-,14,-,4077,2364,1413,43,-,257,-
4216,•x’Js,29,29,-,-,-,-,-,256,256,-,-,-,-,-
4301,‘ ‰¤’¬,12,12,-,-,-,-,-,203,203,-,-,-,-,-
4302,µƒPh’¬,-,-,-,-,-,-,-,-,-,-,-,-,-,-
4321,‘ε‰Ν΄’¬,23,21,1,-,-,1,-,76,72,1,-,-,3,-
4322,‘Ί“c’¬,48,48,-,-,-,-,-,2237,2237,-,-,-,-,-
4323,Δ“c’¬,50,50,-,-,-,-,-,299,299,-,-,-,-,-
4324,μθ’¬,15,-,15,-,-,-,-,208,-,208,-,-,-,-
4341,ΫX’¬,23,23,-,-,-,-,-,49,49,-,-,-,-,-
4361,j—’¬,26,26,-,-,-,-,-,80,80,-,-,-,-,-
4362,R³’¬,24,24,-,-,-,-,-,565,565,-,-,-,-,-
4401,Ό“‡’¬,57,41,6,2,-,7,1,278,173,31,14,-,58,2
4404,µƒP•l’¬,11,11,-,-,-,-,-,176,176,-,-,-,-,-
4406,—•{’¬,21,18,1,2,-,-,-,439,382,14,43,-,-,-
4421,‘εa’¬,35,9,-,9,-,13,4,506,120,-,186,-,166,34
4422,‘ε‹½’¬,5,3,-,1,-,1,-,92,37,-,15,-,40,-
4424,‘εt‘Ί,21,21,-,-,-,-,-,187,187,-,-,-,-,-
4444,F–ƒ’¬,23,23,-,-,-,-,-,168,168,-,-,-,-,-
4445,‰Α”ό’¬,79,32,9,36,-,1,1,1758,799,174,668,-,33,84
4501,—O’J’¬,15,2,2,11,-,-,-,352,34,42,276,-,-,-
4505,”ό—Ά’¬,14,5,1,7,-,1,-,101,27,1,45,-,28,-
4581,—μ’¬,8,8,-,-,-,-,-,13,13,-,-,-,-,-
4606,“μO—¤’¬,2,2,-,-,-,-,-,12,12,-,-,-,-,-
5000,H“c§,1688,821,26,743,1,95,2,19455,12108,596,5342,3,1370,36
5201,H“cs,59,58,1,-,-,-,-,1194,1150,44,-,-,-,-
5202,”\‘γs,105,97,-,2,1,5,-,512,497,-,7,3,5,-
5203,‰΅θs,212,96,2,111,-,3,-,531,341,3,168,-,19,-
5204,‘εΩs,21,19,2,-,-,-,-,2538,2456,82,-,-,-,-
5206,’j­s,9,6,-,3,-,-,-,70,47,-,23,-,-,-
5207,“’‘ςs,86,84,-,-,-,2,-,1193,1168,-,-,-,25,-
5209,­ps,24,17,-,3,-,4,-,185,152,-,5,-,28,-
5210,—R—–{‘‘s,27,25,-,2,-,-,-,329,284,-,45,-,-,-
5211,ƒγs,35,30,1,-,-,2,2,621,536,20,-,-,29,36
5212,‘εεs,10,9,-,1,-,-,-,58,54,-,4,-,-,-
5213,–kH“cs,675,97,1,560,-,17,-,6725,2207,42,4033,-,443,-
5214,‚Ι‚©‚Ωs,34,34,-,-,-,-,-,746,746,-,-,-,-,-
5215,ε–ks,35,24,3,3,-,5,-,76,52,7,12,-,5,-
5303,¬β’¬,16,6,-,-,-,10,-,315,185,-,-,-,130,-
5327,γ¬Άm‘Ί,-,-,-,-,-,-,-,-,-,-,-,-,-,-
5346,“΅—Ά’¬,4,4,-,-,-,-,-,66,66,-,-,-,-,-
5348,Oν’¬,26,23,3,-,-,-,-,48,26,22,-,-,-,-
5349,”ª•τ’¬,2,2,-,-,-,-,-,2,2,-,-,-,-,-
5361,άι–Ϊ’¬,14,11,-,2,-,1,-,142,92,-,46,-,4,-
5363,”ªYƒ’¬,29,22,6,-,-,1,-,729,484,187,-,-,58,-
5366,δμ’¬,57,19,4,27,-,7,-,902,308,92,236,-,266,-
5368,‘εƒ‘Ί,42,34,2,-,-,6,-,413,329,9,-,-,75,-
5434,”ό‹½’¬,6,-,-,-,-,6,-,81,-,-,-,-,81,-
5463,‰Hγ’¬,88,58,1,29,-,-,-,1453,602,88,763,-,-,-
5464,“¬£‘Ί,72,46,-,-,-,26,-,526,324,-,-,-,202,-
6000,R`§,1713,1192,68,144,9,269,31,26264,18115,1273,2264,26,4203,383
6201,R`s,32,20,-,4,-,8,-,1046,999,-,36,-,11,-
6202,•Δ‘ςs,29,25,-,-,-,2,2,105,96,-,-,-,3,6
6203,’ί‰ªs,506,297,23,75,-,106,5,10122,5363,367,1765,-,2529,98
6204,π“cs,106,51,24,-,-,29,2,1965,603,828,-,-,513,21
6205,V―s,29,25,-,4,-,-,-,877,816,-,61,-,-,-
6206,¦‰Ν]s,24,11,-,-,8,5,-,167,129,-,-,25,13,-
6207,γRs,14,-,-,-,-,14,-,31,-,-,-,-,31,-
6208,‘ΊRs,102,98,1,-,-,3,-,1590,1384,13,-,-,193,-
6209,’·δs,-,-,-,-,-,-,-,-,-,-,-,-,-,-
6210,“V“¶s,49,29,2,1,-,17,-,235,178,4,3,-,50,-
6211,“ªs,23,23,-,-,-,-,-,859,859,-,-,-,-,-
6212,”φ‰Τ‘ςs,38,38,-,-,-,-,-,1139,1139,-,-,-,-,-
6213,“μ—zs,15,15,-,-,-,-,-,70,70,-,-,-,-,-
6301,R•Σ’¬,2,-,-,-,-,2,-,22,-,-,-,-,22,-
6302,’†R’¬,35,33,1,-,-,1,-,865,840,3,-,-,22,-
6321,‰Ν–k’¬,31,29,-,-,-,2,-,197,195,-,-,-,2,-
6322,Όμ’¬,24,24,-,-,-,-,-,409,409,-,-,-,-,-
6323,’©“ϊ’¬,24,24,-,-,-,-,-,592,592,-,-,-,-,-
6324,‘ε]’¬,4,-,1,-,-,3,-,10,-,2,-,-,8,-
6341,‘εΞ“c’¬,11,8,-,3,-,-,-,138,117,-,21,-,-,-
6361,‹ΰR’¬,40,20,-,-,-,-,20,496,248,-,-,-,-,248
6362,Εγ’¬,11,4,-,3,1,3,-,19,5,-,6,1,7,-
6363,M`’¬,21,21,-,-,-,-,-,293,293,-,-,-,-,-
6364,^Ίμ’¬,54,51,-,-,-,3,-,659,601,-,-,-,58,-
6365,‘ε‘ ‘Ί,50,1,-,-,-,49,-,895,250,-,-,-,645,-
6366,ψμ‘Ί,52,52,-,-,-,-,-,218,218,-,-,-,-,-
6367,Λ‘ς‘Ί,31,29,-,-,-,-,2,203,193,-,-,-,-,10
6381,‚”©’¬,3,3,-,-,-,-,-,55,55,-,-,-,-,-
6382,μΌ’¬,25,25,-,-,-,-,-,30,30,-,-,-,-,-
6401,¬‘’¬,52,52,-,-,-,-,-,701,701,-,-,-,-,-
6402,”’‘ι’¬,113,61,1,45,-,6,-,1613,1221,6,320,-,66,-
6403,”Ρ–L’¬,21,21,-,-,-,-,-,97,97,-,-,-,-,-
6426,Oμ’¬,76,63,-,-,-,13,-,310,288,-,-,-,22,-
6428,―“ΰ’¬,9,9,-,-,-,-,-,9,9,-,-,-,-,-
6461,—V²’¬,57,30,15,9,-,3,-,227,117,50,52,-,8,-
7000,•“‡§,2222,1304,97,496,2,294,29,31583,20337,1497,4808,19,3695,1227
7201,•“‡s,137,137,-,-,-,-,-,3125,3125,-,-,-,-,-
7202,‰ο’ΓαΌs,10,10,-,-,-,-,-,147,147,-,-,-,-,-
7203,SRs,123,74,27,14,2,6,-,2671,1766,497,284,19,105,-
7204,‚Ά‚ν‚«s,199,182,1,-,-,16,-,1316,1285,3,-,-,28,-
7205,”’‰Νs,66,8,-,48,-,10,-,133,12,-,93,-,28,-
7207,{‰κμs,41,41,-,-,-,-,-,1343,1343,-,-,-,-,-
7208,μ‘½•ϋs,8,3,-,-,-,5,-,281,189,-,-,-,92,-
7209,‘”ns,9,3,-,-,-,6,-,76,48,-,-,-,28,-
7210,“ρ–{Όs,34,5,3,9,-,17,-,117,43,32,17,-,25,-
7211,“c‘Ίs,3,-,-,2,-,1,-,63,-,-,27,-,36,-
7212,“μ‘”ns,38,38,-,-,-,-,-,523,523,-,-,-,-,-
7213,Ι’Bs,42,42,-,-,-,-,-,259,259,-,-,-,-,-
7214,–{‹{s,70,70,-,-,-,-,-,1412,1412,-,-,-,-,-
7301,Kά’¬,106,58,-,-,-,47,1,1007,714,-,-,-,256,37
7303,‘©’¬,48,48,-,-,-,-,-,507,507,-,-,-,-,-
7308,μ–“’¬,73,3,-,58,-,12,-,1179,42,-,938,-,199,-
7322,‘ε‹Κ‘Ί,45,30,-,7,-,2,6,977,706,-,139,-,99,33
7342,‹ΎΞ’¬,42,31,-,7,-,4,-,893,716,-,120,-,57,-
7344,“V‰h‘Ί,29,28,1,-,-,-,-,1160,910,250,-,-,-,-
7362,‰Ί‹½’¬,11,4,3,-,-,4,-,141,56,42,-,-,43,-
7364,w}ς‘Ί,72,-,-,72,-,-,-,171,-,-,171,-,-,-
7367,‘ό©’¬,63,52,11,-,-,-,-,1209,889,320,-,-,-,-
7368,“μ‰ο’Γ’¬,32,16,-,-,-,16,-,706,56,-,-,-,650,-
7402,–k‰–΄‘Ί,-,-,-,-,-,-,-,-,-,-,-,-,-,-
7405,Ό‰ο’Γ’¬,34,33,-,-,-,1,-,188,187,-,-,-,1,-
7407,”Φ’ς’¬,54,17,1,24,-,12,-,721,278,10,231,-,202,-
7408,’–•c‘γ’¬,1,-,-,-,-,1,-,13,-,-,-,-,13,-
7421,‰ο’Γβ‰Ί’¬,9,9,-,-,-,-,-,116,116,-,-,-,-,-
7422,“’μ‘Ί,5,-,-,-,-,5,-,20,-,-,-,-,20,-
7423,–φ’Γ’¬,-,-,-,-,-,-,-,-,-,-,-,-,-,-
7444,O“‡’¬,8,-,3,5,-,-,-,69,-,33,36,-,-,-
7445,‹ΰR’¬,5,5,-,-,-,-,-,85,85,-,-,-,-,-
7446,Ίa‘Ί,10,10,-,-,-,-,-,52,52,-,-,-,-,-
7447,‰ο’Γ”ό—Ά’¬,12,12,-,-,-,-,-,18,18,-,-,-,-,-
7461,Ό‹½‘Ί,24,-,-,24,-,-,-,550,-,-,550,-,-,-
7464,ςθ‘Ί,-,-,-,-,-,-,-,-,-,-,-,-,-,-
7465,’†“‡‘Ί,-,-,-,-,-,-,-,-,-,-,-,-,-,-
7466,–ξ’¬,-,-,-,-,-,-,-,-,-,-,-,-,-,-
7481,’I‘q’¬,61,15,18,11,-,16,1,678,296,21,196,-,139,26
7482,–ξΥ’¬,8,-,-,-,-,-,8,833,-,-,-,-,-,833
7483,”·’¬,18,-,-,-,-,18,-,176,-,-,-,-,176,-
7484,Lμ‘Ί,8,8,-,-,-,-,-,93,93,-,-,-,-,-
7501,Ξμ’¬,6,6,-,-,-,-,-,76,76,-,-,-,-,-
7502,‹Κμ‘Ί,38,24,-,-,-,14,-,485,238,-,-,-,247,-
7503,•½“c‘Ί,43,21,-,-,-,21,1,1087,436,-,-,-,566,85
7504,σμ’¬,8,5,-,1,-,2,-,162,50,-,18,-,94,-
7505,Γ“a’¬,14,11,1,-,-,2,-,195,126,24,-,-,45,-
7521,Ot’¬,48,48,-,-,-,-,-,649,649,-,-,-,-,-
7522,¬–μ’¬,-,-,-,-,-,-,-,-,-,-,-,-,-,-
7541,L–μ’¬,22,17,-,-,-,5,-,246,161,-,-,-,85,-
7542,“θ—t’¬,17,15,2,-,-,-,-,258,247,11,-,-,-,-
7543,•x‰ª’¬,79,33,16,12,-,17,1,934,478,165,116,-,166,9
7544,μ“ΰ‘Ί,-,-,-,-,-,-,-,-,-,-,-,-,-,-
7545,‘εF’¬,35,35,-,-,-,-,-,416,416,-,-,-,-,-
7546,‘o—t’¬,39,15,-,12,-,12,-,310,113,-,122,-,75,-
7547,Q]’¬,225,31,-,184,-,-,10,2758,872,-,1694,-,-,192
7548,‹”φ‘Ί,77,45,9,-,-,22,1,687,390,65,-,-,220,12
7561,V’n’¬,13,6,1,6,-,-,-,292,212,24,56,-,-,-
7564,”ΡΪ‘Ί,-,-,-,-,-,-,-,-,-,-,-,-,-,-
8000,οι§,2143,1440,102,255,-,344,2,38436,27205,1333,4980,-,4903,15
8201,…Λs,6,3,3,-,-,-,-,443,200,243,-,-,-,-
8202,“ϊ—§s,103,88,5,2,-,8,-,542,431,45,11,-,55,-
8203,“y‰Ys,76,51,8,15,-,2,-,1166,483,111,548,-,24,-
8204,Γ‰Νs,71,8,-,-,-,62,1,1303,212,-,-,-,1077,14
8205,Ξ‰ªs,86,32,-,54,-,-,-,3915,3574,-,341,-,-,-
8207,‹ιs,31,25,1,-,-,5,-,881,836,3,-,-,42,-
8208,—΄ƒPθs,9,-,2,1,-,6,-,51,-,10,8,-,33,-
8210,‰ΊΘs,58,32,3,20,-,3,-,2211,1629,92,358,-,132,-
8211,ν‘s,5,-,2,-,-,3,-,126,-,41,-,-,85,-
8212,ν—¤‘Ύ“cs,27,15,-,12,-,-,-,395,283,-,112,-,-,-
8214,‚”‹s,7,7,-,-,-,-,-,531,531,-,-,-,-,-
8215,–kοιs,52,40,2,3,-,7,-,709,564,15,32,-,98,-
8216,}Τs,48,20,5,-,-,23,-,700,307,66,-,-,327,-
8217,ζθs,28,18,1,2,-,7,-,897,457,138,74,-,228,-
8219,‹‹vs,5,2,-,1,-,1,1,12,7,-,2,-,2,1
8220,‚Β‚­‚Ξs,316,198,20,47,-,51,-,3969,1572,32,2173,-,192,-
8221,‚Π‚½‚Ώ‚Θ‚©s,19,17,-,-,-,2,-,142,128,-,-,-,14,-
8222,­“s,4,-,-,-,-,4,-,35,-,-,-,-,35,-
8223,’ª—s,19,17,-,-,-,2,-,704,421,-,-,-,283,-
8224,η’Js,329,313,-,8,-,8,-,2032,1838,-,140,-,54,-
8225,ν—¤‘ε‹{s,8,5,-,-,-,3,-,23,16,-,-,-,7,-
8226,“ί‰Οs,4,-,1,1,-,2,-,214,-,74,62,-,78,-
8227,’}Όs,13,-,3,-,-,10,-,281,-,86,-,-,195,-
8228,β“s,78,66,1,-,-,11,-,3303,3129,2,-,-,172,-
8229,ξ•~s,6,2,-,2,-,2,-,130,40,-,31,-,59,-
8230,‚©‚·‚έ‚ª‚¤‚η,18,18,-,-,-,-,-,86,86,-,-,-,-,-
8231,χμs,7,6,1,-,-,-,-,336,312,24,-,-,-,-
8232,_²s,12,8,-,2,-,2,-,78,41,-,32,-,5,-
8233,s•ϋs,26,8,-,8,-,10,-,447,213,-,106,-,128,-
8234,–g“cs,144,96,-,10,-,38,-,5286,4909,-,101,-,276,-
8235,‚Β‚­‚Ξ‚έ‚η‚Ά,16,16,-,-,-,-,-,155,155,-,-,-,-,-
8236,¬”ό‹Κs,31,25,-,-,-,6,-,383,344,-,-,-,39,-
8302,οι’¬,52,38,8,-,-,6,-,448,256,168,-,-,24,-
8309,‘ετ’¬,43,-,-,42,-,1,-,281,-,-,280,-,1,-
8310,ι—Ά’¬,93,73,-,20,-,-,-,1376,965,-,411,-,-,-
8341,“C‘Ί,34,34,-,-,-,-,-,361,361,-,-,-,-,-
8364,‘εq’¬,57,53,1,1,-,2,-,196,191,2,1,-,2,-
8442,”ό‰Y‘Ί,21,18,-,-,-,3,-,226,207,-,-,-,19,-
8443,Ά©’¬,72,60,-,-,-,12,-,2366,1860,-,-,-,506,-
8447,‰Ν“ΰ’¬,4,2,-,2,-,-,-,144,72,-,72,-,-,-
8521,”ªη‘γ’¬,26,15,-,2,-,9,-,680,397,-,85,-,198,-
8542,ά‰ΰ’¬,29,-,-,-,-,29,-,433,-,-,-,-,433,-
8546,‹«’¬,4,4,-,-,-,-,-,65,65,-,-,-,-,-
8564,—ª’¬,46,7,35,-,-,4,-,374,113,181,-,-,80,-
9000,“Θ–Ψ§,1230,1017,41,85,-,85,2,19611,16306,429,1214,-,1654,8
9201,‰F“s‹{s,219,174,11,27,-,6,1,929,778,41,37,-,71,2
9202,‘«—s,53,53,-,-,-,-,-,3594,3594,-,-,-,-,-
9203,“Θ–Ψs,41,37,4,-,-,-,-,250,226,24,-,-,-,-
9204,²–μs,6,6,-,-,-,-,-,8,8,-,-,-,-,-
9205,­ΐs,95,44,7,21,-,23,-,1967,1035,203,376,-,353,-
9206,“ϊυs,55,49,1,-,-,5,-,357,330,9,-,-,18,-
9208,¬Rs,34,28,-,-,-,6,-,484,285,-,-,-,199,-
9209,^‰ªs,207,204,1,-,-,1,1,2633,2617,4,-,-,6,6
9210,‘ε“c΄s,28,27,1,-,-,-,-,799,785,14,-,-,-,-
9211,–ξ”Βs,11,8,-,-,-,3,-,169,159,-,-,-,10,-
9213,“ί{‰–΄s,44,44,-,-,-,-,-,664,664,-,-,-,-,-
9214,‚³‚­‚ηs,7,2,2,1,-,2,-,74,29,11,11,-,23,-
9215,“ί{‰GRs,14,10,1,-,-,3,-,294,198,19,-,-,77,-
9216,‰Ί–μs,8,3,-,3,-,2,-,16,9,-,3,-,4,-
9301,γOμ’¬,34,34,-,-,-,-,-,560,560,-,-,-,-,-
9342,‰vq’¬,44,29,1,2,-,12,-,2720,2054,70,25,-,571,-
9343,–Ξ–Ψ’¬,35,23,1,11,-,-,-,519,380,10,129,-,-,-
9344,sL’¬,-,-,-,-,-,-,-,-,-,-,-,-,-,-
9345,–F‰κ’¬,83,83,-,-,-,-,-,437,437,-,-,-,-,-
9361,p¶’¬,42,31,-,-,-,11,-,779,558,-,-,-,221,-
9364,–μ–Ψ’¬,96,68,-,20,-,8,-,1368,656,-,633,-,79,-
9384,‰–’J’¬,3,-,-,-,-,3,-,22,-,-,-,-,22,-
9386,‚ª‘ς’¬,22,11,11,-,-,-,-,154,130,24,-,-,-,-
9407,“ί{’¬,18,18,-,-,-,-,-,122,122,-,-,-,-,-
9411,“ί‰Ομ’¬,31,31,-,-,-,-,-,692,692,-,-,-,-,-
10000,Q”n§,1604,980,62,309,29,223,1,17422,10985,626,2749,305,2731,26
10201,‘O‹΄s,390,182,16,172,16,4,-,3387,1843,101,1247,179,17,-
10202,‚θs,180,133,4,35,5,2,1,1080,806,57,141,6,44,26
10203,‹Λ¶s,126,89,1,-,-,36,-,519,100,3,-,-,416,-
10204,Ι¨θs,31,21,5,-,-,5,-,558,476,43,-,-,39,-
10205,‘Ύ“cs,18,4,4,5,-,5,-,670,289,31,302,-,48,-
10206,ΐ“cs,97,90,1,1,-,5,-,712,673,3,1,-,35,-
10207,Ω—Ρs,30,22,1,-,-,7,-,489,216,1,-,-,272,-
10208,aμs,5,1,-,-,-,4,-,34,30,-,-,-,4,-
10209,“΅‰ªs,26,16,1,5,-,4,-,1018,751,11,82,-,174,-
10210,•x‰ªs,88,44,-,42,-,2,-,1248,695,-,541,-,12,-
10211,ΐ’†s,31,19,4,6,-,2,-,296,144,31,91,-,30,-
10212,‚έ‚Η‚θs,5,-,1,4,-,-,-,142,-,35,107,-,-,-
10344,Y“‘Ί,25,25,-,-,-,-,-,126,126,-,-,-,-,-
10345,‹g‰ª’¬,24,24,-,-,-,-,-,259,259,-,-,-,-,-
10366,γ–μ‘Ί,5,3,2,-,-,-,-,91,76,15,-,-,-,-
10367,_—¬’¬,-,-,-,-,-,-,-,-,-,-,-,-,-,-
10382,‰Ίm“c’¬,31,27,-,-,-,4,-,526,469,-,-,-,57,-
10383,“μ–q‘Ί,4,-,-,4,-,-,-,10,-,-,10,-,-,-
10384,Γy’¬,88,65,5,18,-,-,-,551,413,43,95,-,-,-
10421,’†”Vπ’¬,70,3,-,-,-,67,-,1365,1228,-,-,-,137,-
10424,’·–μ΄’¬,13,9,-,-,-,4,-,231,168,-,-,-,63,-
10425,’Ϊ—φ‘Ί,7,5,-,2,-,-,-,77,72,-,5,-,-,-
10426,‘’Γ’¬,-,-,-,-,-,-,-,-,-,-,-,-,-,-
10428,‚R‘Ί,11,11,-,-,-,-,-,23,23,-,-,-,-,-
10429,“αΘ’¬,8,-,-,1,-,7,-,32,-,-,20,-,12,-
10443,•Π•i‘Ί,18,16,-,2,-,-,-,96,90,-,6,-,-,-
10444,μκ‘Ί,4,-,-,-,-,4,-,30,-,-,-,-,30,-
10448,Ίa‘Ί,6,-,-,6,-,-,-,57,-,-,57,-,-,-
10449,‚έ‚Θ‚©‚έ’¬,37,34,-,1,-,2,-,222,214,-,6,-,2,-
10464,‹Κ‘Ί’¬,83,58,13,-,-,12,-,951,741,170,-,-,40,-
10521,”Β‘q’¬,4,2,-,-,-,2,-,38,8,-,-,-,30,-
10522,–Ύa’¬,7,6,1,-,-,-,-,81,59,22,-,-,-,-
10523,η‘γ“c’¬,14,9,-,-,-,5,-,39,18,-,-,-,21,-
10524,‘ες’¬,58,41,3,3,8,3,-,748,561,60,3,120,4,-
10525,—Wy’¬,60,21,-,2,-,37,-,1716,437,-,35,-,1244,-
11000,ι‹Κ§,2268,1440,158,337,13,285,35,41650,28056,2645,5647,338,4562,402
11100,‚³‚Ά‚½‚άs,91,28,37,-,1,25,-,1501,505,609,-,50,337,-
11201,μ‰zs,97,76,13,-,1,7,-,1858,1591,145,-,21,101,-
11202,F’Js,48,41,1,-,-,6,-,765,634,29,-,-,102,-
11203,μϋs,88,83,-,5,-,-,-,4202,3870,-,332,-,-,-
11206,s“cs,33,21,1,7,-,4,-,810,520,16,99,-,175,-
11207,’•ƒs,53,50,1,1,-,1,-,108,101,1,5,-,1,-
11208,‘ςs,114,68,46,-,-,-,-,1408,867,541,-,-,-,-
11209,”Ρ”\s,27,-,-,-,-,27,-,398,-,-,-,-,398,-
11210,‰Α{s,85,57,2,14,-,12,-,3391,2893,13,455,-,30,-
11211,–{―s,108,106,2,-,-,-,-,374,365,9,-,-,-,-
11212,“ΌRs,33,33,-,-,-,-,-,1180,1180,-,-,-,-,-
11214,t“ϊ•”s,29,29,-,-,-,-,-,677,677,-,-,-,-,-
11215,‹·Rs,15,-,1,-,-,14,-,140,-,47,-,-,93,-
11216,‰H¶s,5,5,-,-,-,-,-,24,24,-,-,-,-,-
11217,ƒ‘ƒs,2,1,-,-,-,-,1,65,29,-,-,-,-,36
11218,[’Js,122,122,-,-,-,-,-,3296,3296,-,-,-,-,-
11219,γ”φs,1,1,-,-,-,-,-,9,9,-,-,-,-,-
11221,‘‰Αs,34,-,-,7,-,27,-,288,-,-,189,-,99,-
11222,‰z’Js,142,113,1,4,-,24,-,1677,814,7,11,-,845,-
11223,ns,4,4,-,-,-,-,-,78,78,-,-,-,-,-
11224,Λ“cs,37,27,4,5,-,1,-,941,790,71,73,-,7,-
11225,“όΤs,25,8,-,14,-,3,-,121,66,-,45,-,10,-
11227,’©‰ΰs,23,7,6,10,-,-,-,1032,162,45,825,-,-,-
11228,u–Ψs,32,20,3,2,-,6,1,725,279,98,25,-,319,4
11229,aυs,20,20,-,-,-,-,-,1181,1181,-,-,-,-,-
11230,Vΐs,10,9,-,1,-,-,-,37,29,-,8,-,-,-
11231,‰±μs,9,9,-,-,-,-,-,57,57,-,-,-,-,-
11232,‹vμs,26,14,-,9,-,3,-,295,52,-,232,-,11,-
11233,–k–{s,5,-,-,-,-,5,-,28,-,-,-,-,28,-
11234,”ª’ªs,49,15,-,10,-,24,-,811,85,-,156,-,570,-
11235,•xm©s,62,43,2,2,-,15,-,630,456,28,20,-,126,-
11237,O‹½s,17,15,-,-,-,2,-,37,30,-,-,-,7,-
11238,@“cs,7,7,-,-,-,-,-,171,171,-,-,-,-,-
11239,βΛs,74,38,1,13,11,11,-,1512,304,7,591,267,343,-
11240,Kθs,13,9,-,-,-,4,-,57,46,-,-,-,11,-
11241,’ίƒP“‡s,13,-,6,4,-,3,-,196,-,89,66,-,41,-
11242,“ϊ‚s,6,-,-,6,-,-,-,132,-,-,132,-,-,-
11243,‹gμs,32,32,-,-,-,-,-,579,579,-,-,-,-,-
11245,‚Σ‚¶‚έ–μs,47,42,3,-,-,2,-,235,194,13,-,-,28,-
11246,”’‰ªs,13,13,-,-,-,-,-,58,58,-,-,-,-,-
11301,Ι“ή’¬,51,51,-,-,-,-,-,1107,1107,-,-,-,-,-
11324,O–F’¬,2,2,-,-,-,-,-,101,101,-,-,-,-,-
11326,–ΡCR’¬,6,-,2,-,-,4,-,28,-,10,-,-,18,-
11327,‰z¶’¬,27,11,-,2,-,13,1,52,31,-,2,-,18,1
11341,μ’¬,2,-,1,-,-,1,-,66,-,28,-,-,38,-
11342,—’R’¬,12,12,-,-,-,-,-,53,53,-,-,-,-,-
11343,¬μ’¬,4,4,-,-,-,-,-,23,23,-,-,-,-,-
11346,μ“‡’¬,1,1,-,-,-,-,-,90,90,-,-,-,-,-
11347,‹g©’¬,5,3,2,-,-,-,-,25,3,22,-,-,-,-
11348,”µR’¬,5,3,1,1,-,-,-,19,3,4,12,-,-,-
11349,‚Ζ‚«‚ª‚ν’¬,37,37,-,-,-,-,-,1150,1150,-,-,-,-,-
11361,‰΅£’¬,10,10,-,-,-,-,-,76,76,-,-,-,-,-
11362,F–μ’¬,-,-,-,-,-,-,-,-,-,-,-,-,-,-
11363,’·“Ò’¬,124,27,-,97,-,-,-,1502,535,-,967,-,-,-
11365,¬­–μ’¬,186,10,18,112,-,15,31,2364,245,272,1083,-,404,360
11369,“’•ƒ‘Ί,4,-,-,2,-,2,-,298,-,-,61,-,237,-
11381,”ό—Ά’¬,8,5,1,-,-,2,-,321,229,29,-,-,63,-
11383,_μ’¬,20,20,-,-,-,-,-,415,415,-,-,-,-,-
11385,γ—Ά’¬,20,8,1,8,-,3,-,794,29,500,256,-,9,-
11408,ρ‹’¬,21,5,-,-,-,16,-,365,284,-,-,-,81,-
11442,‹{‘γ’¬,29,28,1,-,-,-,-,199,189,10,-,-,-,-
11464,™Λ’¬,21,15,1,1,-,3,1,80,63,2,2,-,12,1
11465,Ό•’¬,22,22,-,-,-,-,-,1438,1438,-,-,-,-,-
12000,η—t§,2555,1830,135,255,29,304,2,56056,35753,1780,6955,1399,10121,48
12100,η—ts,314,231,6,-,24,53,-,11248,7305,108,-,1223,2612,-
12202,’¶qs,96,44,1,4,-,46,1,4531,185,14,324,-,3968,40
12203,sμs,235,194,-,41,-,-,-,1725,1471,-,254,-,-,-
12204,‘D‹΄s,222,165,24,20,-,12,1,1256,1050,127,32,-,39,8
12205,ΩRs,11,4,-,5,-,2,-,349,93,-,126,-,130,-
12206,–ΨX’Γs,20,9,8,3,-,-,-,98,19,75,4,-,-,-
12207,ΌΛs,23,20,2,1,-,-,-,299,240,45,14,-,-,-
12208,–μ“cs,40,33,2,5,-,-,-,507,413,18,76,-,-,-
12210,–Ξ΄s,7,5,-,2,-,-,-,153,134,-,19,-,-,-
12211,¬“cs,29,24,1,-,-,4,-,224,137,8,-,-,79,-
12212,²‘qs,100,66,3,20,-,11,-,1360,822,6,453,-,79,-
12213,“‹ΰs,40,20,7,-,-,13,-,224,183,16,-,-,25,-
12215,®s,131,126,2,3,-,-,-,2825,2079,114,632,-,-,-
12216,Ku–μs,47,45,2,-,-,-,-,3318,3235,83,-,-,-,-
12217,”s,12,6,6,-,-,-,-,286,93,193,-,-,-,-
12218,‰Ys,12,12,-,-,-,-,-,353,353,-,-,-,-,-
12219,s΄s,10,4,1,4,-,1,-,239,174,2,12,-,51,-
12220,—¬Rs,14,3,2,6,-,3,-,765,15,20,505,-,225,-
12221,”ªη‘γs,20,9,1,9,-,1,-,336,207,21,102,-,6,-
12222,‰δ‘·qs,47,2,5,40,-,-,-,3130,33,37,3060,-,-,-
12223,›μs,17,15,-,2,-,-,-,483,403,-,80,-,-,-
12224,™ƒP’Js,86,75,6,-,-,5,-,582,526,32,-,-,24,-
12225,N’Γs,15,10,1,-,-,4,-,74,39,1,-,-,34,-
12226,•x’Γs,2,2,-,-,-,-,-,32,32,-,-,-,-,-
12227,‰Yΐs,183,162,-,21,-,-,-,3814,3714,-,100,-,-,-
12228,lX“Ήs,142,70,37,16,4,15,-,2300,1036,615,291,96,262,-
12229,‘³ƒP‰Ys,5,2,2,-,-,1,-,74,19,25,-,-,30,-
12230,”ªXs,12,6,2,1,-,3,-,30,19,4,2,-,5,-
12231,σΌs,9,7,-,-,-,2,-,49,34,-,-,-,15,-
12232,”’δs,24,7,-,9,1,7,-,203,83,-,18,80,22,-
12233,•x—Άs,14,4,-,2,-,8,-,150,27,-,112,-,11,-
12234,“μ–[‘s,9,1,-,5,-,3,-,20,6,-,5,-,9,-
12235,‘xΊs,53,13,2,-,-,38,-,1597,170,21,-,-,1406,-
12236,ζs,9,2,2,3,-,2,-,283,36,22,126,-,99,-
12237,R•s,33,11,-,-,-,22,-,368,115,-,-,-,253,-
12238,‚Ά‚·‚έs,125,120,-,-,-,5,-,5865,5823,-,-,-,42,-
12239,‘ε–Τ”’—Άs,35,4,4,4,-,23,-,611,76,30,48,-,457,-
12322,πXδ’¬,10,6,2,-,-,2,-,112,34,30,-,-,48,-
12329,‰h’¬,16,7,1,-,-,8,-,244,211,9,-,-,24,-
12342,_θ’¬,25,-,-,24,-,1,-,568,-,-,531,-,37,-
12347,‘½Γ’¬,30,25,3,-,-,2,-,591,466,104,-,-,21,-
12349,“―’¬,7,7,-,-,-,-,-,58,58,-,-,-,-,-
12403,‹γ\‹γ—Ά’¬,4,4,-,-,-,-,-,57,57,-,-,-,-,-
12409,ΕR’¬,18,16,-,2,-,-,-,205,183,-,22,-,-,-
12410,‰΅Ευ’¬,4,1,-,-,-,3,-,15,12,-,-,-,3,-
12421,κ‹{’¬,2,-,-,-,-,2,-,37,-,-,-,-,37,-
12422,–r‘ς’¬,72,72,-,-,-,-,-,181,181,-,-,-,-,-
12423,’·¶‘Ί,49,46,-,3,-,-,-,671,664,-,7,-,-,-
12424,”’q’¬,89,89,-,-,-,-,-,3171,3171,-,-,-,-,-
12426,’·•Ώ’¬,-,-,-,-,-,-,-,-,-,-,-,-,-,-
12427,’·“μ’¬,1,1,-,-,-,-,-,5,5,-,-,-,-,-
12441,‘ε‘½μ’¬,11,11,-,-,-,-,-,44,44,-,-,-,-,-
12443,δh’¬,-,-,-,-,-,-,-,-,-,-,-,-,-,-
12463,‹“μ’¬,14,12,-,-,-,2,-,336,268,-,-,-,68,-
13000,“‹“s,1835,1220,146,197,3,263,6,28294,18074,3965,2364,40,3555,296
13101,η‘γ“c‹ζ,29,29,-,-,-,-,-,44,44,-,-,-,-,-
13102,’†‰›‹ζ,13,7,6,-,-,-,-,224,118,106,-,-,-,-
13103,`‹ζ,17,11,1,1,1,3,-,686,451,50,12,18,155,-
13104,Vh‹ζ,22,17,2,1,-,2,-,683,358,96,3,-,226,-
13105,•¶‹‹ζ,97,92,-,-,-,5,-,848,733,-,-,-,115,-
13106,‘δ“‹ζ,49,48,1,-,-,-,-,1514,1476,38,-,-,-,-
13107,–n“c‹ζ,6,5,1,-,-,-,-,159,79,80,-,-,-,-
13108,]“‹ζ,1,1,-,-,-,-,-,10,10,-,-,-,-,-
13109,•iμ‹ζ,24,24,-,-,-,-,-,415,415,-,-,-,-,-
13110,–Ϊ•‹ζ,4,-,1,-,-,3,-,52,-,11,-,-,41,-
13111,‘ε“c‹ζ,c,c,c,-,-,-,-,c,c,c,-,-,-,-
13112,Ά“c’J‹ζ,53,52,1,-,-,-,-,1585,1557,28,-,-,-,-
13113,a’J‹ζ,15,10,2,3,-,-,-,366,196,27,143,-,-,-
13114,’†–μ‹ζ,4,4,-,-,-,-,-,63,63,-,-,-,-,-
13115,™•ΐ‹ζ,66,56,3,-,1,6,-,1151,1000,34,-,21,96,-
13116,–L“‡‹ζ,36,25,1,-,1,7,2,1379,1087,37,-,1,191,63
13117,–k‹ζ,6,6,-,-,-,-,-,1603,1603,-,-,-,-,-
13118,rμ‹ζ,9,9,-,-,-,-,-,279,279,-,-,-,-,-
13119,”Β‹΄‹ζ,11,11,-,-,-,-,-,187,187,-,-,-,-,-
13120,—ϋ”n‹ζ,52,1,1,11,-,39,-,908,c,25,278,-,605,-
13121,‘«—§‹ζ,72,55,3,-,-,14,-,1083,953,35,-,-,95,-
13122,‹ό‹ζ,22,18,2,-,-,2,-,511,475,12,-,-,24,-
13123,]Λμ‹ζ,45,45,-,-,-,-,-,331,331,-,-,-,-,-
13201,”ª‰¤qs,297,282,6,-,-,9,-,1609,1545,9,-,-,55,-
13202,—§μs,40,37,1,2,-,-,-,336,320,3,13,-,-,-
13203,•‘ –μs,7,2,3,2,-,-,-,90,39,13,38,-,-,-
13204,O‘ιs,23,1,4,3,-,15,-,163,61,26,52,-,24,-
13205,Β”~s,35,26,-,8,-,1,-,956,414,-,532,-,10,-
13206,•{’†s,9,4,4,1,-,-,-,636,188,272,176,-,-,-
13207,Ί“‡s,52,40,-,-,-,12,-,762,605,-,-,-,157,-
13208,’²•zs,106,1,92,9,-,2,2,3394,18,2924,234,-,20,198
13209,’¬“cs,11,4,-,-,-,7,-,128,76,-,-,-,52,-
13210,¬‹ΰδs,-,-,-,-,-,-,-,-,-,-,-,-,-,-
13211,¬•½s,111,87,-,13,-,11,-,954,583,-,317,-,54,-
13212,“ϊ–μs,-,-,-,-,-,-,-,-,-,-,-,-,-,-
13213,“‘ΊRs,15,9,1,1,-,4,-,386,257,16,18,-,95,-
13214,‘•ª›s,17,12,1,1,-,3,-,178,117,16,5,-,40,-
13215,‘—§s,13,5,-,8,-,-,-,115,97,-,18,-,-,-
13218,•¶s,39,38,-,-,-,1,-,325,320,-,-,-,5,-
13219,]s,6,1,1,1,-,3,-,284,49,24,20,-,191,-
13220,“‘εas,16,6,1,-,-,8,1,63,23,2,-,-,33,5
13221,΄£s,33,31,1,-,-,-,1,851,790,31,-,-,-,30
13222,“‹v—―•Δs,3,1,-,2,-,-,-,13,5,-,8,-,-,-
13223,•‘ ‘ΊRs,20,4,-,16,-,-,-,152,36,-,116,-,-,-
13224,‘½–€s,1,1,-,-,-,-,-,16,16,-,-,-,-,-
13225,ξιs,3,1,-,-,-,2,-,123,13,-,-,-,110,-
13227,‰H‘Ίs,28,9,-,-,-,19,-,575,153,-,-,-,422,-
13228,‚ ‚«‚ι–μs,95,40,-,-,-,55,-,957,442,-,-,-,515,-
13229,Ό“‹s,92,18,2,59,-,13,-,327,103,10,190,-,24,-
13303,•δ’¬,5,2,-,-,-,3,-,139,64,-,-,-,75,-
13305,“ϊ‚Μo’¬,44,27,3,9,-,5,-,538,292,36,142,-,68,-
13307,w΄‘Ί,8,-,1,-,-,7,-,53,-,4,-,-,49,-
13308,‰‘½–€’¬,46,-,-,46,-,-,-,49,-,-,49,-,-,-
13361,‘ε“‡’¬,4,4,-,-,-,-,-,16,16,-,-,-,-,-
13362,—“‡‘Ί,1,1,-,-,-,-,-,17,17,-,-,-,-,-
13363,V“‡‘Ί,2,-,-,-,-,2,-,8,-,-,-,-,8,-
13364,_’Γ“‡‘Ί,-,-,-,-,-,-,-,-,-,-,-,-,-,-
13381,O‘ξ‘Ί,-,-,-,-,-,-,-,-,-,-,-,-,-,-
13382,δ‘ “‡‘Ί,-,-,-,-,-,-,-,-,-,-,-,-,-,-
13401,”ªδ’¬,-,-,-,-,-,-,-,-,-,-,-,-,-,-
13402,ΒƒP“‡‘Ί,-,-,-,-,-,-,-,-,-,-,-,-,-,-
13421,¬}΄‘Ί,-,-,-,-,-,-,-,-,-,-,-,-,-,-
14000,_“ήμ§,3466,1794,1098,200,52,318,4,81029,43823,25157,3807,2594,5536,112
14100,‰΅•ls,1230,137,1012,2,44,35,-,35978,10332,22916,326,2261,143,-
14130,μθs,129,93,28,1,-,7,-,1396,488,875,6,-,27,-
14150,‘–Ν΄s,105,74,16,12,-,3,-,1447,706,471,224,-,46,-
14201,‰΅{‰κs,41,39,-,2,-,-,-,604,584,-,20,-,-,-
14203,•½’Λs,22,5,5,-,-,12,-,268,10,61,-,-,197,-
14204,™‘qs,46,44,-,-,-,2,-,533,362,-,-,-,171,-
14205,“΅‘ςs,81,56,4,-,1,20,-,2004,1098,74,-,54,778,-
14206,¬“c΄s,186,186,-,-,-,-,-,5587,5587,-,-,-,-,-
14207,ƒ–θs,35,27,1,6,1,-,-,270,238,10,20,2,-,-
14208,€qs,100,32,6,2,-,59,1,1651,936,182,32,-,477,24
14210,O‰Ys,95,43,2,-,-,50,-,1254,592,17,-,-,645,-
14211,`–μs,77,58,1,1,-,17,-,1774,992,54,39,-,689,-
14212,ϊ–Ψs,54,45,-,-,1,8,-,2520,2362,-,-,27,131,-
14213,‘εas,103,98,1,-,-,4,-,1070,1037,2,-,-,31,-
14214,Ι¨΄s,54,47,-,-,-,7,-,1030,937,-,-,-,93,-
14215,CV–Όs,105,97,2,-,-,6,-,1642,1511,29,-,-,102,-
14216,ΐΤs,70,35,3,14,-,18,-,1847,1247,29,246,-,325,-
14217,“μ‘«•Ώs,5,3,-,-,-,2,-,9,7,-,-,-,2,-
14218,»£s,43,39,-,-,-,4,-,785,594,-,-,-,191,-
14301,—tR’¬,373,336,1,33,-,3,-,4503,4070,100,321,-,12,-
14321,¦μ’¬,8,2,2,3,-,-,1,454,48,128,224,-,-,54
14341,‘ει’¬,1,1,-,-,-,-,-,17,17,-,-,-,-,-
14342,“ρ‹{’¬,23,9,10,-,-,4,-,500,330,154,-,-,16,-
14361,’†δ’¬,12,10,-,2,-,-,-,37,20,-,17,-,-,-
14362,‘εδ’¬,11,6,-,-,3,2,-,248,99,-,-,115,34,-
14363,Ό“c’¬,35,32,2,-,-,-,1,967,911,37,-,-,-,19
14364,R–k’¬,48,13,-,26,-,9,-,699,184,-,354,-,161,-
14366,J¬’¬,131,98,-,-,-,33,-,3053,2046,-,-,-,1007,-
14382,” ª’¬,8,2,-,-,-,6,-,265,61,-,-,-,204,-
14383,^’ί’¬,8,3,-,-,-,4,1,83,43,-,-,-,25,15
14384,“’‰Ν΄’¬,71,71,-,-,-,-,-,5891,5891,-,-,-,-,-
14401,¤μ’¬,59,31,1,24,2,1,-,622,297,7,173,135,10,-
14402,΄μ‘Ί,97,22,1,72,-,2,-,2021,186,11,1805,-,19,-
15000,Vƒ§,3375,1761,74,969,1,566,4,39078,25440,1232,2909,3,9471,23
15100,Vƒs,49,30,1,1,-,17,-,2068,1625,15,20,-,408,-
15202,’·‰ªs,260,202,5,27,-,26,-,7120,6228,69,389,-,434,-
15204,Oπs,29,22,7,-,-,-,-,995,708,287,-,-,-,-
15205,”θs,171,83,6,21,-,61,-,3752,1551,157,571,-,1473,-
15206,V”­“cs,131,90,12,27,-,-,2,510,355,48,103,-,-,4
15208,¬η’Js,40,-,5,28,-,5,2,422,-,72,312,-,19,19
15209,‰Α–Ξs,21,10,1,7,-,3,-,415,288,34,7,-,86,-
15210,\“ϊ’¬s,34,33,-,-,-,1,-,355,354,-,-,-,1,-
15211,©•s,124,122,-,-,-,2,-,1659,1657,-,-,-,2,-
15212,‘Ίγs,38,37,1,-,-,-,-,522,514,8,-,-,-,-
15213,‰s,858,819,8,25,-,6,-,6165,6003,106,46,-,10,-
15216,…‹›μs,862,38,-,821,-,3,-,1562,227,-,1332,-,3,-
15217,–­‚s,-,-,-,-,-,-,-,-,-,-,-,-,-,-
15218,άςs,143,3,4,4,1,131,-,268,4,17,4,3,240,-
15222,γ‰zs,435,155,11,-,-,269,-,10428,3819,286,-,-,6323,-
15223,Ά‰κ–μs,2,-,-,-,-,2,-,16,-,-,-,-,16,-
15224,²“ns,38,38,-,-,-,-,-,94,94,-,-,-,-,-
15225,‹›ΐs,12,8,4,-,-,-,-,92,79,13,-,-,-,-
15226,“μ‹›ΐs,26,23,2,-,-,1,-,1265,1207,18,-,-,40,-
15227,‘Ω“ΰs,11,7,-,-,-,4,-,18,9,-,-,-,9,-
15307,ΉU’¬,13,9,-,-,-,4,-,98,44,-,-,-,54,-
15342,–ν•F‘Ί,12,8,-,-,-,4,-,15,9,-,-,-,6,-
15361,“cγ’¬,13,7,-,-,-,6,-,463,453,-,-,-,10,-
15385,Ά‰κ’¬,14,4,3,7,-,-,-,179,47,46,86,-,-,-
15405,o‰_θ’¬,3,3,-,-,-,-,-,33,33,-,-,-,-,-
15461,“’‘ς’¬,13,1,1,-,-,11,-,203,58,17,-,-,128,-
15482,’Γ“μ’¬,2,2,-,-,-,-,-,6,6,-,-,-,-,-
15504, ‰H‘Ί,1,1,-,-,-,-,-,18,18,-,-,-,-,-
15581,Φμ‘Ί,18,6,1,1,-,10,-,315,50,17,39,-,209,-
15586,Ύ“‡‰Y‘Ί,2,-,2,-,-,-,-,22,-,22,-,-,-,-
16000,•xR§,1116,958,19,24,-,110,5,16419,14704,46,311,-,1350,8
16201,•xRs,209,197,3,4,-,4,1,1407,1367,6,24,-,8,2
16202,‚‰ªs,175,168,-,-,-,3,4,1149,1117,-,-,-,26,6
16204,‹›’Γs,67,46,12,1,-,8,-,415,277,30,2,-,106,-
16205,•X©s,83,70,-,3,-,10,-,2103,1679,-,46,-,378,-
16206,μs,32,31,-,1,-,-,-,1036,1026,-,10,-,-,-
16207,••”s,19,12,1,-,-,6,-,77,53,4,-,-,20,-
16208,αθ”gs,63,63,-,-,-,-,-,2963,2963,-,-,-,-,-
16209,¬–ξ•”s,65,12,-,-,-,53,-,156,22,-,-,-,134,-
16210,“μαθs,15,6,-,-,-,9,-,437,192,-,-,-,245,-
16211,Λ…s,43,18,3,10,-,12,-,844,290,6,181,-,367,-
16321,M‹΄‘Ί,5,3,-,-,-,2,-,67,35,-,-,-,32,-
16322,γs’¬,233,228,-,5,-,-,-,3167,3119,-,48,-,-,-
16323,—§R’¬,33,33,-,-,-,-,-,103,103,-,-,-,-,-
16342,“ό‘P’¬,66,66,-,-,-,-,-,2418,2418,-,-,-,-,-
16343,’©“ϊ’¬,8,5,-,-,-,3,-,77,43,-,-,-,34,-
17000,Ξμ§,628,521,1,67,-,39,-,6484,5809,3,384,-,288,-
17201,‹ΰ‘ςs,13,9,-,-,-,4,-,141,106,-,-,-,35,-
17202,µ”φs,119,59,-,60,-,-,-,458,208,-,250,-,-,-
17203,¬Όs,3,3,-,-,-,-,-,42,42,-,-,-,-,-
17204,—Φ“‡s,18,18,-,-,-,-,-,82,82,-,-,-,-,-
17205,μFs,94,94,-,-,-,-,-,905,905,-,-,-,-,-
17206,‰Α‰κs,42,42,-,-,-,-,-,635,635,-,-,-,-,-
17207,‰Hξs,6,6,-,-,-,-,-,74,74,-,-,-,-,-
17209,‚©‚Ω‚­s,18,18,-,-,-,-,-,46,46,-,-,-,-,-
17210,”’Rs,121,121,-,-,-,-,-,1264,1264,-,-,-,-,-
17211,”\”όs,58,58,-,-,-,-,-,1262,1262,-,-,-,-,-
17212,–μXss,15,15,-,-,-,-,-,44,44,-,-,-,-,-
17324,μ–k’¬,-,-,-,-,-,-,-,-,-,-,-,-,-,-
17361,’Γ”¦’¬,1,-,-,-,-,1,-,10,-,-,-,-,10,-
17365,“ΰ“ε’¬,2,2,-,-,-,-,-,25,25,-,-,-,-,-
17384,u‰κ’¬,55,19,-,7,-,29,-,1084,712,-,134,-,238,-
17386,•σ’Bu…’¬,40,37,-,-,-,3,-,350,347,-,-,-,3,-
17407,’†”\“o’¬,-,-,-,-,-,-,-,-,-,-,-,-,-,-
17461,…’¬,5,5,-,-,-,-,-,36,36,-,-,-,-,-
17463,”\“o’¬,18,15,1,-,-,2,-,26,21,3,-,-,2,-
18000,•δ§,841,788,10,7,1,35,-,51235,50133,338,107,5,652,-
18201,•δs,201,182,1,-,1,17,-,6093,5657,18,-,5,413,-
18202,“Φ‰κs,39,36,3,-,-,-,-,35272,35135,137,-,-,-,-
18204,¬•ls,15,15,-,-,-,-,-,258,258,-,-,-,-,-
18205,‘ε–μs,22,22,-,-,-,-,-,56,56,-,-,-,-,-
18206,Rs,128,127,1,-,-,-,-,1850,1829,21,-,-,-,-
18207,I]s,148,148,-,-,-,-,-,2954,2954,-,-,-,-,-
18208,‚ ‚ν‚ηs,5,-,-,-,-,5,-,80,-,-,-,-,80,-
18209,‰z‘Os,62,58,4,-,-,-,-,1915,1757,158,-,-,-,-
18210,βδs,22,11,1,-,-,10,-,359,204,4,-,-,151,-
18322,‰i•½›’¬,63,60,-,-,-,3,-,248,240,-,-,-,8,-
18382,’r“c’¬,50,50,-,-,-,-,-,441,441,-,-,-,-,-
18404,“μ‰z‘O’¬,1,1,-,-,-,-,-,1,1,-,-,-,-,-
18423,‰z‘O’¬,12,12,-,-,-,-,-,121,121,-,-,-,-,-
18442,”ό•l’¬,26,26,-,-,-,-,-,239,239,-,-,-,-,-
18481,‚•l’¬,27,27,-,-,-,-,-,878,878,-,-,-,-,-
18483,‚¨‚¨‚Ά’¬,7,-,-,7,-,-,-,107,-,-,107,-,-,-
18501,α‹·’¬,13,13,-,-,-,-,-,363,363,-,-,-,-,-
19000,R—§,836,648,7,16,-,162,3,7811,6012,62,176,-,1547,14
19201,b•{s,479,421,2,5,-,48,3,2465,2240,19,6,-,186,14
19202,•xm‹g“cs,5,5,-,-,-,-,-,150,150,-,-,-,-,-
19204,“s—―s,52,51,-,-,-,1,-,1087,1012,-,-,-,75,-
19205,R—s,6,6,-,-,-,-,-,68,68,-,-,-,-,-
19206,‘εs,4,3,1,-,-,-,-,21,19,2,-,-,-,-
19207,”Bθs,47,27,-,-,-,20,-,1144,603,-,-,-,541,-
19208,“μƒAƒ‹ƒvƒXs,8,1,-,-,-,7,-,50,9,-,-,-,41,-
19209,–k“ms,9,3,-,1,-,5,-,115,100,-,2,-,13,-
19210,b”γs,9,-,-,-,-,9,-,26,-,-,-,-,26,-
19211,“Js,28,8,-,-,-,20,-,296,202,-,-,-,94,-
19212,γ–μ΄s,6,6,-,-,-,-,-,66,66,-,-,-,-,-
19213,bBs,21,21,-,-,-,-,-,328,328,-,-,-,-,-
19214,’†‰›s,28,16,-,10,-,2,-,515,291,-,168,-,56,-
19346,sμO‹½’¬,39,21,-,-,-,18,-,204,64,-,-,-,140,-
19364,‘μ’¬,2,2,-,-,-,-,-,17,17,-,-,-,-,-
19365,g‰„’¬,13,11,1,-,-,1,-,61,52,3,-,-,6,-
19366,“μ•”’¬,13,11,-,-,-,2,-,311,280,-,-,-,31,-
19368,•xmμ’¬,16,15,-,-,-,1,-,285,219,-,-,-,66,-
19384,Ίa’¬,3,3,-,-,-,-,-,25,25,-,-,-,-,-
19422,“Ήu‘Ί,-,-,-,-,-,-,-,-,-,-,-,-,-,-
19423,Όj’¬,10,-,-,-,-,10,-,150,-,-,-,-,150,-
19424,”E–μ‘Ί,4,4,-,-,-,-,-,75,75,-,-,-,-,-
19425,R’†Ξ‘Ί,6,-,-,-,-,6,-,91,-,-,-,-,91,-
19429,–Β‘ς‘Ί,8,7,1,-,-,-,-,173,155,18,-,-,-,-
19430,•xm‰ΝϋΞ’¬,12,-,-,-,-,12,-,31,-,-,-,-,31,-
19442,¬›‘Ί,3,1,2,-,-,-,-,30,10,20,-,-,-,-
19443,’O”gR‘Ί,5,5,-,-,-,-,-,27,27,-,-,-,-,-
20000,’·–μ§,5755,3506,150,1531,-,557,11,83894,58253,2179,16320,-,7043,99
20201,’·–μs,188,153,3,20,-,12,-,2775,2653,55,50,-,17,-
20202,Ό–{s,1110,1057,7,26,-,20,-,28226,27025,189,455,-,557,-
20203,γ“cs,101,58,4,20,-,18,1,499,373,15,88,-,20,3
20204,‰ª’Js,30,24,3,-,-,3,-,868,748,19,-,-,101,-
20205,”Ρ“cs,331,206,22,55,-,47,1,5813,3814,436,767,-,789,7
20206,z–Ks,67,62,1,-,-,4,-,815,748,50,-,-,17,-
20207,{βs,121,72,1,4,-,44,-,3095,1995,11,76,-,1013,-
20208,¬”s,3,3,-,-,-,-,-,49,49,-,-,-,-,-
20209,Ι“ίs,16,16,-,-,-,-,-,178,178,-,-,-,-,-
20210,‹ξƒPªs,22,22,-,-,-,-,-,640,640,-,-,-,-,-
20211,’†–μs,234,177,15,-,-,42,-,5376,4676,60,-,-,640,-
20212,‘ε’¬s,37,33,-,-,-,4,-,210,205,-,-,-,5,-
20213,”ΡRs,6,6,-,-,-,-,-,128,128,-,-,-,-,-
20214,–μs,52,52,-,-,-,-,-,497,497,-,-,-,-,-
20215,‰–Ks,77,-,28,-,-,49,-,1184,-,405,-,-,779,-
20217,²‹vs,19,17,-,-,-,2,-,502,415,-,-,-,87,-
20218,η‹Θs,36,29,7,-,-,-,-,842,669,173,-,-,-,-
20219,“δs,55,50,-,-,-,5,-,1113,997,-,-,-,116,-
20220,ΐ“ά–μs,42,34,8,-,-,-,-,206,148,58,-,-,-,-
20303,¬C’¬,-,-,-,-,-,-,-,-,-,-,-,-,-,-
20304,μγ‘Ί,154,42,-,98,-,14,-,1398,767,-,469,-,162,-
20305,“μ–q‘Ί,15,12,-,-,-,3,-,189,147,-,-,-,42,-
20306,“μ‘–Ψ‘Ί,21,3,-,18,-,-,-,419,168,-,251,-,-,-
20307,–k‘–Ψ‘Ί,24,2,-,22,-,-,-,380,38,-,342,-,-,-
20309,²‹v•δ’¬,2,-,-,2,-,-,-,156,-,-,156,-,-,-
20321,yδ‘ς’¬,41,41,-,-,-,-,-,463,463,-,-,-,-,-
20323,δ‘γ“c’¬,59,38,-,21,-,-,-,676,452,-,224,-,-,-
20324,—§‰Θ’¬,12,9,-,3,-,-,-,301,259,-,42,-,-,-
20349,Β–Ψ‘Ί,-,-,-,-,-,-,-,-,-,-,-,-,-,-
20350,’·a’¬,14,14,-,-,-,-,-,210,210,-,-,-,-,-
20361,‰Ίz–K’¬,105,68,-,-,-,37,-,1025,722,-,-,-,303,-
20362,•xm©’¬,49,38,8,3,-,-,-,850,744,79,27,-,-,-
20363,΄‘Ί,5,4,-,-,-,1,-,170,141,-,-,-,29,-
20382,’C–μ’¬,13,1,-,-,-,12,-,117,2,-,-,-,115,-
20383,–¥—Φ’¬,681,575,5,-,-,101,-,1983,1173,97,-,-,713,-
20384,”Ρ“‡’¬,4,1,1,1,-,1,-,46,5,18,6,-,17,-
20385,“μ–¥—Φ‘Ί,82,56,-,26,-,-,-,324,224,-,100,-,-,-
20386,’†μ‘Ί,16,1,1,1,-,13,-,146,32,10,30,-,74,-
20388,‹{“c‘Ί,39,16,-,-,-,23,-,705,455,-,-,-,250,-
20402,Όμ’¬,49,38,-,-,-,11,-,454,416,-,-,-,38,-
20403,‚X’¬,-,-,-,-,-,-,-,-,-,-,-,-,-,-
20404,Ά“μ’¬,371,1,-,370,-,-,-,3099,19,-,3080,-,-,-
20407,Ά’q‘Ί,111,36,8,59,-,-,8,1146,529,84,447,-,-,86
20409,•½’J‘Ί,2,1,1,-,-,-,-,40,30,10,-,-,-,-
20410,ª‰H‘Ί,5,5,-,-,-,-,-,80,80,-,-,-,-,-
20411,‰Ί‘Ί,133,132,1,-,-,-,-,877,873,4,-,-,-,-
20412,”„–Ψ‘Ί,29,29,-,-,-,-,-,128,128,-,-,-,-,-
20413,“V—΄‘Ί,9,4,1,2,-,2,-,40,23,3,9,-,5,-
20414,‘Χ•‘Ί,1,-,1,-,-,-,-,7,-,7,-,-,-,-
20415,‹ª–Ψ‘Ί,46,-,-,-,-,46,-,395,-,-,-,-,395,-
20416,–L‹u‘Ί,34,34,-,-,-,-,-,743,743,-,-,-,-,-
20417,‘ε­‘Ί,31,7,1,21,-,2,-,618,114,16,464,-,24,-
20422,γΌ’¬,6,1,-,5,-,-,-,29,4,-,25,-,-,-
20423,“μ–Ψ‘]’¬,9,9,-,-,-,-,-,80,80,-,-,-,-,-
20425,–Ψ‘c‘Ί,3,3,-,-,-,-,-,300,300,-,-,-,-,-
20429,‰¤‘κ‘Ί,29,18,3,6,-,2,-,316,185,21,90,-,20,-
20430,‘εK‘Ί,-,-,-,-,-,-,-,-,-,-,-,-,-,-
20432,–Ψ‘]’¬,4,4,-,-,-,-,-,45,45,-,-,-,-,-
20446,–ƒΡ‘Ί,6,5,1,-,-,-,-,267,215,52,-,-,-,-
20448,¶β‘Ί,3,1,-,-,-,1,1,15,7,-,-,-,5,3
20450,R`‘Ί,7,7,-,-,-,-,-,59,59,-,-,-,-,-
20451,’©“ϊ‘Ί,-,-,-,-,-,-,-,-,-,-,-,-,-,-
20452,’}–k‘Ί,102,68,4,30,-,-,-,1511,573,27,911,-,-,-
20481,’r“c’¬,735,26,15,694,-,-,-,8727,396,280,8051,-,-,-
20482,Όμ‘Ί,8,8,-,-,-,-,-,160,160,-,-,-,-,-
20485,”’”n‘Ί,30,-,-,5,-,25,-,485,-,-,39,-,446,-
20486,¬’J‘Ί,5,5,-,-,-,-,-,118,118,-,-,-,-,-
20521,βι’¬,17,17,-,-,-,-,-,101,101,-,-,-,-,-
20541,¬•z{’¬,9,9,-,-,-,-,-,73,73,-,-,-,-,-
20543,‚R‘Ί,29,15,-,11,-,3,-,739,510,-,50,-,179,-
20561,Rƒm“ΰ’¬,1,1,-,-,-,-,-,54,54,-,-,-,-,-
20562,–Ψ“‡•½‘Ί,8,-,-,8,-,-,-,71,-,-,71,-,-,-
20563,–μ‘ς‰·ς‘Ί,-,-,-,-,-,-,-,-,-,-,-,-,-,-
20583,M”Z’¬,18,15,-,-,-,3,-,246,221,-,-,-,25,-
20588,¬μ‘Ί,7,-,-,-,-,7,-,60,-,-,-,-,60,-
20590,”Ρj’¬,14,14,-,-,-,-,-,199,199,-,-,-,-,-
20602,‰h‘Ί,1,1,-,-,-,-,-,38,38,-,-,-,-,-
21000,ς•§,1423,1035,62,55,5,266,-,23814,16207,1212,765,140,5490,-
21201,ς•s,123,100,1,20,1,1,-,1169,834,20,234,80,1,-
21202,‘ε_s,83,25,18,-,-,40,-,1050,348,290,-,-,412,-
21203,‚Rs,114,100,-,-,-,14,-,1770,1610,-,-,-,160,-
21204,‘½΅©s,179,154,11,7,1,6,-,4024,3516,161,125,34,188,-
21205,Φs,25,16,1,-,-,8,-,253,193,14,-,-,46,-
21206,’†’Γμs,33,33,-,-,-,-,-,361,361,-,-,-,-,-
21207,”ό”Zs,11,11,-,-,-,-,-,147,147,-,-,-,-,-
21208,Qs,8,5,3,-,-,-,-,182,125,57,-,-,-,-
21209,‰H“‡s,37,31,3,1,-,2,-,270,235,30,3,-,2,-
21210,b“ίs,-,-,-,-,-,-,-,-,-,-,-,-,-,-
21211,”ό”Z‰Α–Ξs,25,7,4,-,1,13,-,445,162,72,-,18,193,-
21212,“yςs,51,49,1,1,-,-,-,1762,1750,7,5,-,-,-
21213,e–±΄s,96,92,1,-,-,3,-,1735,1705,7,-,-,23,-
21214,‰Β™s,35,10,1,-,-,24,-,799,316,47,-,-,436,-
21215,R§s,-,-,-,-,-,-,-,-,-,-,-,-,-,-
21216,•δs,14,-,-,4,-,10,-,174,-,-,40,-,134,-
21217,”ς‘Λs,34,34,-,-,-,-,-,138,138,-,-,-,-,-
21218,–{‘ƒs,51,4,-,1,-,46,-,2338,39,-,15,-,2284,-
21219,Sγs,38,34,4,-,-,-,-,511,459,52,-,-,-,-
21220,‰ΊCs,62,61,-,-,-,1,-,947,919,-,-,-,28,-
21221,C’Γs,31,30,-,-,-,1,-,786,752,-,-,-,34,-
21302,ς“μ’¬,24,24,-,-,-,-,-,171,171,-,-,-,-,-
21303,}Ό’¬,22,10,10,-,-,2,-,825,404,404,-,-,17,-
21341,—{V’¬,11,9,-,-,-,2,-,141,126,-,-,-,15,-
21361,‚δ’¬,13,13,-,-,-,-,-,237,237,-,-,-,-,-
21362,ΦƒP΄’¬,65,-,4,12,-,49,-,1175,-,51,201,-,923,-
21381,_Λ’¬,-,-,-,-,-,-,-,-,-,-,-,-,-,-
21382,—Φ”V“ΰ’¬,9,-,-,1,-,8,-,107,-,-,10,-,97,-
21383,ΐ”ª’¬,22,20,-,-,2,-,-,193,185,-,-,8,-,-
21401,—K”γμ’¬,14,13,-,-,-,1,-,306,277,-,-,-,29,-
21403,‘ε–μ’¬,14,5,-,1,-,8,-,208,38,-,68,-,102,-
21404,’r“c’¬,14,13,-,-,-,1,-,242,214,-,-,-,28,-
21421,–k•ϋ’¬,2,2,-,-,-,-,-,43,43,-,-,-,-,-
21501,βj’¬,15,4,-,7,-,4,-,153,48,-,64,-,41,-
21502,•x‰Α’¬,5,-,-,-,-,5,-,48,-,-,-,-,48,-
21503,μ•Σ’¬,8,-,-,-,-,8,-,198,-,-,-,-,198,-
21504,µ@’¬,6,4,-,-,-,2,-,89,49,-,-,-,40,-
21505,”ª•S’Γ’¬,94,94,-,-,-,-,-,464,464,-,-,-,-,-
21506,”’μ’¬,16,16,-,-,-,-,-,300,300,-,-,-,-,-
21507,“”’μ‘Ί,15,8,-,-,-,7,-,36,25,-,-,-,11,-
21521,δ“’¬,4,4,-,-,-,-,-,17,17,-,-,-,-,-
21604,”’μ‘Ί,-,-,-,-,-,-,-,-,-,-,-,-,-,-
22000,Γ‰ª§,2725,1975,162,206,38,337,7,59085,42285,6904,2250,169,7390,87
22100,Γ‰ªs,109,79,3,1,-,26,-,6809,6112,210,16,-,471,-
22130,•lΌs,238,222,16,-,-,-,-,4323,1942,2381,-,-,-,-
22203,ΐ’Γs,105,56,2,-,3,44,-,1300,721,12,-,10,557,-
22205,”MCs,30,19,-,-,-,11,-,533,356,-,-,-,177,-
22206,O“‡s,125,101,5,15,-,4,-,3019,2336,238,421,-,24,-
22207,•xm‹{s,172,116,7,3,1,45,-,3761,2037,154,26,7,1537,-
22208,Ι“s,243,149,37,6,32,19,-,1501,1041,298,21,90,51,-
22209,“‡“cs,16,14,2,-,-,-,-,130,125,5,-,-,-,-
22210,•xms,154,134,1,12,-,7,-,3970,3729,16,128,-,97,-
22211,”Φ“cs,108,102,-,6,-,-,-,1081,898,-,183,-,-,-
22212,Δ’Γs,41,32,3,-,-,-,6,2021,1884,56,-,-,-,81
22213,|μs,137,92,39,1,-,5,-,5168,3066,1908,78,-,116,-
22214,“΅}s,137,137,-,-,-,-,-,3344,3344,-,-,-,-,-
22215,δ“aκs,35,27,-,-,-,8,-,834,746,-,-,-,88,-
22216,‘άδs,192,187,-,5,-,-,-,5875,5758,-,117,-,-,-
22219,‰Ί“cs,5,-,-,2,-,3,-,22,-,-,9,-,13,-
22220,–μs,141,130,7,1,-,3,-,3767,2787,960,3,-,17,-
22221,ΞΌs,43,36,-,-,-,7,-,424,352,-,-,-,72,-
22222,Ι“¤s,36,15,-,4,-,17,-,527,230,-,33,-,264,-
22223,δ‘Oθs,29,10,2,-,-,17,-,286,112,27,-,-,147,-
22224,‹eμs,97,74,1,15,-,7,-,1195,1053,14,117,-,11,-
22225,Ι“¤‚Μ‘s,33,9,12,3,1,7,1,1183,205,239,44,52,637,6
22226,–q”V΄s,63,24,3,4,1,31,-,1368,463,9,16,10,870,-
22301,“Ι“¤’¬,11,9,1,1,-,-,-,192,154,1,37,-,-,-
22302,‰Ν’Γ’¬,43,32,-,-,-,11,-,416,349,-,-,-,67,-
22304,“μΙ“¤’¬,19,13,4,2,-,-,-,311,219,52,40,-,-,-
22305,Όθ’¬,12,3,-,8,-,1,-,119,22,-,82,-,15,-
22306,ΌΙ“¤’¬,109,-,-,108,-,1,-,744,-,-,684,-,60,-
22325,”“μ’¬,79,67,2,2,-,8,-,454,326,15,21,-,92,-
22341,΄…’¬,12,8,4,-,-,-,-,110,90,20,-,-,-,-
22342,’·ς’¬,3,2,1,-,-,-,-,31,21,10,-,-,-,-
22344,¬R’¬,38,8,2,3,-,25,-,1017,243,81,87,-,606,-
22424,‹g“c’¬,62,31,3,3,-,25,-,2626,1121,155,74,-,1276,-
22429,μª–{’¬,8,3,4,1,-,-,-,118,67,38,13,-,-,-
22461,X’¬,40,34,1,-,-,5,-,506,376,5,-,-,125,-
23000,¤’m§,3719,3243,125,130,2,215,4,50873,41491,2439,2685,19,4177,62
23100,–ΌΓ‰®s,450,405,13,32,-,-,-,4328,4079,99,150,-,-,-
23201,–L‹΄s,10,10,-,-,-,-,-,52,52,-,-,-,-,-
23202,‰ªθs,24,24,-,-,-,-,-,429,429,-,-,-,-,-
23203,κ‹{s,281,264,1,10,-,6,-,1832,1078,6,712,-,36,-
23204,£Λs,9,4,-,4,-,-,1,80,49,-,22,-,-,9
23205,”Ό“cs,34,33,1,-,-,-,-,461,431,30,-,-,-,-
23206,t“ϊδs,40,36,1,2,-,1,-,687,539,15,101,-,32,-
23207,–Lμs,132,45,18,16,-,53,-,3495,779,291,488,-,1937,-
23208,’Γ“‡s,34,21,3,-,-,10,-,383,303,7,-,-,73,-
23209,•Ι“μs,26,15,1,-,-,9,1,770,497,48,-,-,181,44
23210, ’Js,265,258,2,-,-,4,1,837,803,3,-,-,30,1
23211,–L“cs,44,34,2,6,-,2,-,511,368,14,72,-,57,-
23212,ΐιs,83,78,4,-,-,-,1,1453,1418,27,-,-,-,8
23213,Ό”φs,343,343,-,-,-,-,-,1365,1365,-,-,-,-,-
23214,—Ss,69,43,-,-,-,26,-,546,382,-,-,-,164,-
23215,ΆRs,62,62,-,-,-,-,-,196,196,-,-,-,-,-
23216,νs,9,9,-,-,-,-,-,505,505,-,-,-,-,-
23217,]“μs,55,24,23,8,-,-,-,991,98,430,463,-,-,-
23219,¬–qs,27,27,-,-,-,-,-,992,992,-,-,-,-,-
23220,ξ‘ςs,32,25,2,2,-,3,-,1001,934,9,25,-,33,-
23221,Vιs,30,10,-,-,-,20,-,404,199,-,-,-,205,-
23222,“Cs,47,47,-,-,-,-,-,863,863,-,-,-,-,-
23223,‘ε•{s,9,9,-,-,-,-,-,133,133,-,-,-,-,-
23224,’m‘½s,10,10,-,-,-,-,-,85,85,-,-,-,-,-
23225,’m—§s,182,153,3,1,-,25,-,6216,4788,411,90,-,927,-
23226,”φ’£®s,112,83,4,-,-,25,-,351,303,10,-,-,38,-
23227,‚•ls,22,16,1,5,-,-,-,262,194,13,55,-,-,-
23228,β‘qs,22,7,1,12,-,2,-,161,39,2,115,-,5,-
23229,–L–Ύs,17,3,-,12,-,2,-,337,190,-,80,-,67,-
23230,“ϊis,329,328,-,-,-,1,-,12840,12769,-,-,-,71,-
23231,“c΄s,116,96,20,-,-,-,-,1244,910,334,-,-,-,-
23232,¤Όs,7,7,-,-,-,-,-,108,108,-,-,-,-,-
23233,΄{s,130,115,14,-,1,-,-,910,343,565,-,2,-,-
23234,–k–ΌΓ‰®s,17,11,-,-,1,5,-,286,213,-,-,17,56,-
23235,–ν•xs,7,5,1,-,-,1,-,39,18,12,-,-,9,-
23236,‚έ‚ζ‚µs,31,31,-,-,-,-,-,86,86,-,-,-,-,-
23237,‚ ‚άs,2,2,-,-,-,-,-,2,2,-,-,-,-,-
23238,’·‹vθs,3,3,-,-,-,-,-,211,211,-,-,-,-,-
23302,“‹½’¬,325,319,-,-,-,6,-,1204,1129,-,-,-,75,-
23342,–LR’¬,39,39,-,-,-,-,-,1234,1234,-,-,-,-,-
23361,‘εϋ’¬,18,11,1,5,-,1,-,485,290,24,133,-,38,-
23362,•}K’¬,18,18,-,-,-,-,-,815,815,-,-,-,-,-
23424,‘ε΅’¬,13,11,2,-,-,-,-,183,166,17,-,-,-,-
23425,I]’¬,4,4,-,-,-,-,-,27,27,-,-,-,-,-
23427,”ς“‡‘Ί,2,1,-,-,-,1,-,23,2,-,-,-,21,-
23441,Ά‹v”δ’¬,40,26,5,9,-,-,-,495,319,43,133,-,-,-
23442,“‰Y’¬,55,45,1,6,-,3,-,280,196,12,46,-,26,-
23445,“μ’m‘½’¬,5,5,-,-,-,-,-,216,216,-,-,-,-,-
23446,”ό•l’¬,4,4,-,-,-,-,-,60,60,-,-,-,-,-
23447,•–L’¬,3,-,-,-,-,3,-,43,-,-,-,-,43,-
23501,K“c’¬,44,42,1,-,-,1,-,276,241,17,-,-,18,-
23561,έy’¬,10,6,-,-,-,4,-,11,6,-,-,-,5,-
23562,“‰h’¬,16,16,-,-,-,-,-,39,39,-,-,-,-,-
23563,–Lª‘Ί,1,-,-,-,-,1,-,30,-,-,-,-,30,-
24000,Od§,1086,898,33,73,4,75,3,15473,13338,331,370,79,1292,63
24201,’Γs,61,47,-,12,2,-,-,977,864,-,48,65,-,-
24202,l“ϊss,74,74,-,-,-,-,-,1278,1278,-,-,-,-,-
24203,Ι¨s,31,31,-,-,-,-,-,154,154,-,-,-,-,-
24204,Όγs,262,236,9,6,2,9,-,1995,1814,22,52,14,93,-
24205,K–Όs,86,84,1,-,-,1,-,419,394,20,-,-,5,-
24207,—ι­s,71,71,-,-,-,-,-,4837,4837,-,-,-,-,-
24208,–Ό’£s,4,2,2,-,-,-,-,16,10,6,-,-,-,-
24209,”φhs,22,22,-,-,-,-,-,148,148,-,-,-,-,-
24210,‹TRs,-,-,-,-,-,-,-,-,-,-,-,-,-,-
24211,’Ή‰Hs,51,48,1,-,-,2,-,172,152,10,-,-,10,-
24212,F–μs,11,11,-,-,-,-,-,99,99,-,-,-,-,-
24214,‚Ά‚Θ‚Χs,48,40,-,-,-,8,-,1047,895,-,-,-,152,-
24215,u–€s,12,8,-,-,-,4,-,37,26,-,-,-,11,-
24216,Ι‰κs,46,36,6,3,-,1,-,1046,867,111,58,-,10,-
24303,–Ψ‘]–¦’¬,9,6,-,-,-,3,-,152,82,-,-,-,70,-
24324,“υ’¬,6,-,1,-,-,5,-,10,-,5,-,-,5,-
24341,Τ–μ’¬,70,60,1,1,-,6,2,696,540,6,11,-,99,40
24343,’©“ϊ’¬,5,-,2,-,-,3,-,97,-,67,-,-,30,-
24344,μ‰z’¬,18,6,5,-,-,7,-,766,159,68,-,-,539,-
24441,‘½‹C’¬,5,4,1,-,-,-,-,25,24,1,-,-,-,-
24442,–Ύa’¬,63,6,2,51,-,4,-,230,7,2,201,-,20,-
24443,‘ε‘δ’¬,22,19,2,-,-,1,-,61,28,13,-,-,20,-
24461,‹Κι’¬,2,1,-,-,-,-,1,222,199,-,-,-,-,23
24470,“x‰ο’¬,8,8,-,-,-,-,-,83,83,-,-,-,-,-
24471,‘ε‹I’¬,8,2,-,-,-,6,-,232,80,-,-,-,152,-
24472,“μΙ¨’¬,18,18,-,-,-,-,-,22,22,-,-,-,-,-
24543,‹I–k’¬,12,12,-,-,-,-,-,159,159,-,-,-,-,-
24561,δ•l’¬,8,3,-,-,-,5,-,75,61,-,-,-,14,-
24562,‹I•σ’¬,53,43,-,-,-,10,-,418,356,-,-,-,62,-
25000, ‰κ§,451,306,57,38,-,49,1,10793,7508,1170,860,-,1204,51
25201,‘ε’Γs,33,12,15,2,-,4,-,1078,538,287,27,-,226,-
25202,•Fªs,7,-,-,2,-,5,-,144,-,-,61,-,83,-
25203,’·•ls,32,27,2,3,-,-,-,230,173,17,40,-,-,-
25204,‹ί]”ª”¦s,11,11,-,-,-,-,-,63,63,-,-,-,-,-
25206,‘’Γs,15,15,-,-,-,-,-,286,286,-,-,-,-,-
25207,ηRs,30,30,-,-,-,-,-,569,569,-,-,-,-,-
25208,I“s,16,9,1,6,-,-,-,210,72,10,128,-,-,-
25209,b‰κs,31,11,12,1,-,7,-,426,217,151,7,-,51,-
25210,–μFs,13,9,-,2,-,2,-,414,251,-,135,-,28,-
25211,Ξ“μs,68,64,1,-,-,3,-,2435,2377,22,-,-,36,-
25212,‚“‡s,41,29,6,6,-,-,-,207,123,22,62,-,-,-
25213,“‹ί]s,28,14,2,8,-,3,1,1029,394,49,187,-,348,51
25214,•Δ΄s,8,8,-,-,-,-,-,138,138,-,-,-,-,-
25383,“ϊ–μ’¬,23,23,-,-,-,-,-,516,516,-,-,-,-,-
25384,—³‰¤’¬,20,10,2,8,-,-,-,422,144,65,213,-,-,-
25425,¤‘‘’¬,19,3,16,-,-,-,-,629,82,547,-,-,-,-
25441,–L‹½’¬,-,-,-,-,-,-,-,-,-,-,-,-,-,-
25442,b—Η’¬,56,31,-,-,-,25,-,1997,1565,-,-,-,432,-
25443,‘½‰κ’¬,-,-,-,-,-,-,-,-,-,-,-,-,-,-
26000,‹“s•{,803,565,27,59,3,147,2,10125,7251,304,1028,151,1332,59
26100,‹“ss,351,249,17,9,2,73,1,3749,2960,159,38,4,575,13
26201,•’mRs,105,87,1,2,-,15,-,2121,1864,14,29,-,214,-
26202,•‘’ίs,2,1,1,-,-,-,-,181,160,21,-,-,-,-
26203,»•”s,8,1,-,-,-,7,-,19,9,-,-,-,10,-
26204,‰F΅s,19,10,-,5,-,4,-,201,96,-,41,-,64,-
26205,‹{’Γs,13,13,-,-,-,-,-,26,26,-,-,-,-,-
26206,‹T‰ªs,6,5,-,-,1,-,-,228,81,-,-,147,-,-
26207,ι—zs,4,4,-,-,-,-,-,253,253,-,-,-,-,-
26208,ό“ϊs,23,13,-,10,-,-,-,292,146,-,146,-,-,-
26209,’·‰ª‹s,3,3,-,-,-,-,-,269,269,-,-,-,-,-
26210,”ª”¦s,11,-,-,3,-,8,-,431,-,-,400,-,31,-
26211,‹“c•Σs,6,1,1,-,-,4,-,81,1,11,-,-,69,-
26212,‹’Oγs,29,12,1,6,-,10,-,102,36,1,22,-,43,-
26213,“μ’Os,20,18,-,-,-,2,-,234,193,-,-,-,41,-
26214,–Ψ’Γμs,15,15,-,-,-,-,-,69,69,-,-,-,-,-
26303,‘εRθ’¬,38,6,4,21,-,7,-,625,145,50,329,-,101,-
26322,‹vδR’¬,10,-,-,2,-,8,-,12,-,-,2,-,10,-
26343,δθ’¬,-,-,-,-,-,-,-,-,-,-,-,-,-,-
26344,‰F΅“c΄’¬,6,6,-,-,-,-,-,19,19,-,-,-,-,-
26364,}’u’¬,21,20,-,-,-,1,-,38,21,-,-,-,17,-
26365,a‘©’¬,50,50,-,-,-,-,-,431,431,-,-,-,-,-
26366,Έ‰Ψ’¬,6,-,1,1,-,3,1,254,-,46,21,-,141,46
26367,“μRι‘Ί,24,24,-,-,-,-,-,316,316,-,-,-,-,-
26407,‹’O”g’¬,10,10,-,-,-,-,-,32,32,-,-,-,-,-
26463,Ιª’¬,3,3,-,-,-,-,-,7,7,-,-,-,-,-
26465,—^Σ–μ’¬,20,14,1,-,-,5,-,135,117,2,-,-,16,-
27000,‘εγ•{,4830,3615,195,388,60,561,11,94090,70220,4487,4920,1313,12889,261
27100,‘εγs,1794,1636,10,5,2,141,-,31576,29713,72,158,29,1604,-
27140,δs,479,365,49,25,7,33,-,13069,10280,1200,490,167,932,-
27202,έa“cs,86,82,1,-,-,3,-,3195,3167,6,-,-,22,-
27203,–L’†s,40,17,15,-,-,8,-,283,228,40,-,-,15,-
27204,’r“cs,8,5,2,-,-,1,-,66,52,12,-,-,2,-
27205,“cs,30,24,2,-,2,2,-,1876,1213,50,-,515,98,-
27206,ς‘ε’Γs,90,85,4,-,-,1,-,2513,2498,7,-,-,8,-
27207,‚’Ξs,22,8,-,-,-,14,-,104,37,-,-,-,67,-
27208,L’Λs,49,12,-,11,-,26,-,1084,77,-,220,-,787,-
27209,ηϋs,28,21,1,2,-,-,4,221,167,12,24,-,-,18
27210,–‡•ϋs,59,15,16,3,-,24,1,803,301,131,72,-,288,11
27211,ο–Ψs,339,236,31,16,16,40,-,13565,7013,1365,1169,46,3972,-
27212,”ª”φs,100,85,4,-,-,11,-,797,687,4,-,-,106,-
27213,ς²–μs,97,80,3,1,5,6,2,3446,2456,172,139,296,239,144
27214,•x“c—Ρs,85,57,10,-,-,18,-,2937,2058,541,-,-,338,-
27215,Q‰®μs,27,12,1,8,-,5,1,275,80,13,81,-,92,9
27216,‰Ν“ΰ’·–μs,20,10,5,-,-,4,1,149,57,7,-,-,45,40
27217,Ό΄s,32,27,-,5,-,-,-,476,344,-,132,-,-,-
27218,‘ε“s,28,28,-,-,-,-,-,813,813,-,-,-,-,-
27219,aςs,90,90,-,-,-,-,-,512,512,-,-,-,-,-
27220,–¥–Κs,265,7,18,234,-,6,-,1551,133,498,765,-,155,-
27221,”΄s,51,51,-,-,-,-,-,948,948,-,-,-,-,-
27222,‰H‰g–μs,72,53,3,8,-,8,-,201,94,8,31,-,68,-
27223,–ε^s,28,13,2,11,-,1,1,113,57,4,49,-,1,2
27224,Ϋ’Γs,3,1,1,-,-,1,-,316,61,180,-,-,75,-
27225,‚Ξs,129,129,-,-,-,-,-,349,349,-,-,-,-,-
27226,“΅δ›s,37,37,-,-,-,-,-,427,427,-,-,-,-,-
27227,“‘εγs,218,72,6,23,14,103,-,3585,1074,62,503,199,1747,-
27228,ς“μs,13,6,-,4,-,3,-,212,179,-,12,-,21,-
27229,l“λs,7,4,1,2,-,-,-,145,55,18,72,-,-,-
27230,π–μs,6,6,-,-,-,-,-,7,7,-,-,-,-,-
27231,‘εγ‹·Rs,30,10,4,9,-,7,-,120,48,9,17,-,46,-
27232,γ“μs,16,16,-,-,-,-,-,212,212,-,-,-,-,-
27301,“‡–{’¬,15,7,1,-,-,7,-,180,11,5,-,-,164,-
27321,–L”\’¬,-,-,-,-,-,-,-,-,-,-,-,-,-,-
27322,”\¨’¬,17,14,1,-,-,2,-,220,143,41,-,-,36,-
27341,’‰‰ª’¬,5,2,-,-,-,3,-,155,53,-,-,-,102,-
27361,Fζ’¬,89,65,-,-,-,23,1,1830,1034,-,-,-,759,37
27362,“cK’¬,128,128,-,-,-,-,-,1694,1694,-,-,-,-,-
27366,–¦’¬,64,14,2,2,8,38,-,980,22,15,16,38,889,-
27381,‘Ύq’¬,74,34,1,17,6,16,-,2545,1349,14,964,23,195,-
27382,‰Ν“μ’¬,34,28,1,2,-,3,-,318,308,1,6,-,3,-
27383,η‘Τγ‘Ί,26,23,-,-,-,3,-,222,209,-,-,-,13,-
28000,•ΊΙ§,2841,2174,208,228,4,215,12,45908,35822,3290,3138,359,3037,262
28100,_Λs,55,41,9,1,2,2,-,1908,1248,170,14,332,144,-
28201,•PHs,28,20,3,1,-,1,3,1035,820,57,25,-,13,120
28202,“ςθs,40,-,36,-,-,4,-,572,-,193,-,-,379,-
28203,–ΎΞs,206,111,12,71,-,12,-,4918,2830,201,1697,-,190,-
28204,Ό‹{s,397,394,-,-,1,2,-,5639,5553,-,-,25,61,-
28205,F–{s,17,17,-,-,-,-,-,320,320,-,-,-,-,-
28206,°‰®s,24,12,12,-,-,-,-,69,48,21,-,-,-,-
28207,Ι’Os,33,25,-,-,-,8,-,518,468,-,-,-,50,-
28208,‘¶s,10,10,-,-,-,-,-,299,299,-,-,-,-,-
28209,–L‰ªs,207,188,15,-,-,4,-,579,549,21,-,-,9,-
28210,‰ΑΓμs,52,49,1,1,-,1,-,854,842,5,3,-,4,-
28212,Τ•δs,128,119,9,-,-,-,-,1405,1303,102,-,-,-,-
28213,Όes,40,40,-,-,-,-,-,1455,1455,-,-,-,-,-
28214,•σ’Λs,110,55,3,-,-,52,-,1591,749,17,-,-,825,-
28215,O–Ψs,59,57,2,-,-,-,-,162,78,84,-,-,-,-
28216,‚»s,41,39,-,1,-,1,-,1428,1359,-,24,-,45,-
28217,μΌs,117,49,59,-,-,9,-,298,112,171,-,-,15,-
28218,¬–μs,34,34,-,-,-,-,-,2328,2328,-,-,-,-,-
28219,O“cs,10,-,-,-,-,10,-,10,-,-,-,-,10,-
28220,‰ΑΌs,113,109,-,1,-,3,-,678,661,-,1,-,16,-
28221,’O”gΒRs,142,83,4,54,-,-,1,2043,1505,52,460,-,-,26
28222,—{•ƒs,75,28,22,22,-,3,-,207,154,22,22,-,9,-
28223,’O”gs,24,15,-,-,-,9,-,167,79,-,-,-,88,-
28224,“μ‚ ‚ν‚¶s,36,25,1,2,-,6,2,276,184,9,15,-,53,15
28225,’©—s,105,91,1,3,1,9,-,367,289,2,8,2,66,-
28226,’WHs,14,10,-,-,-,4,-,348,339,-,-,-,9,-
28227,³Ύs,108,108,-,-,-,-,-,537,537,-,-,-,-,-
28228,‰Α“s,11,9,-,-,-,2,-,47,39,-,-,-,8,-
28229,‚½‚Β‚Μs,116,58,-,58,-,-,-,2751,2271,-,480,-,-,-
28301,’––Όμ’¬,51,26,4,1,-,19,1,642,337,80,58,-,157,10
28365,‘½‰Β’¬,28,28,-,-,-,-,-,385,385,-,-,-,-,-
28381,ξ”ό’¬,29,29,-,-,-,-,-,537,537,-,-,-,-,-
28382,”d–’¬,17,17,-,-,-,-,-,600,600,-,-,-,-,-
28442,sμ’¬,78,65,-,-,-,13,-,1592,1236,-,-,-,356,-
28443,•θ’¬,70,65,-,-,-,5,-,1007,875,-,-,-,132,-
28446,_‰Ν’¬,76,24,14,12,-,21,5,3939,1140,2054,331,-,323,91
28464,‘Ύq’¬,23,23,-,-,-,-,-,1620,1620,-,-,-,-,-
28481,γS’¬,3,3,-,-,-,-,-,83,83,-,-,-,-,-
28501,²—p’¬,47,47,-,-,-,-,-,1001,1001,-,-,-,-,-
28585,”ό’¬,51,48,1,-,-,2,-,1640,1570,29,-,-,41,-
28586,V‰·ς’¬,16,3,-,-,-,13,-,53,19,-,-,-,34,-
29000,“ή—Η§,467,253,42,40,3,129,-,8966,5674,785,958,283,1266,-
29201,“ή—Ηs,19,11,4,-,-,4,-,166,140,20,-,-,6,-
29202,‘εa‚“cs,21,11,1,8,1,-,-,1449,1003,186,170,90,-,-
29203,‘εaSRs,10,10,-,-,-,-,-,182,182,-,-,-,-,-
29204,“V—s,18,18,-,-,-,-,-,406,406,-,-,-,-,-
29205,€΄s,22,14,1,7,-,-,-,211,159,6,46,-,-,-
29206,χδs,-,-,-,-,-,-,-,-,-,-,-,-,-,-
29207,άs,20,8,-,-,-,12,-,108,29,-,-,-,79,-
29208,δs,14,10,-,4,-,-,-,270,233,-,37,-,-,-
29209,¶‹ξs,10,7,1,-,-,2,-,373,129,85,-,-,159,-
29210,Εs,31,31,-,-,-,-,-,1207,1207,-,-,-,-,-
29211,‹ιs,-,-,-,-,-,-,-,-,-,-,-,-,-,-
29212,‰F‘Ιs,42,22,20,-,-,-,-,785,533,252,-,-,-,-
29322,R“Y‘Ί,4,-,-,-,-,4,-,60,-,-,-,-,60,-
29342,•½Q’¬,5,5,-,-,-,-,-,43,43,-,-,-,-,-
29343,O‹½’¬,-,-,-,-,-,-,-,-,-,-,-,-,-,-
29344,”Α”µ’¬,8,6,-,-,-,2,-,70,67,-,-,-,3,-
29345,ΐ“g’¬,98,17,-,-,-,81,-,116,18,-,-,-,98,-
29361,μΌ’¬,1,1,-,-,-,-,-,94,94,-,-,-,-,-
29362,O‘ξ’¬,3,1,-,-,-,2,-,191,30,-,-,-,161,-
29363,“c΄–{’¬,17,-,-,-,1,16,-,707,-,-,-,142,565,-
29385,‘]Ά‘Ί,-,-,-,-,-,-,-,-,-,-,-,-,-,-
29386,δρ‘Ί,5,-,3,-,-,2,-,95,-,89,-,-,6,-
29401,‚ζ’¬,3,-,-,-,-,3,-,104,-,-,-,-,104,-
29402,–Ύ“ϊ‘Ί,5,5,-,-,-,-,-,69,69,-,-,-,-,-
29424,γ–q’¬,21,21,-,-,-,-,-,436,436,-,-,-,-,-
29425,‰¤›’¬,10,8,2,-,-,-,-,147,98,49,-,-,-,-
29426,L—Λ’¬,4,2,-,-,1,1,-,138,62,-,-,51,25,-
29427,‰Ν‡’¬,34,19,1,14,-,-,-,990,475,24,491,-,-,-
29441,‹g–μ’¬,18,11,7,-,-,-,-,131,68,63,-,-,-,-
29442,‘ε—„’¬,-,-,-,-,-,-,-,-,-,-,-,-,-,-
29443,‰Ίs’¬,2,2,-,-,-,-,-,51,51,-,-,-,-,-
29444,•‘κ‘Ί,4,4,-,-,-,-,-,25,25,-,-,-,-,-
29446,“Vμ‘Ί,-,-,-,-,-,-,-,-,-,-,-,-,-,-
29447,–μ”—μ‘Ί,-,-,-,-,-,-,-,-,-,-,-,-,-,-
29449,\’Γμ‘Ί,-,-,-,-,-,-,-,-,-,-,-,-,-,-
29450,‰Ί–kR‘Ί,17,9,2,6,-,-,-,285,117,11,157,-,-,-
29451,γ–kR‘Ί,-,-,-,-,-,-,-,-,-,-,-,-,-,-
29452,μγ‘Ί,1,-,-,1,-,-,-,57,-,-,57,-,-,-
29453,“‹g–μ‘Ί,-,-,-,-,-,-,-,-,-,-,-,-,-,-
30000,a‰ΜR§,1270,1035,11,92,8,124,-,15604,13034,53,1020,15,1482,-
30201,a‰ΜRs,14,7,-,2,-,5,-,112,69,-,5,-,38,-
30202,C“μs,22,22,-,-,-,-,-,287,287,-,-,-,-,-
30203,‹΄–{s,24,21,1,-,-,2,-,230,214,8,-,-,8,-
30204,—L“cs,51,47,-,-,-,4,-,1418,1358,-,-,-,60,-
30205,δ–Vs,12,-,-,12,-,-,-,291,-,-,291,-,-,-
30206,“c•Σs,126,24,7,18,6,71,-,1024,178,32,37,12,765,-
30207,V‹{s,100,93,2,-,2,3,-,1624,1497,3,-,3,121,-
30208,‹I‚Μμs,3,3,-,-,-,-,-,65,65,-,-,-,-,-
30209,βos,2,2,-,-,-,-,-,49,49,-,-,-,-,-
30304,‹I”ό–μ’¬,6,3,-,-,-,3,-,128,67,-,-,-,61,-
30341,‚©‚Β‚η‚¬’¬,-,-,-,-,-,-,-,-,-,-,-,-,-,-
30343,‹γ“xR’¬,25,13,-,-,-,12,-,540,367,-,-,-,173,-
30344,‚–μ’¬,8,3,-,-,-,5,-,34,9,-,-,-,25,-
30361,“’σ’¬,118,106,-,-,-,12,-,735,674,-,-,-,61,-
30362,Lμ’¬,57,-,-,57,-,-,-,566,-,-,566,-,-,-
30366,—L“cμ’¬,46,45,-,-,-,1,-,221,220,-,-,-,1,-
30381,”ό•l’¬,47,47,-,-,-,-,-,697,697,-,-,-,-,-
30382,“ϊ‚’¬,11,11,-,-,-,-,-,152,152,-,-,-,-,-
30383,—R—Η’¬,-,-,-,-,-,-,-,-,-,-,-,-,-,-
30390,σ“μ’¬,19,18,-,-,-,1,-,335,288,-,-,-,47,-
30391,‚έ‚Θ‚Χ’¬,49,49,-,-,-,-,-,1545,1545,-,-,-,-,-
30392,“ϊ‚μ’¬,24,24,-,-,-,-,-,290,290,-,-,-,-,-
30401,”’•l’¬,23,23,-,-,-,-,-,504,504,-,-,-,-,-
30404,γ•x“c’¬,3,3,-,-,-,-,-,270,270,-,-,-,-,-
30406,‚·‚³‚έ’¬,3,-,-,3,-,-,-,121,-,-,121,-,-,-
30421,“ί’q‰Y’¬,3,2,1,-,-,-,-,86,76,10,-,-,-,-
30422,‘Ύ’n’¬,285,283,-,-,-,2,-,1935,1878,-,-,-,57,-
30424,Γΐμ’¬,142,139,-,-,-,3,-,1979,1914,-,-,-,65,-
30427,–kR‘Ί,32,32,-,-,-,-,-,166,166,-,-,-,-,-
30428,‹ψ–{’¬,15,15,-,-,-,-,-,200,200,-,-,-,-,-
31000,’Ήζ§,886,698,30,41,2,115,-,8970,6830,337,552,21,1230,-
31201,’Ήζs,155,100,3,8,1,43,-,3109,2124,77,192,19,697,-
31202,•Δqs,227,182,4,1,-,40,-,987,863,19,10,-,95,-
31203,‘q‹gs,58,41,-,-,-,17,-,294,183,-,-,-,111,-
31204,‹«`s,79,79,-,-,-,-,-,1488,1488,-,-,-,-,-
31302,β”ό’¬,18,17,-,-,-,1,-,126,125,-,-,-,1,-
31325,αχ’¬,4,4,-,-,-,-,-,22,22,-,-,-,-,-
31328,’q“ª’¬,5,3,-,-,-,2,-,51,48,-,-,-,3,-
31329,”ª“ª’¬,18,9,6,2,1,-,-,131,85,37,7,2,-,-
31364,O’©’¬,7,7,-,-,-,-,-,61,61,-,-,-,-,-
31370,“’—•l’¬,63,63,-,-,-,-,-,376,376,-,-,-,-,-
31371,‹Υ‰Y’¬,25,14,-,11,-,-,-,209,109,-,100,-,-,-
31372,–k‰h’¬,31,15,2,10,-,4,-,737,313,23,173,-,228,-
31384,“ϊ‹g’Γ‘Ί,4,1,-,3,-,-,-,26,3,-,23,-,-,-
31386,‘εR’¬,58,58,-,-,-,-,-,182,182,-,-,-,-,-
31389,“μ•”’¬,102,88,9,4,-,1,-,833,704,67,45,-,17,-
31390,”γΛ’¬,2,2,-,-,-,-,-,5,5,-,-,-,-,-
31401,“ϊ“μ’¬,11,3,5,-,-,3,-,235,48,113,-,-,74,-
31402,“ϊ–μ’¬,6,6,-,-,-,-,-,79,79,-,-,-,-,-
31403,]•{’¬,13,6,1,2,-,4,-,19,12,1,2,-,4,-
32000,“‡ª§,1100,896,37,99,-,67,1,12598,10642,207,870,-,878,1
32201,Ό]s,158,109,8,19,-,22,-,932,670,51,86,-,125,-
32202,•l“cs,88,73,2,8,-,5,-,462,401,12,21,-,28,-
32203,o‰_s,124,106,2,14,-,2,-,3344,2957,20,306,-,61,-
32204,‰v“cs,187,156,9,3,-,18,1,971,843,24,4,-,99,1
32205,‘ε“cs,91,90,-,-,-,1,-,698,697,-,-,-,1,-
32206,ΐ—s,15,14,-,-,-,1,-,119,105,-,-,-,14,-
32207,]’Γs,67,60,-,3,-,4,-,285,163,-,3,-,119,-
32209,‰_“μs,69,49,13,7,-,-,-,445,363,61,21,-,-,-
32343,‰o‰_’¬,73,56,1,10,-,6,-,868,657,8,87,-,116,-
32386,”Ρ“μ’¬,1,1,-,-,-,-,-,65,65,-,-,-,-,-
32441,μ–{’¬,21,21,-,-,-,-,-,212,212,-,-,-,-,-
32448,”ό‹½’¬,1,1,-,-,-,-,-,18,18,-,-,-,-,-
32449,—W“μ’¬,12,12,-,-,-,-,-,149,149,-,-,-,-,-
32501,’Γa–μ’¬,28,28,-,-,-,-,-,157,157,-,-,-,-,-
32505,‹g‰κ’¬,82,61,2,11,-,8,-,3135,2557,31,232,-,315,-
32525,Cm’¬,41,29,-,12,-,-,-,298,248,-,50,-,-,-
32526,Όƒm“‡’¬,1,1,-,-,-,-,-,1,1,-,-,-,-,-
32527,’m•v‘Ί,24,12,-,12,-,-,-,120,60,-,60,-,-,-
32528,‰Bς‚Μ“‡’¬,17,17,-,-,-,-,-,319,319,-,-,-,-,-
33000,‰ªR§,2896,1928,110,111,19,717,11,73092,61733,1871,1572,798,6730,388
33100,‰ªRs,469,237,73,10,7,142,-,10550,8275,679,90,511,995,-
33202,‘q•~s,782,328,12,13,2,424,3,9444,4825,847,168,25,3558,21
33203,’ΓRs,438,421,4,5,3,2,3,10020,9245,138,190,89,79,279
33204,‹Κ–μs,124,104,8,1,1,10,-,532,466,10,1,40,15,-
33205,}‰ªs,9,-,-,-,-,9,-,137,-,-,-,-,137,-
33207,δ΄s,6,3,-,-,-,3,-,162,104,-,-,-,58,-
33208,‘Πs,62,62,-,-,-,-,-,1591,1591,-,-,-,-,-
33209,‚—ΐs,53,53,-,-,-,-,-,850,850,-,-,-,-,-
33210,V©s,65,20,2,30,2,11,-,862,661,11,148,11,31,-
33211,”υ‘Os,119,117,-,1,1,-,-,4125,4021,-,27,77,-,-
33212,£Λ“ΰs,34,34,-,-,-,-,-,1675,1675,-,-,-,-,-
33213,Τ”Φs,102,98,-,-,-,4,-,689,663,-,-,-,26,-
33214,^’λs,382,303,3,43,3,30,-,28339,26937,62,738,45,557,-
33215,”όμs,56,54,-,-,-,-,2,610,570,-,-,-,-,40
33216,σϋs,8,7,-,-,-,1,-,219,145,-,-,-,74,-
33346,a‹C’¬,17,17,-,-,-,-,-,255,255,-,-,-,-,-
33423,‘“‡’¬,-,-,-,-,-,-,-,-,-,-,-,-,-,-
33445,—Ά―’¬,18,5,-,2,-,11,-,65,9,-,9,-,47,-
33461,–ξ|’¬,22,19,-,-,-,-,3,443,395,-,-,-,-,48
33586,V―‘Ί,26,26,-,-,-,-,-,702,702,-,-,-,-,-
33606,‹Ύ–μ’¬,10,10,-,-,-,-,-,244,244,-,-,-,-,-
33622,‰›’¬,-,-,-,-,-,-,-,-,-,-,-,-,-,-
33623,“ή‹`’¬,15,-,-,-,-,15,-,137,-,-,-,-,137,-
33643,ΌΎ‘q‘Ί,2,-,1,1,-,-,-,24,-,11,13,-,-,-
33663,‹v•Δ“μ’¬,44,-,-,-,-,44,-,804,-,-,-,-,804,-
33666,”όη’¬,24,10,6,-,-,8,-,316,100,86,-,-,130,-
33681,‹g”υ’†‰›’¬,9,-,1,5,-,3,-,297,-,27,188,-,82,-
34000,L“‡§,2033,1007,89,547,5,379,6,40441,26696,1603,6703,83,5208,148
34100,L“‡s,386,211,28,20,4,118,5,7062,3842,616,485,77,1958,84
34202,ΰs,91,43,9,31,-,8,-,2458,1330,184,821,-,123,-
34203,’|΄s,17,2,1,1,-,12,1,2016,891,80,62,-,919,64
34204,O΄s,52,26,2,19,-,5,-,1120,513,39,298,-,270,-
34205,”φ“Ήs,114,77,6,26,-,5,-,4927,3999,153,715,-,60,-
34207,•Rs,35,33,2,-,-,-,-,6688,6623,65,-,-,-,-
34208,•{’†s,30,30,-,-,-,-,-,139,139,-,-,-,-,-
34209,Os,15,15,-,-,-,-,-,188,188,-,-,-,-,-
34210,―΄s,34,22,-,11,-,1,-,707,433,-,259,-,15,-
34211,‘ε’|s,145,24,-,-,-,121,-,849,184,-,-,-,665,-
34212,“L“‡s,112,105,3,3,1,-,-,1053,1039,4,4,6,-,-
34213,“ω“ϊss,23,20,-,2,-,1,-,121,109,-,4,-,8,-
34214,ΐ|‚“cs,145,145,-,-,-,-,-,2687,2687,-,-,-,-,-
34215,]“c“‡s,85,10,-,20,-,55,-,1431,205,-,529,-,697,-
34302,•{’†’¬,28,28,-,-,-,-,-,746,746,-,-,-,-,-
34304,C“c’¬,40,40,-,-,-,-,-,926,926,-,-,-,-,-
34307,F–μ’¬,13,13,-,-,-,-,-,578,578,-,-,-,-,-
34309,β’¬,59,1,-,38,-,20,-,115,1,-,53,-,61,-
34368,ΐ|‘Ύ“c’¬,25,4,21,-,-,-,-,277,31,246,-,-,-,-
34369,–kL“‡’¬,-,-,-,-,-,-,-,-,-,-,-,-,-,-
34431,‘εθγ“‡’¬,34,2,-,-,-,32,-,447,21,-,-,-,426,-
34462,Ά—…’¬,534,142,16,376,-,-,-,5811,2133,205,3473,-,-,-
34545,_Ξ‚΄’¬,16,14,1,-,-,1,-,95,78,11,-,-,6,-
35000,Rϋ§,1257,998,117,70,1,70,1,21164,17936,1312,608,2,1298,8
35201,‰ΊΦs,307,251,20,35,-,1,-,1718,1432,150,133,-,3,-
35202,‰F•”s,96,89,-,7,-,-,-,3204,3086,-,118,-,-,-
35203,Rϋs,218,203,-,8,-,7,-,4463,4156,-,164,-,143,-
35204,”‹s,104,96,1,4,1,2,-,200,185,4,4,2,5,-
35206,–h•{s,8,8,-,-,-,-,-,244,244,-,-,-,-,-
35207,‰ΊΌs,22,16,5,-,-,1,-,475,281,179,-,-,15,-
35208,β‘s,28,23,5,-,-,-,-,332,273,59,-,-,-,-
35210,υs,28,18,9,-,-,1,-,321,256,31,-,-,34,-
35211,’·–εs,31,25,-,-,-,6,-,542,454,-,-,-,88,-
35212,–φδs,30,26,2,2,-,-,-,519,494,8,17,-,-,-
35213,”ό”Is,43,32,1,3,-,7,-,455,352,1,85,-,17,-
35215,ό“μs,142,66,70,-,-,6,-,4229,2985,836,-,-,408,-
35216,R—z¬–μ“cs,79,60,1,3,-,15,-,1798,1429,15,32,-,322,-
35305,ό–h‘ε“‡’¬,17,17,-,-,-,-,-,319,319,-,-,-,-,-
35321,a–Ψ’¬,26,25,-,-,-,-,1,1551,1543,-,-,-,-,8
35341,γΦ’¬,16,13,-,3,-,-,-,199,155,-,44,-,-,-
35343,“c•z{’¬,23,15,1,5,-,2,-,122,85,7,11,-,19,-
35344,•½¶’¬,-,-,-,-,-,-,-,-,-,-,-,-,-,-
35502,Ά•’¬,39,15,2,-,-,22,-,473,207,22,-,-,244,-
36000,“Ώ“‡§,697,514,20,10,-,142,11,7841,7007,106,43,-,632,53
36201,“Ώ“‡s,176,88,9,-,-,79,-,786,611,10,-,-,165,-
36202,–Β–εs,10,10,-,-,-,-,-,133,133,-,-,-,-,-
36203,¬Ό“‡s,23,3,-,-,-,20,-,116,54,-,-,-,62,-
36204,Ά“μs,40,27,4,-,-,9,-,317,75,47,-,-,195,-
36205,‹g–μμs,17,17,-,-,-,-,-,136,136,-,-,-,-,-
36206,Ά”gs,2,2,-,-,-,-,-,20,20,-,-,-,-,-
36207,”ό”ns,18,7,-,-,-,-,11,192,139,-,-,-,-,53
36208,ODs,20,19,-,-,-,1,-,336,296,-,-,-,40,-
36301,‰Y’¬,4,4,-,-,-,-,-,11,11,-,-,-,-,-
36302,γ’¬,12,12,-,-,-,-,-,44,44,-,-,-,-,-
36321,²“ί‰Ν“ΰ‘Ί,8,8,-,-,-,-,-,156,156,-,-,-,-,-
36341,Ξδ’¬,12,12,-,-,-,-,-,701,701,-,-,-,-,-
36342,_R’¬,9,9,-,-,-,-,-,72,72,-,-,-,-,-
36368,“ί‰κ’¬,76,76,-,-,-,-,-,569,569,-,-,-,-,-
36383,–΄ς’¬,30,22,-,-,-,8,-,763,707,-,-,-,56,-
36387,”ό”g’¬,26,14,-,-,-,12,-,155,86,-,-,-,69,-
36388,C—z’¬,52,52,-,-,-,-,-,419,419,-,-,-,-,-
36401,Ό–Ξ’¬,42,42,-,-,-,-,-,424,424,-,-,-,-,-
36402,–k“‡’¬,10,-,-,-,-,10,-,20,-,-,-,-,20,-
36403,—•Z’¬,29,26,1,1,-,1,-,204,147,13,21,-,23,-
36404,”Β–μ’¬,36,36,-,-,-,-,-,452,452,-,-,-,-,-
36405,γ”Β’¬,15,15,-,-,-,-,-,127,127,-,-,-,-,-
36468,‚Β‚ι‚¬’¬,11,-,-,9,-,2,-,24,-,-,22,-,2,-
36489,“‚έ‚ζ‚µ’¬,19,13,6,-,-,-,-,1664,1628,36,-,-,-,-
37000,μ§,1236,860,17,219,-,139,1,17473,12360,293,2091,-,2678,51
37201,‚Όs,117,103,3,1,-,10,-,2517,2278,82,36,-,121,-
37202,Ϋ‹Ts,436,262,5,99,-,70,-,9477,6602,162,1189,-,1524,-
37203,βos,16,14,1,1,-,-,-,126,100,1,25,-,-,-
37204,‘P’Κ›s,233,233,-,-,-,-,-,718,718,-,-,-,-,-
37205,Ο‰Ή›s,41,38,1,-,-,2,-,1115,939,12,-,-,164,-
37206,‚³‚Κ‚«s,14,5,-,-,-,9,-,51,8,-,-,-,43,-
37207,“‚©‚ª‚νs,68,68,-,-,-,-,-,301,301,-,-,-,-,-
37208,O–Ls,34,27,3,-,-,4,-,100,73,12,-,-,15,-
37322,“y―’¬,27,22,2,-,-,3,-,161,155,3,-,-,3,-
37324,¬“¤“‡’¬,19,14,-,-,-,5,-,450,259,-,-,-,191,-
37341,O–Ψ’¬,19,10,-,-,-,9,-,65,48,-,-,-,17,-
37364,’Ό“‡’¬,28,25,1,-,-,2,-,131,93,19,-,-,19,-
37386,‰F‘½’Γ’¬,100,4,1,93,-,2,-,316,93,2,213,-,8,-
37387,»μ’¬,16,5,-,-,-,11,-,358,102,-,-,-,256,-
37403,‹Υ•½’¬,15,15,-,-,-,-,-,27,27,-,-,-,-,-
37404,‘½“x’Γ’¬,25,4,-,17,-,3,1,640,166,-,258,-,165,51
37406,‚ά‚ρ‚Μ‚¤’¬,28,11,-,8,-,9,-,920,398,-,370,-,152,-
38000,¤•Q§,1981,1645,15,113,60,148,-,10600,7497,235,1140,290,1438,-
38201,ΌRs,62,62,-,-,-,-,-,1216,1216,-,-,-,-,-
38202,΅΅s,1119,1116,1,1,-,1,-,1990,1984,4,1,-,1,-
38203,‰Fa“‡s,146,31,9,-,60,46,-,1464,327,212,-,290,635,-
38204,”ª”¦•ls,23,17,-,-,-,6,-,158,79,-,-,-,79,-
38205,V‹•ls,43,31,-,-,-,12,-,211,140,-,-,-,71,-
38206,Όπs,190,128,2,3,-,57,-,1733,1292,3,7,-,431,-
38207,‘εFs,79,76,1,2,-,-,-,290,283,3,4,-,-,-
38210,Ι—\s,12,10,1,-,-,1,-,84,66,11,-,-,7,-
38213,l‘’†‰›s,9,8,1,-,-,-,-,19,17,2,-,-,-,-
38214,Ό—\s,15,3,-,-,-,12,-,116,16,-,-,-,100,-
38215,“‰·s,28,14,-,11,-,3,-,69,18,-,37,-,14,-
38356,γ“‡’¬,3,2,-,-,-,1,-,77,76,-,-,-,1,-
38386,‹v–‚΄’¬,2,2,-,-,-,-,-,2,2,-,-,-,-,-
38401,Ό‘O’¬,16,16,-,-,-,-,-,105,105,-,-,-,-,-
38402,“u•”’¬,4,4,-,-,-,-,-,4,4,-,-,-,-,-
38422,“ΰq’¬,21,21,-,-,-,-,-,330,330,-,-,-,-,-
38442,Ι•ϋ’¬,19,17,-,1,-,1,-,358,339,-,9,-,10,-
38484,Ό–μ’¬,11,11,-,-,-,-,-,208,208,-,-,-,-,-
38488,‹S–k’¬,166,63,-,95,-,8,-,2136,965,-,1082,-,89,-
38506,¤“μ’¬,13,13,-,-,-,-,-,30,30,-,-,-,-,-
39000,‚’m§,443,246,104,29,-,63,1,4988,3336,911,92,-,648,1
39201,‚’ms,28,7,2,1,-,18,-,640,173,60,23,-,384,-
39202,ΊΛs,26,26,-,-,-,-,-,164,164,-,-,-,-,-
39203,ΐ|s,43,43,-,-,-,-,-,1832,1832,-,-,-,-,-
39204,“μ‘s,4,4,-,-,-,-,-,6,6,-,-,-,-,-
39205,“y²s,97,7,90,-,-,-,-,739,120,619,-,-,-,-
39206,{θs,10,10,-,-,-,-,-,215,215,-,-,-,-,-
39208,h–Ρs,-,-,-,-,-,-,-,-,-,-,-,-,-,-
39209,“y²΄…s,59,59,-,-,-,-,-,86,86,-,-,-,-,-
39210,l–\s,38,3,1,17,-,17,-,50,3,1,24,-,22,-
39211,“μs,-,-,-,-,-,-,-,-,-,-,-,-,-,-
39212,”όs,15,15,-,-,-,-,-,237,237,-,-,-,-,-
39301,“—m’¬,3,3,-,-,-,-,-,6,6,-,-,-,-,-
39307,|Ό‘Ί,3,3,-,-,-,-,-,53,53,-,-,-,-,-
39341,–{R’¬,5,5,-,-,-,-,-,41,41,-,-,-,-,-
39344,‘ε–L’¬,5,5,-,-,-,-,-,14,14,-,-,-,-,-
39363,“y²’¬,4,-,4,-,-,-,-,158,-,158,-,-,-,-
39364,‘εμ‘Ί,2,-,1,-,-,1,-,108,-,54,-,-,54,-
39386,‚Ά‚Μ’¬,7,7,-,-,-,-,-,15,15,-,-,-,-,-
39387,m—„μ’¬,-,-,-,-,-,-,-,-,-,-,-,-,-,-
39401,’†“y²’¬,12,12,-,-,-,-,-,84,84,-,-,-,-,-
39402,²μ’¬,-,-,-,-,-,-,-,-,-,-,-,-,-,-
39403,‰z’m’¬,3,3,-,-,-,-,-,27,27,-,-,-,-,-
39405,΄’¬,4,1,-,-,-,3,-,70,29,-,-,-,41,-
39410,“ϊ‚‘Ί,19,3,2,4,-,10,-,292,135,14,35,-,108,-
39411,’Γ–μ’¬,4,2,-,-,-,2,-,71,59,-,-,-,12,-
39412,l–\’¬,-,-,-,-,-,-,-,-,-,-,-,-,-,-
39424,‘ε’¬,22,12,-,-,-,10,-,41,16,-,-,-,25,-
39427,O΄‘Ί,-,-,-,-,-,-,-,-,-,-,-,-,-,-
39428,•’ª’¬,30,16,4,7,-,2,1,39,21,5,10,-,2,1
39878,’†|LζA‡,-,-,-,-,-,-,-,-,-,-,-,-,-,-
40000,•‰ª§,5219,3488,34,1007,32,655,3,62513,34618,717,17738,374,9001,65
40100,–k‹γBs,292,124,3,9,-,156,-,5873,1827,45,316,-,3685,-
40130,•‰ªs,1846,1452,19,220,13,140,2,22462,14584,174,6703,16,929,56
40202,‘ε–΄“cs,54,29,-,-,-,25,-,1362,377,-,-,-,985,-
40203,‹v—―•Δs,26,20,-,-,-,6,-,154,105,-,-,-,49,-
40204,’Ό•ϋs,18,18,-,-,-,-,-,962,962,-,-,-,-,-
40205,”Ρ’Λs,484,366,1,111,-,6,-,1343,1124,2,198,-,19,-
40206,“cμs,85,85,-,-,-,-,-,317,317,-,-,-,-,-
40207,–φμs,-,-,-,-,-,-,-,-,-,-,-,-,-,-
40210,”ª—s,26,22,-,-,-,4,-,201,148,-,-,-,53,-
40211,’}γs,39,22,-,-,-,17,-,277,223,-,-,-,54,-
40212,‘εμs,-,-,-,-,-,-,-,-,-,-,-,-,-,-
40213,s‹΄s,50,35,1,-,-,14,-,1666,1020,300,-,-,346,-
40214,–L‘Os,146,21,1,121,-,3,-,422,101,1,313,-,7,-
40215,’†Τs,83,59,-,-,19,5,-,1330,963,-,-,358,9,-
40216,¬Ss,-,-,-,-,-,-,-,-,-,-,-,-,-,-
40217,’}‡–μs,408,-,2,400,-,6,-,8593,-,52,8436,-,105,-
40218,t“ϊs,10,8,-,-,-,2,-,114,101,-,-,-,13,-
40219,‘ε–μιs,301,301,-,-,-,-,-,2860,2860,-,-,-,-,-
40220,@‘s,29,21,-,-,-,8,-,145,70,-,-,-,75,-
40221,‘ΎΙ•{s,17,15,-,1,-,-,1,91,78,-,4,-,-,9
40223,Γ‰κs,46,45,1,-,-,-,-,288,279,9,-,-,-,-
40224,•’Γs,-,-,-,-,-,-,-,-,-,-,-,-,-,-
40225,‚¤‚«‚Νs,5,-,-,-,-,5,-,8,-,-,-,-,8,-
40226,‹{αs,53,53,-,-,-,-,-,73,73,-,-,-,-,-
40227,‰Γ–ƒs,103,103,-,-,-,-,-,486,486,-,-,-,-,-
40228,’©‘qs,63,29,2,25,-,7,-,1395,536,41,507,-,311,-
40229,‚έ‚β‚άs,5,5,-,-,-,-,-,116,116,-,-,-,-,-
40230,…“‡s,61,57,-,-,-,4,-,629,615,-,-,-,14,-
40231,“ί‰Ομs,13,1,-,-,-,12,-,85,3,-,-,-,82,-
40341,‰F”ό’¬,-,-,-,-,-,-,-,-,-,-,-,-,-,-
40342,ΒI’¬,5,3,-,-,-,2,-,19,5,-,-,-,14,-
40343,u–Ζ’¬,37,37,-,-,-,-,-,550,550,-,-,-,-,-
40344,{b’¬,-,-,-,-,-,-,-,-,-,-,-,-,-,-
40345,V‹{’¬,16,13,-,-,-,3,-,108,87,-,-,-,21,-
40348,‹vR’¬,3,2,-,-,-,1,-,82,66,-,-,-,16,-
40349,””‰®’¬,63,63,-,-,-,-,-,478,478,-,-,-,-,-
40381,°‰®’¬,87,31,-,-,-,56,-,1386,683,-,-,-,703,-
40382,…ª’¬,24,16,-,-,-,8,-,62,48,-,-,-,14,-
40383,‰ª_’¬,24,18,1,-,-,5,-,846,613,37,-,-,196,-
40384,‰“‰κ’¬,42,24,-,-,-,18,-,131,48,-,-,-,83,-
40401,¬’|’¬,77,25,-,-,-,52,-,132,33,-,-,-,99,-
40402,Ζθ’¬,51,22,-,-,-,29,-,422,223,-,-,-,199,-
40421,jμ’¬,-,-,-,-,-,-,-,-,-,-,-,-,-,-
40447,’}‘O’¬,34,15,-,13,-,6,-,843,440,-,267,-,136,-
40448,“•τ‘Ί,4,4,-,-,-,-,-,116,116,-,-,-,-,-
40503,‘ε“τ’¬,6,6,-,-,-,-,-,427,427,-,-,-,-,-
40522,‘ε–Ψ’¬,16,-,-,-,-,16,-,239,-,-,-,-,239,-
40544,Lμ’¬,92,92,-,-,-,-,-,1107,1107,-,-,-,-,-
40601,t’¬,55,13,-,42,-,-,-,251,108,-,143,-,-,-
40602,“Y“c’¬,8,8,-,-,-,-,-,36,36,-,-,-,-,-
40604,…“c’¬,141,77,-,55,-,9,-,1695,920,-,682,-,93,-
40605,μθ’¬,9,9,-,-,-,-,-,19,19,-,-,-,-,-
40608,‘ε”C’¬,2,2,-,-,-,-,-,47,47,-,-,-,-,-
40609,Τ‘Ί,54,42,2,-,-,10,-,405,323,12,-,-,70,-
40610,•’q’¬,24,24,-,-,-,-,-,144,144,-,-,-,-,-
40621,΅“c’¬,5,-,1,3,-,1,-,168,-,44,76,-,48,-
40625,‚έ‚β‚±’¬,17,5,-,-,-,12,-,298,60,-,-,-,238,-
40642,‹g•x’¬,34,20,-,7,-,7,-,457,276,-,93,-,88,-
40646,γ–Ρ’¬,26,26,-,-,-,-,-,793,793,-,-,-,-,-
40647,’zγ’¬,-,-,-,-,-,-,-,-,-,-,-,-,-,-
41000,²‰κ§,738,553,23,32,-,130,-,8274,5891,243,484,-,1656,-
41201,²‰κs,134,101,1,-,-,32,-,1201,1025,8,-,-,168,-
41202,“‚’Γs,82,75,4,3,-,-,-,334,312,12,10,-,-,-
41203,’Ή²s,21,21,-,-,-,-,-,123,123,-,-,-,-,-
41204,‘½‹vs,25,25,-,-,-,-,-,100,100,-,-,-,-,-
41205,Ι–—Άs,112,54,-,14,-,44,-,438,90,-,212,-,136,-
41206,•—Ys,34,15,9,9,-,1,-,831,619,101,101,-,10,-
41207,­“‡s,19,-,2,-,-,17,-,764,-,36,-,-,728,-
41208,¬ιs,13,13,-,-,-,-,-,342,342,-,-,-,-,-
41209,π–μs,25,14,6,3,-,2,-,463,249,81,96,-,37,-
41210,_ιs,8,8,-,-,-,-,-,11,11,-,-,-,-,-
41327,‹g–μƒ–—Ά’¬,109,109,-,-,-,-,-,2204,2204,-,-,-,-,-
41341,ξR’¬,63,54,-,-,-,9,-,780,712,-,-,-,68,-
41345,γ•τ’¬,-,-,-,-,-,-,-,-,-,-,-,-,-,-
41346,‚έ‚β‚«’¬,-,-,-,-,-,-,-,-,-,-,-,-,-,-
41387,ΊC’¬,1,-,-,-,-,1,-,34,-,-,-,-,34,-
41401,—L“c’¬,7,7,-,-,-,-,-,16,16,-,-,-,-,-
41423,‘ε’¬’¬,56,56,-,-,-,-,-,83,83,-,-,-,-,-
41424,]–k’¬,-,-,-,-,-,-,-,-,-,-,-,-,-,-
41425,”’Ξ’¬,10,-,-,1,-,9,-,81,-,-,56,-,25,-
41441,‘Ύ—Η’¬,19,1,1,2,-,15,-,469,5,5,9,-,450,-
42000,’·θ§,1071,839,61,56,8,107,-,20754,16973,817,944,59,1961,-
42201,’·θs,349,313,8,-,8,20,-,6879,6439,99,-,59,282,-
42202,²Ά•Ϋs,175,122,34,3,-,16,-,807,335,405,4,-,63,-
42203,“‡΄s,21,21,-,-,-,-,-,115,115,-,-,-,-,-
42204,Π‘s,66,63,2,1,-,-,-,6326,6194,100,32,-,-,-
42205,‘ε‘Ίs,11,5,-,-,-,6,-,515,111,-,-,-,404,-
42207,•½Λs,53,50,-,3,-,-,-,324,275,-,49,-,-,-
42208,Ό‰Ys,18,18,-,-,-,-,-,20,20,-,-,-,-,-
42209,‘Ξ”ns,29,26,-,-,-,3,-,840,813,-,-,-,27,-
42210,λςs,55,46,1,-,-,8,-,787,516,5,-,-,266,-
42211,ά“‡s,17,9,-,-,-,8,-,208,172,-,-,-,36,-
42212,ΌCs,10,2,-,-,-,8,-,242,35,-,-,-,207,-
42213,‰_εs,54,33,7,3,-,11,-,940,489,122,34,-,295,-
42214,“μ“‡΄s,-,-,-,-,-,-,-,-,-,-,-,-,-,-
42307,’·—^’¬,47,18,1,24,-,4,-,803,222,18,482,-,81,-
42308,’Γ’¬,12,12,-,-,-,-,-,38,38,-,-,-,-,-
42321,“”ή‹n’¬,23,20,-,1,-,2,-,98,86,-,3,-,9,-
42322,μ’I’¬,15,8,-,-,-,7,-,53,33,-,-,-,20,-
42323,”g²©’¬,10,6,-,2,-,2,-,168,127,-,19,-,22,-
42383,¬’l‰κ’¬,20,20,-,-,-,-,-,185,185,-,-,-,-,-
42391,²X’¬,9,7,-,-,-,2,-,148,99,-,-,-,49,-
42411,Vγά“‡’¬,77,40,8,19,-,10,-,1258,669,68,321,-,200,-
43000,F–{§,2346,2064,77,70,-,124,11,18062,14551,995,575,-,1782,159
43100,F–{s,882,856,17,-,-,9,-,7468,6768,419,-,-,281,-
43202,”ª‘γs,10,6,3,-,-,1,-,191,115,31,-,-,45,-
43203,l‹gs,10,7,1,-,-,2,-,434,318,68,-,-,48,-
43204,r”φs,24,20,1,-,-,2,1,58,45,3,-,-,8,2
43205,…–“s,32,30,-,-,-,2,-,739,719,-,-,-,20,-
43206,‹Κ–Όs,14,4,2,1,-,7,-,160,38,18,8,-,96,-
43208,R­s,52,23,-,1,-,19,9,806,344,-,11,-,306,145
43210,‹e’rs,505,504,1,-,-,-,-,1699,1681,18,-,-,-,-
43211,‰F“ys,33,25,-,3,-,5,-,361,268,-,46,-,47,-
43212,γ“V‘s,2,2,-,-,-,-,-,36,36,-,-,-,-,-
43213,‰Fιs,8,3,-,-,-,5,-,28,17,-,-,-,11,-
43214,Ά‘hs,6,6,-,-,-,-,-,45,45,-,-,-,-,-
43215,“V‘s,86,86,-,-,-,-,-,336,336,-,-,-,-,-
43216,‡us,9,9,-,-,-,-,-,148,148,-,-,-,-,-
43348,”ό—Ά’¬,31,26,-,-,-,5,-,259,167,-,-,-,92,-
43364,‹Κ“’¬,8,-,8,-,-,-,-,81,-,81,-,-,-,-
43367,“μΦ’¬,14,-,8,-,-,6,-,119,-,54,-,-,65,-
43368,’·F’¬,31,31,-,-,-,-,-,41,41,-,-,-,-,-
43369,a…’¬,1,-,-,-,-,1,-,20,-,-,-,-,20,-
43403,‘ε’Γ’¬,132,132,-,-,-,-,-,366,366,-,-,-,-,-
43404,‹e—z’¬,13,13,-,-,-,-,-,827,827,-,-,-,-,-
43423,“μ¬‘’¬,30,30,-,-,-,-,-,55,55,-,-,-,-,-
43424,¬‘’¬,12,-,-,12,-,-,-,84,-,-,84,-,-,-
43425,YR‘Ί,-,-,-,-,-,-,-,-,-,-,-,-,-,-
43428,‚X’¬,4,4,-,-,-,-,-,4,4,-,-,-,-,-
43432,Ό΄‘Ί,5,5,-,-,-,-,-,58,58,-,-,-,-,-
43433,“μΆ‘h‘Ί,49,41,-,-,-,8,-,499,354,-,-,-,145,-
43441,δ‘D’¬,4,4,-,-,-,-,-,231,231,-,-,-,-,-
43442,‰Γ“‡’¬,-,-,-,-,-,-,-,-,-,-,-,-,-,-
43443,‰vι’¬,2,2,-,-,-,-,-,11,11,-,-,-,-,-
43444,b²’¬,18,18,-,-,-,-,-,124,124,-,-,-,-,-
43447,R“s’¬,100,25,10,39,-,25,1,1314,462,134,300,-,406,12
43468,•Xμ’¬,-,-,-,-,-,-,-,-,-,-,-,-,-,-
43482,°–k’¬,-,-,-,-,-,-,-,-,-,-,-,-,-,-
43484,’Γ“ή–Ψ’¬,7,7,-,-,-,-,-,59,59,-,-,-,-,-
43501,‹Ρ’¬,23,16,1,-,-,6,-,503,434,39,-,-,30,-
43505,‘½—Η–Ψ’¬,8,8,-,-,-,-,-,114,114,-,-,-,-,-
43506,“’‘O’¬,-,-,-,-,-,-,-,-,-,-,-,-,-,-
43507,…γ‘Ί,51,51,-,-,-,-,-,103,103,-,-,-,-,-
43510,‘—Η‘Ί,37,1,9,13,-,14,-,265,5,44,122,-,94,-
43511,ά–Ψ‘Ί,6,6,-,-,-,-,-,56,56,-,-,-,-,-
43512,R]‘Ί,83,63,16,-,-,4,-,329,202,86,-,-,41,-
43513,‹…–‘Ί,-,-,-,-,-,-,-,-,-,-,-,-,-,-
43514,‚ ‚³‚¬‚θ’¬,3,-,-,-,-,3,-,27,-,-,-,-,27,-
43531,—θ–k’¬,1,-,-,1,-,-,-,4,-,-,4,-,-,-
44000,‘ε•ª§,1598,1335,31,157,2,72,1,13392,9528,595,1723,103,1390,53
44201,‘ε•ªs,162,151,4,-,2,4,1,3047,2652,176,-,103,63,53
44202,•Κ•{s,586,581,-,-,-,5,-,2903,2500,-,-,-,403,-
44203,’†’Γs,64,50,-,-,-,14,-,185,157,-,-,-,28,-
44204,“ϊ“cs,47,44,2,-,-,1,-,418,257,10,-,-,151,-
44205,²”s,37,35,2,-,-,-,-,262,117,145,-,-,-,-
44206,‰P‹ns,121,33,6,80,-,2,-,1635,609,63,938,-,25,-
44207,’Γ‹v©s,28,23,5,-,-,-,-,189,137,52,-,-,-,-
44208,’|“cs,149,123,2,8,-,16,-,1309,948,13,136,-,212,-
44209,–Lγ‚“cs,13,11,-,-,-,2,-,181,68,-,-,-,113,-
44210,‹n’zs,99,73,4,21,-,1,-,671,374,75,219,-,3,-
44211,‰F²s,111,104,-,-,-,7,-,414,325,-,-,-,89,-
44212,–Lγ‘ε–μs,28,20,-,3,-,5,-,467,357,-,30,-,80,-
44213,—R•zs,18,16,-,-,-,2,-,276,261,-,-,-,15,-
44214,‘“s,15,15,-,-,-,-,-,212,212,-,-,-,-,-
44322,•P“‡‘Ί,-,-,-,-,-,-,-,-,-,-,-,-,-,-
44341,“ϊo’¬,32,25,-,-,-,7,-,373,282,-,-,-,91,-
44461,‹γd’¬,8,8,-,-,-,-,-,13,13,-,-,-,-,-
44462,‹θμ’¬,80,23,6,45,-,6,-,837,259,61,400,-,117,-
45000,‹{θ§,868,685,2,141,2,38,-,11597,8629,503,453,93,1919,-
45201,‹{θs,287,287,-,-,-,-,-,1314,1314,-,-,-,-,-
45202,“sιs,26,23,-,-,-,3,-,361,325,-,-,-,36,-
45203,‰„‰ªs,4,3,-,1,-,-,-,74,56,-,18,-,-,-
45204,“ϊ“μs,126,126,-,-,-,-,-,806,806,-,-,-,-,-
45205,¬—Ρs,15,15,-,-,-,-,-,78,78,-,-,-,-,-
45206,“ϊόs,21,20,-,-,-,1,-,151,143,-,-,-,8,-
45207,‹ψΤs,24,23,1,-,-,-,-,354,351,3,-,-,-,-
45208,Ό“ss,25,14,-,-,2,9,-,485,264,-,-,93,128,-
45209,‚¦‚Ρ‚Μs,2,2,-,-,-,-,-,6,6,-,-,-,-,-
45341,OÒ’¬,42,42,-,-,-,-,-,527,527,-,-,-,-,-
45361,‚΄’¬,143,3,-,140,-,-,-,494,59,-,435,-,-,-
45382,‘•x’¬,-,-,-,-,-,-,-,-,-,-,-,-,-,-
45383,»’¬,3,3,-,-,-,-,-,243,243,-,-,-,-,-
45401,‚“η’¬,16,16,-,-,-,-,-,152,152,-,-,-,-,-
45402,V•x’¬,18,18,-,-,-,-,-,99,99,-,-,-,-,-
45403,Ό•Δ—Η‘Ί,-,-,-,-,-,-,-,-,-,-,-,-,-,-
45404,–Ψι’¬,10,10,-,-,-,-,-,113,113,-,-,-,-,-
45405,μ“μ’¬,-,-,-,-,-,-,-,-,-,-,-,-,-,-
45406,“s”_’¬,18,18,-,-,-,-,-,388,388,-,-,-,-,-
45421,–εμ’¬,5,5,-,-,-,-,-,80,80,-,-,-,-,-
45429,”’Λ‘Ί,2,2,-,-,-,-,-,20,20,-,-,-,-,-
45430,’Ε—t‘Ί,25,6,1,-,-,18,-,5215,3000,500,-,-,1715,-
45431,”ό‹½’¬,-,-,-,-,-,-,-,-,-,-,-,-,-,-
45441,‚η•δ’¬,20,20,-,-,-,-,-,524,524,-,-,-,-,-
45442,“ϊ”V‰e’¬,32,29,-,-,-,3,-,84,81,-,-,-,3,-
45443,άƒP£’¬,4,-,-,-,-,4,-,29,-,-,-,-,29,-
46000,­™“‡§,1903,1098,97,586,1,116,5,34723,25190,1522,5369,104,2352,186
46201,­™“‡s,355,286,-,61,-,8,-,7003,6456,-,144,-,403,-
46203,­‰®s,110,13,-,94,-,3,-,547,201,-,282,-,64,-
46204,–θs,24,24,-,-,-,-,-,177,177,-,-,-,-,-
46206,Ά‹vªs,15,3,-,4,-,7,1,181,48,-,12,-,115,6
46208,o…s,8,5,1,-,-,2,-,56,42,10,-,-,4,-
46210,whs,43,43,-,-,-,-,-,758,758,-,-,-,-,-
46213,Ό”V•\s,37,37,-,-,-,-,-,287,287,-,-,-,-,-
46214,‚…s,-,-,-,-,-,-,-,-,-,-,-,-,-,-
46215,F–€μ“ΰs,94,77,5,-,-,10,2,2214,1467,184,-,-,453,110
46216,“ϊ’us,82,43,8,12,-,19,-,443,183,50,94,-,116,-
46217,‘]‰—s,37,37,-,-,-,-,-,756,756,-,-,-,-,-
46218,–¶“‡s,41,6,24,11,-,-,-,624,45,376,203,-,-,-
46219,‚Ά‚Ώ‚«‹ψ–Ψ–μ,20,7,1,-,-,12,-,63,17,21,-,-,25,-
46220,“μ‚³‚Β‚άs,9,1,8,-,-,-,-,103,19,84,-,-,-,-
46221,u•zus,24,11,2,-,-,11,-,225,193,11,-,-,21,-
46222,‰‚”όs,156,156,-,-,-,-,-,4380,4380,-,-,-,-,-
46223,“μ‹γBs,73,62,9,-,-,2,-,587,559,25,-,-,3,-
46224,Ι²s,73,44,-,-,-,29,-,4617,3785,-,-,-,832,-
46225,¦—Ηs,24,19,-,-,-,5,-,349,198,-,-,-,151,-
46303,O“‡‘Ί,-,-,-,-,-,-,-,-,-,-,-,-,-,-
46304,\“‡‘Ί,6,-,-,5,1,-,-,122,-,-,18,104,-,-
46392,‚³‚Β‚ά’¬,6,6,-,-,-,-,-,6,6,-,-,-,-,-
46404,’·“‡’¬,-,-,-,-,-,-,-,-,-,-,-,-,-,-
46452,—N…’¬,-,-,-,-,-,-,-,-,-,-,-,-,-,-
46468,‘εθ’¬,4,-,1,-,-,3,-,66,-,13,-,-,53,-
46482,“‹ψ—Η’¬,3,3,-,-,-,-,-,27,27,-,-,-,-,-
46490,‹Ρ]’¬,29,-,5,24,-,-,-,231,-,132,99,-,-,-
46491,“μ‘ε‹χ’¬,39,39,-,-,-,-,-,286,286,-,-,-,-,-
46492,Μ•t’¬,-,-,-,-,-,-,-,-,-,-,-,-,-,-
46501,’†νq’¬,20,19,1,-,-,-,-,628,599,29,-,-,-,-
46502,“μνq’¬,4,4,-,-,-,-,-,60,60,-,-,-,-,-
46505,‰®‹v“‡’¬,13,13,-,-,-,-,-,170,170,-,-,-,-,-
46523,‘εa‘Ί,12,10,1,1,-,-,-,101,76,15,10,-,-,-
46524,‰F‘Ί,19,19,-,-,-,-,-,28,28,-,-,-,-,-
46525,£Λ“ΰ’¬,6,3,1,-,-,2,-,225,172,25,-,-,28,-
46527,—΄‹½’¬,411,35,2,373,-,-,1,5031,797,28,4200,-,-,6
46529,μE’¬,8,8,-,-,-,-,-,332,332,-,-,-,-,-
46530,“Ώ”V“‡’¬,24,12,12,-,-,-,-,148,74,74,-,-,-,-
46531,“Vι’¬,3,-,-,-,-,3,-,84,-,-,-,-,84,-
46532,Ιε’¬,15,4,9,1,-,-,1,1392,642,379,307,-,-,64
46533,a”‘’¬,36,36,-,-,-,-,-,311,311,-,-,-,-,-
46534,’m–Ό’¬,5,5,-,-,-,-,-,1070,1070,-,-,-,-,-
46535,—^_’¬,15,8,7,-,-,-,-,1035,969,66,-,-,-,-
47000,‰«“κ§,686,492,4,169,-,21,-,8794,7023,50,1409,-,312,-
47201,“ί”es,24,24,-,-,-,-,-,261,261,-,-,-,-,-
47205,‹X–μps,50,50,-,-,-,-,-,666,666,-,-,-,-,-
47207,Ξ_s,29,28,-,-,-,1,-,858,695,-,-,-,163,-
47208,‰Y“Ys,7,4,-,-,-,3,-,22,16,-,-,-,6,-
47209,–Όμs,6,6,-,-,-,-,-,156,156,-,-,-,-,-
47210,…–s,-,-,-,-,-,-,-,-,-,-,-,-,-,-
47211,‰«“κs,36,36,-,-,-,-,-,389,389,-,-,-,-,-
47212,–L©ιs,32,30,-,-,-,2,-,85,72,-,-,-,13,-
47213,‚¤‚ι‚άs,6,6,-,-,-,-,-,136,136,-,-,-,-,-
47214,‹{Γ“‡s,-,-,-,-,-,-,-,-,-,-,-,-,-,-
47215,“μιs,26,26,-,-,-,-,-,538,538,-,-,-,-,-
47301,‘“ª‘Ί,-,-,-,-,-,-,-,-,-,-,-,-,-,-
47302,‘ε‹X–΅‘Ί,11,10,-,-,-,1,-,39,36,-,-,-,3,-
47303,“‘Ί,218,49,-,169,-,-,-,1565,156,-,1409,-,-,-
47306,΅‹Am‘Ί,12,12,-,-,-,-,-,601,601,-,-,-,-,-
47308,–{•”’¬,7,7,-,-,-,-,-,7,7,-,-,-,-,-
47311,‰¶”[‘Ί,5,5,-,-,-,-,-,126,126,-,-,-,-,-
47313,‹X–μΐ‘Ί,4,-,4,-,-,-,-,50,-,50,-,-,-,-
47314,‹ΰ•’¬,6,6,-,-,-,-,-,20,20,-,-,-,-,-
47315,Ι]‘Ί,4,4,-,-,-,-,-,177,177,-,-,-,-,-
47324,“Η’J‘Ί,-,-,-,-,-,-,-,-,-,-,-,-,-,-
47325,‰Γθ”[’¬,-,-,-,-,-,-,-,-,-,-,-,-,-,-
47326,–k’J’¬,21,8,-,-,-,13,-,138,20,-,-,-,118,-
47327,–k’†ι‘Ί,4,4,-,-,-,-,-,34,34,-,-,-,-,-
47328,’†ι‘Ί,12,12,-,-,-,-,-,28,28,-,-,-,-,-
47329,Ό΄’¬,43,43,-,-,-,-,-,203,203,-,-,-,-,-
47348,—^“ί΄’¬,-,-,-,-,-,-,-,-,-,-,-,-,-,-
47350,“μ•—΄’¬,1,1,-,-,-,-,-,15,15,-,-,-,-,-
47353,“n‰Γ•~‘Ί,-,-,-,-,-,-,-,-,-,-,-,-,-,-
47354,ΐΤ–΅‘Ί,-,-,-,-,-,-,-,-,-,-,-,-,-,-
47355,Ύ‘‘Ί,1,1,-,-,-,-,-,12,12,-,-,-,-,-
47356,“n–Όμ‘Ί,-,-,-,-,-,-,-,-,-,-,-,-,-,-
47357,“μ‘ε“‘Ί,13,12,-,-,-,1,-,115,106,-,-,-,9,-
47358,–k‘ε“‘Ί,-,-,-,-,-,-,-,-,-,-,-,-,-,-
47359,Ι•½‰®‘Ί,-,-,-,-,-,-,-,-,-,-,-,-,-,-
47360,Ι¥–Ό‘Ί,1,1,-,-,-,-,-,98,98,-,-,-,-,-
47361,‹v•Δ“‡’¬,-,-,-,-,-,-,-,-,-,-,-,-,-,-
47362,”ªd£’¬,97,97,-,-,-,-,-,2308,2308,-,-,-,-,-
47375,‘½—ΗΤ‘Ί,4,4,-,-,-,-,-,41,41,-,-,-,-,-
47381,’|•x’¬,6,6,-,-,-,-,-,106,106,-,-,-,-,-
47382,—^“ί‘’¬,-,-,-,-,-,-,-,-,-,-,-,-,-,-
