k,クラスタ内平方和,直線からの距離,採用
1,4218.000000000001,0.0,False
2,2362.507070607526,5.245503753380499,False
3,1931.7018110511365,5.695578767693887,True
4,1677.8749536390267,5.549953170704516,False
5,1509.3948953732674,5.11705443864205,False
6,1372.3038091885326,4.578501967873164,False
7,1245.4924590363576,4.005348410392948,False
8,1155.0132548684892,3.309902633576565,False
9,1095.845164494234,2.50906518522605,False
10,1038.8968876553067,1.7007559535169363,False
11,986.7624436945482,0.8762435967174711,False
12,949.9969820848551,0.0,False
