市,順位,都道府県,市区町村,人口,距離
和歌山市,1,岐阜県,岐阜市,402557.0,0.4352451037670484
和歌山市,2,香川県,高松市,417496.0,0.6109894997053686
和歌山市,3,徳島県,徳島市,252391.0,0.6301255336916811
和歌山市,4,神奈川県,横須賀市,388078.0,0.656488942730635
和歌山市,5,岡山県,倉敷市,474592.0,0.7134394485394374
和歌山市,6,兵庫県,加古川市,260878.0,0.7212287023039581
和歌山市,7,群馬県,前橋市,332149.0,0.7333412588079006
和歌山市,8,愛媛県,松山市,511192.0,0.7813863848736532
海南市,1,千葉県,館山市,45153.0,0.6996731134376817
海南市,2,香川県,三豊市,61857.0,0.7306284865787279
海南市,3,千葉県,山武市,48444.0,0.7489358760045176
海南市,4,徳島県,鳴門市,54622.0,0.8168536362678187
海南市,5,茨城県,桜川市,39122.0,0.8171485689622819
海南市,6,新潟県,阿賀野市,40696.0,0.8197097601807454
海南市,7,岡山県,瀬戸内市,36048.0,0.8243031671517873
海南市,8,福島県,二本松市,53557.0,0.8836117404043882
橋本市,1,長野県,千曲市,58852.0,0.4425330293555365
橋本市,2,佐賀県,武雄市,47914.0,0.673666631179511
橋本市,3,群馬県,渋川市,74581.0,0.7072935280805703
橋本市,4,新潟県,新発田市,94927.0,0.8656736071758179
橋本市,5,茨城県,笠間市,73173.0,0.8706605055127368
橋本市,6,山口県,山陽小野田市,60326.0,0.8813247338089316
橋本市,7,静岡県,伊豆の国市,46804.0,0.8883213427659974
橋本市,8,茨城県,石岡市,73061.0,0.905060887523882
田辺市,1,大分県,日田市,62657.0,0.6143824917367219
田辺市,2,青森県,十和田市,60378.0,0.6904328127432945
田辺市,3,広島県,三次市,50681.0,0.7435193176867594
田辺市,4,岐阜県,高山市,84419.0,0.8566964594466122
田辺市,5,新潟県,南魚沼市,54851.0,0.8602472968092174
田辺市,6,群馬県,沼田市,45337.0,0.8866607694501997
田辺市,7,秋田県,由利本荘市,74707.0,0.9862697316640903
田辺市,8,岩手県,花巻市,93193.0,1.0300221349080194
紀の川市,1,熊本県,菊池市,46416.0,0.5295679034836172
紀の川市,2,熊本県,宇城市,57032.0,0.6911571018005541
紀の川市,3,山梨県,笛吹市,66947.0,0.901508378264559
紀の川市,4,兵庫県,淡路市,41967.0,0.9715271060880308
紀の川市,5,長崎県,島原市,43338.0,0.9879567639496059
紀の川市,6,福岡県,八女市,60608.0,0.9885248200080635
紀の川市,7,熊本県,山鹿市,49025.0,1.0698305763750986
紀の川市,8,福岡県,朝倉市,50273.0,1.11392990432263
岩出市,1,京都府,木津川市,77907.0,0.5073409752747979
岩出市,2,山梨県,甲斐市,75313.0,0.5502430748059598
岩出市,3,福岡県,福津市,67033.0,0.7346387718482175
岩出市,4,石川県,能美市,48523.0,0.7677097249683245
岩出市,5,福岡県,古賀市,58786.0,0.7739724318586827
岩出市,6,奈良県,天理市,63889.0,0.7758195015921858
岩出市,7,福井県,鯖江市,68302.0,0.7874519778112442
岩出市,8,長崎県,長与町,40780.0,0.8102994622363581
