分野,列名,望ましい向き,係数_1SD,係数_1単位,想定どおりの向きの割合,効いた,種別,表示名,操作可能性,操作可能性の理由
地域とのつながり,既婚者割合,1,2.5798573325133005,0.8662030684349424,1.0,True,個別KPI,既婚者割合,動かせない,人口構造・個人の選択の結果
地域とのつながり,高齢単身世帯割合,-1,-2.1088049084854417,-0.7657831199053163,1.0,True,個別KPI,高齢単身世帯割合,動かせない,人口構造・家族構成の結果
地域とのつながり,人口あたり宗教の事業所数,1,1.3109669844296363,0.021208084629154744,1.0,True,個別KPI,人口あたり宗教の事業所数,動かせない,市の施策の対象外
地域とのつながり,人口あたりNPOの数,1,2.091448938061898,0.05432655109805789,1.0,True,個別KPI,人口あたりNPOの数,動かせる,設立・活動の支援で動かせる
地域とのつながり,人口あたり自殺者数,-1,-0.4556375102910708,-0.08764885323256122,1.0,True,個別KPI,人口あたり自殺者数,動かせない,多くの要因が重なった結果の指標
地域とのつながり,拡大家族世帯割合,1,0.979705771129383,0.19805394374259322,0.87,False,個別KPI,拡大家族世帯割合,動かせない,家族構成の結果
地域とのつながり,居住期間20年以上割合,1,-2.3972676626609197,-0.28631122569186984,0.0,False,追加の変数,居住期間20年以上（出生時からを含む）の人口割合,動かせない,人の出入りの結果
地域とのつながり,共同住宅世帯割合,-1,0.6831201803807774,0.039457744550167616,0.0,False,追加の変数,共同住宅に住む一般世帯の割合,動かせない,住宅ストックの結果
地域とのつながり,昼夜間人口比率,1,-1.8128431915906207,-0.0317237378354694,0.0,False,追加の変数,昼夜間人口比率,動かせない,通勤・通学の流れの結果
地域とのつながり,他市区町村への通勤者割合,-1,0.28410185517032255,0.015270051013397906,0.03,False,追加の変数,就業者に占める他市区町村への通勤者の割合,動かせない,通勤の流れの結果
地域とのつながり,人口あたり政治経済文化団体の事業所数,1,0.0,0.0,0.315,False,追加の変数,人口10万人あたり政治・経済・文化団体の事業所数,動かせない,市の施策の対象外
地域とのつながり,人口あたり公民館数,1,0.0,0.0,0.525,False,追加の変数,人口10万人あたり公民館数（市町村立）,動かせる,施設の新設・転用には計画と年数が要る
地域とのつながり,人口あたり図書館数,1,0.7373121570275483,0.29081179673372054,1.0,True,追加の変数,人口10万人あたり図書館数（市町村立）,動かせる,施設の新設には計画と年数が要る
地域とのつながり,人口あたり社会体育施設数,1,1.738091695192994,0.14276161811954788,1.0,True,追加の変数,人口10万人あたり社会体育施設数（市町村立）,動かせる,施設の新設には計画と年数が要る
地域とのつながり,人口あたり集会施設数,1,-0.3176208570850055,-0.002332177050428896,0.025,False,追加の変数,人口10万人あたり集会施設数（市町村立）,動かせる,施設の新設・転用には計画と年数が要る
地域とのつながり,高齢者千人あたり通いの場の箇所数,1,0.12389495651856898,0.037071287077570216,0.46,False,追加の変数,65歳以上人口千人あたり 介護予防の通いの場の箇所数,動かせる,住民主体の通いの場の立ち上げ支援（介護予防事業）で動かせる
地域とのつながり,通いの場の参加率,1,0.0643973746108185,0.012874694494338514,0.58,False,追加の変数,介護予防の通いの場への参加率（65歳以上人口比）,動かせる,通いの場の立ち上げ・参加の呼びかけで動かせる
地域とのつながり,人口あたり地域おこし協力隊員数,1,-0.0,-0.0,0.145,False,追加の変数,人口1万人あたり地域おこし協力隊員数,動かせる,隊員の募集・受け入れで動かせる
自己効力感,転入超過割合,1,0.3079783939997355,0.6037222924368411,0.59,False,個別KPI,転入超過割合,動かせない,雇用・住宅・教育など多くの要因の結果
自己効力感,完全失業者数_人口比,-1,-0.9149958876455352,-3.0132688077266647,1.0,True,個別KPI,完全失業者数（人口比）,動かせる,雇用の場づくり・就労支援で間接に動く
自己効力感,就業率,1,-5.557830620673025,-1.469183013812591,0.0,False,追加の変数,就業率（15歳以上）,動かせる,雇用の場づくり・就労支援で間接に動く
自己効力感,女性就業率,1,3.1439263688127177,0.8386784958792489,0.99,True,追加の変数,女性の就業率（15歳以上）,動かせる,保育・就労支援で間接に動く
自己効力感,65歳以上就業率,1,0.1128100352370412,0.030132548679781195,0.505,False,追加の変数,65歳以上の就業率,動かせる,シルバー人材センター・就労支援で間接に動く
自己効力感,正規雇用割合,1,-0.0,-0.0,0.265,False,追加の変数,雇用者に占める正規の職員・従業員の割合,動かせる,企業誘致・雇用支援で間接に動く
自己効力感,大学卒業者割合,1,3.3005186895949383,0.32764598596300815,1.0,True,追加の変数,卒業者に占める大学・大学院卒業者の割合,動かせない,学歴構成の結果
自己効力感,納税義務者1人あたり課税対象所得,1,0.8663168090149254,0.0008977226458343025,0.95,True,追加の変数,納税義務者1人あたり課税対象所得,動かせる,産業振興で間接に動く
自己効力感,20_39歳人口割合,1,-0.6066016972844392,-0.1822913655165526,0.065,False,追加の変数,20〜39歳人口の割合,動かせない,人口構造の結果
自己効力感,20_39歳転入超過率,1,0.2516136964767868,0.12675905544895835,0.78,False,追加の変数,20〜39歳の転入超過率,動かせない,雇用・住宅・教育など多くの要因の結果
自己効力感,人口あたり新設事業所数,1,0.26260336398823997,0.02382415485272564,0.855,False,追加の変数,人口千人あたり新設事業所数（2016〜2021年）,動かせる,創業支援で間接に動く
自己効力感,新設事業所割合,1,0.833154785301142,0.14918064363212788,0.97,True,追加の変数,民営事業所に占める新設事業所の割合,動かせる,創業支援で間接に動く
