分野,表示名,列名,望ましい向き,目的変数,行,地域,係数_1SD,下限95,上限95,p値,q値,想定どおり有意,逆向きに有意
地域とのつながり,人口あたりNPOの数,人口あたりNPOの数,1,重点分野の主観スコア,18638,703,-2.2975858870337045,-8.586575759332742,3.991403985265334,0.4739568293600689,0.9139997414499139,False,False
地域とのつながり,人口あたりNPOの数,人口あたりNPOの数,1,幸福度,18638,703,-0.03494721019308747,-0.2353565559018979,0.16546213551572297,0.7325141117477386,0.7935569543933835,False,False
地域とのつながり,人口あたり自殺者数,人口あたり自殺者数,-1,重点分野の主観スコア,18638,703,0.016731497316952573,-0.17454758622282052,0.20801058085672564,0.8638743165053191,0.9139997414499139,False,False
地域とのつながり,人口あたり自殺者数,人口あたり自殺者数,-1,幸福度,18638,703,0.005335466278167957,-0.0011872983319803207,0.011858230888316234,0.10888314008310652,0.3694804146950645,False,False
地域とのつながり,人口10万人あたり公民館数（市町村立）,人口あたり公民館数,1,重点分野の主観スコア,18638,703,1.493015694679803,-3.129211166026762,6.115242555386368,0.52667131801689,0.9139997414499139,False,False
地域とのつながり,人口10万人あたり公民館数（市町村立）,人口あたり公民館数,1,幸福度,18638,703,0.08073281113336755,-0.06751376562405925,0.22897938789079436,0.2857976004819506,0.5307669723236226,False,False
地域とのつながり,人口10万人あたり図書館数（市町村立）,人口あたり図書館数,1,重点分野の主観スコア,18638,703,-0.37361824187032017,-7.15441794264057,6.40718145889993,0.9139997414499139,0.9139997414499139,False,False
地域とのつながり,人口10万人あたり図書館数（市町村立）,人口あたり図書館数,1,幸福度,18638,703,-0.0996257788261872,-0.35949298568942945,0.16024142803705502,0.4524066210009996,0.7076675938863631,False,False
地域とのつながり,人口10万人あたり社会体育施設数（市町村立）,人口あたり社会体育施設数,1,重点分野の主観スコア,18638,703,-1.720691917793608,-8.246938605272716,4.805554769685499,0.605318044756171,0.9139997414499139,False,False
地域とのつながり,人口10万人あたり社会体育施設数（市町村立）,人口あたり社会体育施設数,1,幸福度,18638,703,-0.1205365714867922,-0.2791554082441242,0.038082265270539845,0.13637413032440718,0.3694804146950645,False,False
地域とのつながり,人口10万人あたり集会施設数（市町村立）,人口あたり集会施設数,1,重点分野の主観スコア,18638,703,-0.5606787356241951,-2.951376260575539,1.830018789327149,0.6457535893669626,0.9139997414499139,False,False
地域とのつながり,人口10万人あたり集会施設数（市町村立）,人口あたり集会施設数,1,幸福度,18638,703,-0.015279219326121467,-0.088693945478305,0.058135506826062076,0.6833330611145142,0.7935569543933835,False,False
地域とのつながり,65歳以上人口千人あたり 介護予防の通いの場の箇所数,高齢者千人あたり通いの場の箇所数,1,重点分野の主観スコア,18638,703,0.29596513963073046,-0.4981791717824303,1.0901094510438911,0.46510826979611797,0.9139997414499139,False,False
地域とのつながり,65歳以上人口千人あたり 介護予防の通いの場の箇所数,高齢者千人あたり通いの場の箇所数,1,幸福度,18638,703,-0.0072371387565057736,-0.030635369245330807,0.016161091732319263,0.5443596876048947,0.7076675938863631,False,False
地域とのつながり,介護予防の通いの場への参加率（65歳以上人口比）,通いの場の参加率,1,重点分野の主観スコア,18638,703,0.23268919584289224,-0.4907469586791816,0.9561253503649662,0.5284178367682661,0.9139997414499139,False,False
地域とのつながり,介護予防の通いの場への参加率（65歳以上人口比）,通いの場の参加率,1,幸福度,18638,703,0.0017727242863056453,-0.02023798444290329,0.023783433015514582,0.8745696556836366,0.8745696556836366,False,False
地域とのつながり,人口1万人あたり地域おこし協力隊員数,人口あたり地域おこし協力隊員数,1,重点分野の主観スコア,18638,703,-1.1505371809138232,-3.6863532841362288,1.3852789223085822,0.3738521236382243,0.9139997414499139,False,False
地域とのつながり,人口1万人あたり地域おこし協力隊員数,人口あたり地域おこし協力隊員数,1,幸福度,18638,703,-0.03642069446635111,-0.1401388013116635,0.06729741237896131,0.49129187710395017,0.7076675938863631,False,False
自己効力感,転入超過割合,転入超過割合,1,重点分野の主観スコア,18638,703,0.09706525433977205,-0.39453883274395446,0.5886693414234986,0.6987605498267968,0.9139997414499139,False,False
自己効力感,転入超過割合,転入超過割合,1,幸福度,18638,703,0.012630307200741087,-0.0009205942736657067,0.02618120867514788,0.0677230165783189,0.3694804146950645,False,False
自己効力感,納税義務者1人あたり課税対象所得,納税義務者1人あたり課税対象所得,1,重点分野の主観スコア,18638,703,-0.1545148133120488,-0.9536483109501279,0.6446186843260302,0.7047088290920991,0.9139997414499139,False,False
自己効力感,納税義務者1人あたり課税対象所得,納税義務者1人あたり課税対象所得,1,幸福度,18638,703,0.031192664217145026,-0.0002208630588160787,0.06260619149310613,0.05162836889317155,0.3694804146950645,False,False
自己効力感,20〜39歳人口の割合,20_39歳人口割合,1,重点分野の主観スコア,18638,703,-0.3065246797491923,-4.123045687231338,3.509996327732954,0.874915579438578,0.9139997414499139,False,False
自己効力感,20〜39歳人口の割合,20_39歳人口割合,1,幸福度,18638,703,0.08426816600884492,-0.04796921149374718,0.21650554351143703,0.21166197363784423,0.4586009428819958,False,False
自己効力感,20〜39歳の転入超過率,20_39歳転入超過率,1,重点分野の主観スコア,18638,703,0.09899229061698449,-0.5954648258548872,0.7934494070888561,0.7799449745275745,0.9139997414499139,False,False
自己効力感,20〜39歳の転入超過率,20_39歳転入超過率,1,幸福度,18638,703,0.018269324135034536,-0.006123183477206865,0.04266183174727593,0.14210785180579405,0.3694804146950645,False,False
