市,類型,分野,列名,表示名,種別,望ましい向き,効いた,想定どおりの向きの割合,操作可能性,操作可能性の理由,市の値,類型中央値,目標_類型の上位4分の1,類型内%,伸びしろ,因果の確認,伸ばす数値
和歌山市,都市部,地域とのつながり,人口あたり図書館数,人口10万人あたり図書館数（市町村立）,追加の変数,1,True,1.0,動かせる,施設の新設には計画と年数が要る,0.56265,1.866525,2.645291666666667,6.343283582089552,2.082641666666667,判別できず,True
和歌山市,都市部,地域とのつながり,人口あたり社会体育施設数,人口10万人あたり社会体育施設数（市町村立）,追加の変数,1,True,1.0,動かせる,施設の新設には計画と年数が要る,3.657025,5.741975,7.645075,27.238805970149254,3.9880500000000003,判別できず,True
和歌山市,都市部,地域とのつながり,高齢単身世帯割合,高齢単身世帯割合,個別KPI,-1,True,1.0,動かせない,人口構造・家族構成の結果,15.9481,10.67605,9.370474999999999,0.7462686567164178,6.577625000000001,1時点のみ（確かめられない）,False
和歌山市,都市部,地域とのつながり,人口あたり自殺者数,人口あたり自殺者数,個別KPI,-1,True,1.0,動かせない,多くの要因が重なった結果の指標,16.818839097729967,15.362994535085452,13.374893447818764,26.865671641791046,3.4439456499112033,判別できず,False
和歌山市,都市部,地域とのつながり,人口あたりNPOの数,人口あたりNPOの数,個別KPI,1,True,1.0,動かせる,設立・活動の支援で動かせる,43.790694648982736,29.071359423657324,36.56935810972179,86.19402985074626,0.0,判別できず,False
和歌山市,都市部,地域とのつながり,既婚者割合,既婚者割合,個別KPI,1,True,1.0,動かせない,人口構造・個人の選択の結果,74.916,72.06569999999999,73.319025,94.77611940298507,0.0,1時点のみ（確かめられない）,False
和歌山市,都市部,地域とのつながり,人口あたり宗教の事業所数,人口あたり宗教の事業所数,個別KPI,1,True,1.0,動かせない,市の施策の対象外,139.3214,41.379999999999995,65.4291,98.50746268656717,0.0,1時点のみ（確かめられない）,False
和歌山市,都市部,地域とのつながり,人口あたり公民館数,人口10万人あたり公民館数（市町村立）,追加の変数,1,False,0.525,動かせる,施設の新設・転用には計画と年数が要る,0.281275,2.761233333333333,5.699683333333333,26.492537313432834,5.418408333333333,判別できず,False
和歌山市,都市部,地域とのつながり,拡大家族世帯割合,拡大家族世帯割合,個別KPI,1,False,0.87,動かせない,家族構成の結果,5.0512,5.0308,6.54425,51.11940298507462,1.4930500000000002,1時点のみ（確かめられない）,False
和歌山市,都市部,地域とのつながり,通いの場の参加率,介護予防の通いの場への参加率（65歳以上人口比）,追加の変数,1,False,0.58,動かせる,通いの場の立ち上げ・参加の呼びかけで動かせる,6.66565,4.512925,7.35730625,69.40298507462687,0.6916562499999994,判別できず,False
和歌山市,都市部,地域とのつながり,人口あたり集会施設数,人口10万人あたり集会施設数（市町村立）,追加の変数,1,False,0.025,動かせる,施設の新設・転用には計画と年数が要る,102.2652,65.4797125,96.76320833333332,78.73134328358209,0.0,判別できず,False
和歌山市,都市部,地域とのつながり,高齢者千人あたり通いの場の箇所数,65歳以上人口千人あたり 介護予防の通いの場の箇所数,追加の変数,1,False,0.46,動かせる,住民主体の通いの場の立ち上げ支援（介護予防事業）で動かせる,5.082375,2.7204291666666665,4.311025,81.34328358208955,0.0,判別できず,False
和歌山市,都市部,地域とのつながり,居住期間20年以上割合,居住期間20年以上（出生時からを含む）の人口割合,追加の変数,1,False,0.0,動かせない,人の出入りの結果,48.9751,43.89145,47.85755,82.08955223880598,0.0,1時点のみ（確かめられない）,False
和歌山市,都市部,地域とのつながり,昼夜間人口比率,昼夜間人口比率,追加の変数,1,False,0.0,動かせない,通勤・通学の流れの結果,103.709,93.84845,100.210425,83.5820895522388,0.0,1時点のみ（確かめられない）,False
和歌山市,都市部,地域とのつながり,共同住宅世帯割合,共同住宅に住む一般世帯の割合,追加の変数,-1,False,0.0,動かせない,住宅ストックの結果,29.5874,44.2802,34.03445,84.32835820895522,0.0,1時点のみ（確かめられない）,False
和歌山市,都市部,地域とのつながり,人口あたり政治経済文化団体の事業所数,人口10万人あたり政治・経済・文化団体の事業所数,追加の変数,1,False,0.315,動かせない,市の施策の対象外,88.3023,19.722949999999997,30.314925000000002,94.77611940298507,0.0,1時点のみ（確かめられない）,False
和歌山市,都市部,地域とのつながり,人口あたり地域おこし協力隊員数,人口1万人あたり地域おこし協力隊員数,追加の変数,1,False,0.145,動かせる,隊員の募集・受け入れで動かせる,0.08465,0.0,0.0,95.1492537313433,0.0,判別できず,False
和歌山市,都市部,地域とのつながり,他市区町村への通勤者割合,就業者に占める他市区町村への通勤者の割合,追加の変数,-1,False,0.03,動かせない,通勤の流れの結果,13.5508,56.99325,45.8215,98.13432835820896,0.0,1時点のみ（確かめられない）,False
田辺市,農山村の小都市,自己効力感,完全失業者数_人口比,完全失業者数（人口比）,個別KPI,-1,True,1.0,動かせる,雇用の場づくり・就労支援で間接に動く,2.2485,1.837,1.6801,12.258064516129032,0.5684,1時点のみ（確かめられない）,True
田辺市,農山村の小都市,自己効力感,女性就業率,女性の就業率（15歳以上）,追加の変数,1,True,0.99,動かせる,保育・就労支援で間接に動く,50.4004,50.4884,52.418350000000004,49.67741935483871,2.017950000000006,1時点のみ（確かめられない）,True
田辺市,農山村の小都市,自己効力感,大学卒業者割合,卒業者に占める大学・大学院卒業者の割合,追加の変数,1,True,1.0,動かせない,学歴構成の結果,12.2964,13.2012,15.8338,39.35483870967742,3.5374,1時点のみ（確かめられない）,False
田辺市,農山村の小都市,自己効力感,納税義務者1人あたり課税対象所得,納税義務者1人あたり課税対象所得,追加の変数,1,True,0.95,動かせる,産業振興で間接に動く,3039.8386666666665,2908.0558,3038.2789583333333,75.48387096774194,0.0,判別できず,False
田辺市,農山村の小都市,自己効力感,新設事業所割合,民営事業所に占める新設事業所の割合,追加の変数,1,True,0.97,動かせる,創業支援で間接に動く,20.3968,16.9846,19.19345,83.22580645161291,0.0,1時点のみ（確かめられない）,False
田辺市,農山村の小都市,自己効力感,正規雇用割合,雇用者に占める正規の職員・従業員の割合,追加の変数,1,False,0.265,動かせる,企業誘致・雇用支援で間接に動く,62.3828,66.8246,69.332,10.967741935483872,6.9491999999999905,1時点のみ（確かめられない）,False
田辺市,農山村の小都市,自己効力感,転入超過割合,転入超過割合,個別KPI,1,False,0.59,動かせない,雇用・住宅・教育など多くの要因の結果,-0.5858750254399145,-0.47546878792072167,-0.24724219479441667,32.25806451612903,0.3386328306454979,判別できず,False
田辺市,農山村の小都市,自己効力感,20_39歳転入超過率,20〜39歳の転入超過率,追加の変数,1,False,0.78,動かせない,雇用・住宅・教育など多くの要因の結果,-2.2654,-1.9915,-1.1047500000000001,41.29032258064516,1.16065,判別できず,False
田辺市,農山村の小都市,自己効力感,65歳以上就業率,65歳以上の就業率,追加の変数,1,False,0.505,動かせる,シルバー人材センター・就労支援で間接に動く,27.6893,28.2765,31.11415,44.516129032258064,3.4248499999999993,1時点のみ（確かめられない）,False
田辺市,農山村の小都市,自己効力感,20_39歳人口割合,20〜39歳人口の割合,追加の変数,1,False,0.065,動かせない,人口構造の結果,16.5133,16.50895,17.4308,50.967741935483865,0.9175000000000004,判別できず,False
田辺市,農山村の小都市,自己効力感,就業率,就業率（15歳以上）,追加の変数,1,False,0.0,動かせる,雇用の場づくり・就労支援で間接に動く,57.9965,57.8746,59.865,54.19354838709678,1.8685000000000045,1時点のみ（確かめられない）,False
田辺市,農山村の小都市,自己効力感,人口あたり新設事業所数,人口千人あたり新設事業所数（2016〜2021年）,追加の変数,1,False,0.855,動かせる,創業支援で間接に動く,13.0957,8.0407,9.1996,96.12903225806451,0.0,1時点のみ（確かめられない）,False
