モデル,比べたモデル,行数,市町村数,交差検証R2%,線形に対する上乗せ,上乗せ_下限95,上乗せ_上限95,取り込むもの,判定
ステップ3（類型を揃えた全国）,線形（Elastic Net）,18638,703,37.15289967473783,,,,,
ステップ3（類型を揃えた全国）,スプライン＋Elastic Net,18638,703,37.00070900518195,-0.12118959149909321,-0.24453457849219276,0.0017937169138290323,変数ごとの曲がり,線形で足りる
ステップ3（類型を揃えた全国）,勾配ブースティング,18638,703,36.32010201364164,-0.6773105237398284,-0.9234383215666803,-0.4165101992555186,曲がり＋組み合わせ（葉の数4）,線形で足りる
ステップ3（都市部）,線形（Elastic Net）,8541,268,38.45921280671739,,,,,
ステップ3（都市部）,スプライン＋Elastic Net,8541,268,38.220216331685464,-0.203692305718131,-0.507758793135618,0.09534838623769237,変数ごとの曲がり,線形で足りる
ステップ3（都市部）,勾配ブースティング,8541,268,37.30495718578494,-0.8519852586068567,-1.3194286165284046,-0.343035892218,曲がり＋組み合わせ（葉の数4）,線形で足りる
ステップ3（地方の中心都市）,線形（Elastic Net）,7352,280,35.80646042732564,,,,,
ステップ3（地方の中心都市）,スプライン＋Elastic Net,7352,280,35.22762602998515,-0.548866751578898,-0.7962278313375021,-0.3007208123045224,変数ごとの曲がり,線形で足りる
ステップ3（地方の中心都市）,勾配ブースティング,7352,280,34.4742777781972,-0.9947016352276844,-1.3709585545780998,-0.6234714209326839,曲がり＋組み合わせ（葉の数4）,線形で足りる
ステップ3（農山村の小都市）,線形（Elastic Net）,2745,155,35.83840798071477,,,,,
ステップ3（農山村の小都市）,スプライン＋Elastic Net,2745,155,35.03204806144195,-0.707716000830643,-1.2910504315199274,-0.07663596084328893,変数ごとの曲がり,線形で足りる
ステップ3（農山村の小都市）,勾配ブースティング,2745,155,33.40276962536278,-1.7527962915272806,-2.6148605961700513,-0.8833669247845303,曲がり＋組み合わせ（葉の数4）,線形で足りる
改善候補①（和歌山市×地域とのつながり）,線形（Elastic Net）,2219,703,11.430278942638912,,,,,
改善候補①（和歌山市×地域とのつながり）,スプライン＋Elastic Net,2219,703,13.369997088528333,2.246475218723127,-5.007528194510907,11.51500802105538,変数ごとの曲がり,線形で足りる
改善候補①（和歌山市×地域とのつながり）,勾配ブースティング,2219,703,13.381355390475184,3.5978140344930227,-4.254707759377752,13.618424570813357,曲がり＋組み合わせ（葉の数4）,線形で足りる
改善候補②（和歌山市×地域とのつながり）,線形（Elastic Net）,2219,703,18.41657046740671,,,,,
改善候補②（和歌山市×地域とのつながり）,スプライン＋Elastic Net,2219,703,13.768417592281464,-4.70434967912853,-11.631407119563866,0.4656478712962205,変数ごとの曲がり,線形で足りる
改善候補②（和歌山市×地域とのつながり）,勾配ブースティング,2219,703,12.894303457359108,-4.613076204126124,-10.34221685566265,0.36404202382021483,曲がり＋組み合わせ（葉の数4）,線形で足りる
改善候補①（田辺市×自己効力感）,線形（Elastic Net）,2219,703,43.833562398319934,,,,,
改善候補①（田辺市×自己効力感）,スプライン＋Elastic Net,2219,703,47.60185621365228,4.009521173868011,1.4138716589127394,6.4908076979995535,変数ごとの曲がり,非線形のほうが良い
改善候補①（田辺市×自己効力感）,勾配ブースティング,2219,703,45.22275719017063,2.2561092964837424,-0.9673307583213104,5.28851077834429,曲がり＋組み合わせ（葉の数4）,線形で足りる
改善候補②（田辺市×自己効力感）,線形（Elastic Net）,2219,703,51.96320616535595,,,,,
改善候補②（田辺市×自己効力感）,スプライン＋Elastic Net,2219,703,52.98092285289624,0.7906546592670044,-1.2502936318212468,3.2277626060012765,変数ごとの曲がり,線形で足りる
改善候補②（田辺市×自己効力感）,勾配ブースティング,2219,703,51.231390366990546,-0.31190168017669945,-2.5732933112622236,2.237325310307253,曲がり＋組み合わせ（葉の数4）,線形で足りる
