モデル,変数,線形の係数,曲がりの大きさ
ステップ3（類型を揃えた全国）,医療・福祉,-0.001468099639970772,0.008274687424567946
ステップ3（類型を揃えた全国）,買物・飲食,0.010966966897792248,-0.007654581701317278
ステップ3（類型を揃えた全国）,住宅環境,0.18722823891369073,-0.0017696074023503376
ステップ3（類型を揃えた全国）,移動・交通,-0.0024538813619723993,0.010990145650643948
ステップ3（類型を揃えた全国）,遊び・娯楽,-0.004220703542313819,0.026299457597136727
ステップ3（類型を揃えた全国）,子育て,0.011834791015186549,0.015821436567661842
ステップ3（類型を揃えた全国）,初等・中等教育,-0.040850494037798564,0.0056320851038435754
ステップ3（類型を揃えた全国）,地域行政,0.01025933095567604,0.008373131616247287
ステップ3（類型を揃えた全国）,デジタル生活,0.01007983996348108,0.03409707689552959
ステップ3（類型を揃えた全国）,公共空間,0.05566184907734982,0.009975086685158504
ステップ3（類型を揃えた全国）,都市景観,-0.010937213806201558,-0.0006340014568364861
ステップ3（類型を揃えた全国）,事故・犯罪,-0.055424587791735515,0.0014708590276913446
ステップ3（類型を揃えた全国）,自然景観,-0.00872138022783412,-0.02313067189566426
ステップ3（類型を揃えた全国）,自然の恵み,0.012509105640282184,-0.0328648545413029
ステップ3（類型を揃えた全国）,環境共生,-0.0013653769704121282,-0.021528289249699073
ステップ3（類型を揃えた全国）,自然災害,-0.004834183545114919,-0.006123194583584113
ステップ3（類型を揃えた全国）,地域とのつながり,0.07050759717864283,0.04263408338680292
ステップ3（類型を揃えた全国）,多様性と寛容性,-0.0509395354117988,0.06608350999561881
ステップ3（類型を揃えた全国）,自己効力感,0.19958474425166361,-0.0021635048047087863
ステップ3（類型を揃えた全国）,健康状態,0.2903625123624838,-0.015554475764276758
ステップ3（類型を揃えた全国）,文化・芸術,0.03743389222573251,0.04144336409382184
ステップ3（類型を揃えた全国）,教育機会の豊かさ,0.012466105850392128,0.02387858558871409
ステップ3（類型を揃えた全国）,雇用・所得,0.049137609359642696,0.015874734280027527
ステップ3（類型を揃えた全国）,事業創造,0.007403192207144113,0.01990818316221622
ステップ3（都市部）,医療・福祉,0.00634973444386052,0.011094209182168295
ステップ3（都市部）,買物・飲食,0.010583304220862793,-0.05672476647815765
ステップ3（都市部）,住宅環境,0.18582863527327415,0.017273754924306918
ステップ3（都市部）,移動・交通,-0.01274362598546695,0.015527291431309171
ステップ3（都市部）,遊び・娯楽,0.013495979660537118,0.02432544281242427
ステップ3（都市部）,子育て,0.018817600736682663,0.024145066046344452
ステップ3（都市部）,初等・中等教育,-0.05058854782573036,-0.01165161671259422
ステップ3（都市部）,地域行政,0.019493340792881737,-0.07105940122889853
ステップ3（都市部）,デジタル生活,0.023038941427520956,-2.31811758598033e-05
ステップ3（都市部）,公共空間,0.05106125260971796,0.015660269416144762
ステップ3（都市部）,都市景観,-0.0,-0.047362329330329425
ステップ3（都市部）,事故・犯罪,-0.08496135560925955,-0.056369503640642485
ステップ3（都市部）,自然景観,-0.0,-0.10907324234159406
ステップ3（都市部）,自然の恵み,0.008301171879998312,-0.13378200530209006
ステップ3（都市部）,環境共生,-0.02662833222734762,-0.11042869638986268
ステップ3（都市部）,自然災害,0.01865012577922837,-0.072910975683856
ステップ3（都市部）,地域とのつながり,0.0748043968974073,0.004222148158638694
ステップ3（都市部）,多様性と寛容性,-0.04064520996379318,0.0787635769722533
ステップ3（都市部）,自己効力感,0.19404011440875613,-0.031057719085979082
ステップ3（都市部）,健康状態,0.30948161983477496,-0.07836643087760964
ステップ3（都市部）,文化・芸術,0.04293811841059401,-0.016411029543026496
ステップ3（都市部）,教育機会の豊かさ,0.002159841005876428,-0.03966503826289875
ステップ3（都市部）,雇用・所得,0.04561155519241819,-0.0430669189680095
ステップ3（都市部）,事業創造,0.0008007911961808518,-0.06325905120337028
ステップ3（地方の中心都市）,医療・福祉,0.0020480763404323514,0.04102878741034587
ステップ3（地方の中心都市）,買物・飲食,0.00021581925376170418,0.02329004559322942
ステップ3（地方の中心都市）,住宅環境,0.19137271134536776,-0.002463972542590713
ステップ3（地方の中心都市）,移動・交通,0.0,0.07856624805618177
ステップ3（地方の中心都市）,遊び・娯楽,-0.04066246254497574,0.011484052176547015
ステップ3（地方の中心都市）,子育て,0.016795778672938605,-0.0073545320816367655
ステップ3（地方の中心都市）,初等・中等教育,-0.027067276951439775,0.05201210873697302
ステップ3（地方の中心都市）,地域行政,0.0,0.053871576130258475
ステップ3（地方の中心都市）,デジタル生活,0.005142400434057614,0.07213501706357518
ステップ3（地方の中心都市）,公共空間,0.057012298656095535,-0.012653931564902228
ステップ3（地方の中心都市）,都市景観,-0.017271945898352174,0.00422518475521586
ステップ3（地方の中心都市）,事故・犯罪,-0.013365629745666307,0.052598817423665366
ステップ3（地方の中心都市）,自然景観,-0.0,0.012128453047655613
ステップ3（地方の中心都市）,自然の恵み,0.0006979096134281233,0.0492842953482091
ステップ3（地方の中心都市）,環境共生,0.012928822338778609,0.03572101507477355
ステップ3（地方の中心都市）,自然災害,-0.03090391960647412,0.04679642074635591
ステップ3（地方の中心都市）,地域とのつながり,0.05009817052854714,0.05079515523014842
ステップ3（地方の中心都市）,多様性と寛容性,-0.04195637894341824,0.063616573108629
ステップ3（地方の中心都市）,自己効力感,0.19916715733601992,0.025997981278543875
ステップ3（地方の中心都市）,健康状態,0.2795642912139242,-0.0001239568965665993
ステップ3（地方の中心都市）,文化・芸術,0.017920791834042177,0.07938255032154877
ステップ3（地方の中心都市）,教育機会の豊かさ,0.003497879802455254,0.04197056203624042
ステップ3（地方の中心都市）,雇用・所得,0.06446142711554637,0.04005053278750309
ステップ3（地方の中心都市）,事業創造,0.015851983597399952,0.08835524346713519
ステップ3（農山村の小都市）,医療・福祉,-0.03202207854689867,0.004713438653130189
ステップ3（農山村の小都市）,買物・飲食,0.01406541510450603,0.05762978927622354
ステップ3（農山村の小都市）,住宅環境,0.19503050750017983,0.054731796240855474
ステップ3（農山村の小都市）,移動・交通,0.009967708587771712,0.039495455135465346
ステップ3（農山村の小都市）,遊び・娯楽,0.017061857486642257,0.051833014098665066
ステップ3（農山村の小都市）,子育て,-0.020049500964110886,0.08626498855692402
ステップ3（農山村の小都市）,初等・中等教育,-0.0,0.023946536546282433
ステップ3（農山村の小都市）,地域行政,-0.0,0.05335299889078929
ステップ3（農山村の小都市）,デジタル生活,-0.01343778484203016,0.12554433020086575
ステップ3（農山村の小都市）,公共空間,0.04233553364896873,0.12491799321624131
ステップ3（農山村の小都市）,都市景観,-0.007402655432236456,0.15241352009752052
ステップ3（農山村の小都市）,事故・犯罪,-0.04699941723837018,0.18184849781623252
ステップ3（農山村の小都市）,自然景観,-0.004638161256614154,0.0845954769381407
ステップ3（農山村の小都市）,自然の恵み,0.024729344590041568,0.055208654758124136
ステップ3（農山村の小都市）,環境共生,0.013627177272680657,0.013271379666222969
ステップ3（農山村の小都市）,自然災害,-0.0,0.07794053803967375
ステップ3（農山村の小都市）,地域とのつながり,0.06533994131110453,0.11410082234868972
ステップ3（農山村の小都市）,多様性と寛容性,-0.04531782908152382,0.15450720776955612
ステップ3（農山村の小都市）,自己効力感,0.20732186542797212,0.14562463557387004
ステップ3（農山村の小都市）,健康状態,0.25685433087201043,0.05330085295254713
ステップ3（農山村の小都市）,文化・芸術,0.050758917845521445,0.10425436212799603
ステップ3（農山村の小都市）,教育機会の豊かさ,0.0469928361058367,0.08810346725090372
ステップ3（農山村の小都市）,雇用・所得,0.0,0.1392006958257954
ステップ3（農山村の小都市）,事業創造,0.0,0.07840899388340906
改善候補①（和歌山市×地域とのつながり）,既婚者割合,2.4239301877238324,0.4971149925619904
改善候補①（和歌山市×地域とのつながり）,高齢単身世帯割合,-1.881597349502829,0.22186597866168167
改善候補①（和歌山市×地域とのつながり）,人口あたり宗教の事業所数,1.2131214077807349,0.20572539612505672
改善候補①（和歌山市×地域とのつながり）,人口あたりNPOの数,0.7309714427026945,2.076373064630638
改善候補①（和歌山市×地域とのつながり）,人口あたり自殺者数,-0.455213308837559,-0.0020159489970669243
改善候補①（和歌山市×地域とのつながり）,拡大家族世帯割合,0.24034198148614658,0.07651764132977916
改善候補②（和歌山市×地域とのつながり）,既婚者割合,2.5798573325133005,0.24329791619262867
改善候補②（和歌山市×地域とのつながり）,高齢単身世帯割合,-2.1088049084854417,0.10384322328055469
改善候補②（和歌山市×地域とのつながり）,人口あたり宗教の事業所数,1.3109669844296363,0.2875767310181989
改善候補②（和歌山市×地域とのつながり）,人口あたりNPOの数,2.091448938061898,0.687827135809511
改善候補②（和歌山市×地域とのつながり）,人口あたり自殺者数,-0.4556375102910708,0.03527925119382033
改善候補②（和歌山市×地域とのつながり）,拡大家族世帯割合,0.979705771129383,-0.20169731033636795
改善候補②（和歌山市×地域とのつながり）,居住期間20年以上（出生時からを含む）の人口割合,-2.3972676626609197,-0.14368629776252817
改善候補②（和歌山市×地域とのつながり）,共同住宅に住む一般世帯の割合,0.6831201803807774,0.2628100624956171
改善候補②（和歌山市×地域とのつながり）,昼夜間人口比率,-1.8128431915906207,-0.09238129947544987
改善候補②（和歌山市×地域とのつながり）,就業者に占める他市区町村への通勤者の割合,0.28410185517032255,0.7348067169173889
改善候補②（和歌山市×地域とのつながり）,人口10万人あたり政治・経済・文化団体の事業所数,0.0,1.504602361233067
改善候補②（和歌山市×地域とのつながり）,人口10万人あたり公民館数（市町村立）,0.0,0.7314776953516939
改善候補②（和歌山市×地域とのつながり）,人口10万人あたり図書館数（市町村立）,0.7373121570275483,0.442039670489386
改善候補②（和歌山市×地域とのつながり）,人口10万人あたり社会体育施設数（市町村立）,1.738091695192994,0.03796560119211369
改善候補②（和歌山市×地域とのつながり）,人口10万人あたり集会施設数（市町村立）,-0.3176208570850055,0.3593544621852027
改善候補②（和歌山市×地域とのつながり）,65歳以上人口千人あたり 介護予防の通いの場の箇所数,0.12389495651856898,0.12374894100402593
改善候補②（和歌山市×地域とのつながり）,介護予防の通いの場への参加率（65歳以上人口比）,0.0643973746108185,0.27941582078557
改善候補②（和歌山市×地域とのつながり）,人口1万人あたり地域おこし協力隊員数,-0.0,-0.9907914836790361
改善候補①（田辺市×自己効力感）,転入超過割合,0.5049584667590999,0.19080237008541456
改善候補①（田辺市×自己効力感）,完全失業者数（人口比）,-1.9026506946252797,2.1494608962385526
改善候補②（田辺市×自己効力感）,転入超過割合,0.3079783939997355,0.16523258358326154
改善候補②（田辺市×自己効力感）,完全失業者数（人口比）,-0.9149958876455352,0.15933477552636238
改善候補②（田辺市×自己効力感）,就業率（15歳以上）,-5.557830620673025,0.4319641956200815
改善候補②（田辺市×自己効力感）,女性の就業率（15歳以上）,3.1439263688127177,0.2406190960965891
改善候補②（田辺市×自己効力感）,65歳以上の就業率,0.1128100352370412,0.04099824372168345
改善候補②（田辺市×自己効力感）,雇用者に占める正規の職員・従業員の割合,-0.0,-0.08901562634946052
改善候補②（田辺市×自己効力感）,卒業者に占める大学・大学院卒業者の割合,3.3005186895949383,0.13432787528400839
改善候補②（田辺市×自己効力感）,納税義務者1人あたり課税対象所得,0.8663168090149254,0.1087404346704561
改善候補②（田辺市×自己効力感）,20〜39歳人口の割合,-0.6066016972844392,0.17964788888122013
改善候補②（田辺市×自己効力感）,20〜39歳の転入超過率,0.2516136964767868,0.3038655751924368
改善候補②（田辺市×自己効力感）,人口千人あたり新設事業所数（2016〜2021年）,0.26260336398823997,0.02345154773026185
改善候補②（田辺市×自己効力感）,民営事業所に占める新設事業所の割合,0.833154785301142,0.16726144873088009
