市区町村コード,区分,生の値,回答者数,縮めた値,標準誤差,B,都道府県,市区町村,類型,指標,類型内%,類型内の市町村数,市,判定
30201,女性・20〜30代,-0.09530234423816826,33,-0.020640346573016995,0.18228248119692092,0.21657753267259724,和歌山県,和歌山市,都市部,幸福度,38.88888888888889,234,和歌山市,主ターゲット
30203,女性・20〜30代,-1.145935588418608,15,-0.12792279361752057,0.19410800005971907,0.11163174868672515,和歌山県,橋本市,地方の中心都市,幸福度,5.603448275862069,232,橋本市,対象外
30206,女性・20〜30代,-0.3564879238408652,11,-0.030078667367343076,0.19706329592135913,0.08437499661494866,和歌山県,田辺市,農山村の小都市,幸福度,27.27272727272727,99,田辺市,副ターゲット
30208,女性・20〜30代,-0.26273053892215525,8,-0.01650183020552721,0.1993705402891286,0.06280895351269597,和歌山県,紀の川市,農山村の小都市,幸福度,37.37373737373738,99,紀の川市,対象外
30209,女性・20〜30代,-0.6345018859019125,15,-0.07083055506825545,0.19410800005971907,0.11163174868672515,和歌山県,岩出市,地方の中心都市,幸福度,16.810344827586206,232,岩出市,対象外
30201,女性・40代,-0.7374289883985357,69,-0.08296809287297226,0.09445437638039582,0.11250994221579616,和歌山県,和歌山市,都市部,幸福度,1.8656716417910446,268,和歌山市,主ターゲット
30202,女性・40代,0.73315513356503,22,0.02848314894881504,0.09829601232025921,0.0388500982190676,和歌山県,海南市,農山村の小都市,幸福度,90.06622516556291,151,海南市,対象外
30203,女性・40代,-0.10312552706708494,41,-0.007224154013936058,0.09668735032089003,0.07005204452663423,和歌山県,橋本市,地方の中心都市,幸福度,38.84892086330935,278,橋本市,対象外
30206,女性・40代,-0.09317346173085038,42,-0.006674781962227417,0.09660485666809202,0.07163823086780675,和歌山県,田辺市,農山村の小都市,幸福度,34.437086092715234,151,田辺市,副ターゲット
30208,女性・40代,0.6530428636245211,33,0.03733101234156717,0.09735499735414836,0.05716471983840759,和歌山県,紀の川市,農山村の小都市,幸福度,94.70198675496688,151,紀の川市,対象外
30209,女性・40代,0.34554495922845846,52,0.030134104710643615,0.0957913675201145,0.08720747881238901,和歌山県,岩出市,地方の中心都市,幸福度,85.97122302158273,278,岩出市,対象外
30201,女性・50代,0.02277690725851383,105,0.003521945787917141,0.0854926429456303,0.15462791975853812,和歌山県,和歌山市,都市部,幸福度,53.73134328358209,268,和歌山市,主ターゲット
30202,女性・50代,-0.06307202690005012,23,-0.0024297094310350847,0.09117468969195756,0.03852277388969014,和歌山県,海南市,農山村の小都市,幸福度,42.66666666666667,150,海南市,対象外
30203,女性・50代,-0.11012579171460028,40,-0.007173741215749112,0.08990374265158264,0.06514133613986114,和歌山県,橋本市,地方の中心都市,幸福度,41.57706093189964,279,橋本市,対象外
30206,女性・50代,0.35062948645288355,46,0.026012372121783273,0.08946770180013429,0.07418763431716896,和歌山県,田辺市,農山村の小都市,幸福度,88.66666666666667,150,田辺市,副ターゲット
30208,女性・50代,-0.7015391611372709,45,-0.05099635178806744,0.08953993480469,0.07269209562784326,和歌山県,紀の川市,農山村の小都市,幸福度,4.0,150,紀の川市,対象外
30209,女性・50代,-0.18061356270992632,60,-0.01709143378326392,0.0884744516401053,0.09462984687763203,和歌山県,岩出市,地方の中心都市,幸福度,26.16487455197133,279,岩出市,対象外
30201,女性・60代,0.020655239251078743,96,0.0037890129117313853,0.08743153368200375,0.18344076607747353,和歌山県,和歌山市,都市部,幸福度,52.45283018867924,265,和歌山市,主ターゲット
30202,女性・60代,0.34966822928610397,25,0.019325960346707267,0.09404338138273466,0.05526942034786485,和歌山県,海南市,農山村の小都市,幸福度,75.52447552447552,143,海南市,対象外
30203,女性・60代,0.1948076538363462,57,0.022926606407862267,0.09088354050450012,0.11768842730954722,和歌山県,橋本市,地方の中心都市,幸福度,78.54545454545455,275,橋本市,対象外
30206,女性・60代,0.3851751041178795,28,0.023685920454197436,0.09373306075352912,0.06149390290538759,和歌山県,田辺市,農山村の小都市,幸福度,81.11888111888112,143,田辺市,副ターゲット
30208,女性・60代,0.39201508386482353,60,0.048264871432643235,0.09060336926679419,0.12311993445968052,和歌山県,紀の川市,農山村の小都市,幸福度,95.8041958041958,143,紀の川市,対象外
30209,女性・60代,-0.5648983159251427,49,-0.058111047499602754,0.09164356125118912,0.10286992519075472,和歌山県,岩出市,地方の中心都市,幸福度,5.454545454545454,275,岩出市,対象外
30201,女性・70代以上,-0.008404643224009497,37,-8.87823116550407e-08,0.0009999947182442043,1.0563483694515048e-05,和歌山県,和歌山市,都市部,幸福度,46.411483253588514,209,和歌山市,主ターゲット
30202,女性・70代以上,1.4042711864406785,5,2.0046123385213267e-06,0.000999999286244326,1.427510838274975e-06,和歌山県,海南市,農山村の小都市,幸福度,80.64516129032258,62,海南市,対象外
30203,女性・70代以上,0.06278481431585603,33,5.915268905369123e-07,0.000999995289240796,9.421496216602249e-06,和歌山県,橋本市,地方の中心都市,幸福度,63.76811594202898,207,橋本市,対象外
30208,女性・70代以上,-0.5013630277495318,21,-3.00593112409819e-06,0.00099999700223644,5.995518133020125e-06,和歌山県,紀の川市,農山村の小都市,幸福度,6.451612903225806,62,紀の川市,対象外
30201,男性・20〜30代,-1.4955751871019998,13,-3.0564453536398366e-06,0.0009999989781700907,2.0436587742287702e-06,和歌山県,和歌山市,都市部,幸福度,6.857142857142858,175,和歌山市,主ターゲット
30202,男性・20〜30代,-1.4469506501182032,10,-2.2746729127589737e-06,0.000999999213976715,1.572045952343401e-06,和歌山県,海南市,農山村の小都市,幸福度,5.769230769230769,52,海南市,対象外
30203,男性・20〜30代,-0.4681181318681311,5,-3.6795189642956975e-07,0.0009999996069881257,7.860235940043053e-07,和歌山県,橋本市,地方の中心都市,幸福度,44.05594405594406,143,橋本市,対象外
30208,男性・20〜30代,-0.8383457446808515,5,-6.589595352522586e-07,0.0009999996069881257,7.860235940043053e-07,和歌山県,紀の川市,農山村の小都市,幸福度,25.0,52,紀の川市,対象外
30201,男性・40代,0.036145971226634606,54,0.005688651277254485,0.12439239238341927,0.15737995367690472,和歌山県,和歌山市,都市部,幸福度,52.98507462686567,268,和歌山市,主ターゲット
30202,男性・40代,0.36064190492912024,17,0.020027894520322897,0.1316955458543848,0.05553401933216589,和歌山県,海南市,農山村の小都市,幸福度,72.97297297297297,148,海南市,対象外
30203,男性・40代,-0.4496388514739805,27,-0.038404087569501845,0.12959579867224305,0.08541096358468078,和歌山県,橋本市,地方の中心都市,幸福度,18.613138686131386,274,橋本市,対象外
30206,男性・40代,0.7613713649369511,39,0.09049617157402061,0.1272039285509526,0.11885943672377876,和歌山県,田辺市,農山村の小都市,幸福度,97.2972972972973,148,田辺市,副ターゲット
30208,男性・40代,0.755685274714954,38,0.08778478054114953,0.12739821104542795,0.11616579478045558,和歌山県,紀の川市,農山村の小都市,幸福度,95.94594594594594,148,紀の川市,対象外
30209,男性・40代,0.5815716094976402,32,0.05795456130795515,0.12858290026458155,0.09965163422955967,和歌山県,岩出市,地方の中心都市,幸福度,88.6861313868613,274,岩出市,対象外
30201,男性・50代,0.04453674368651699,144,0.013618717851981977,0.10420254888401721,0.3057861155687701,和歌山県,和歌山市,都市部,幸福度,62.31343283582089,268,和歌山市,主ターゲット
30202,男性・50代,-0.15952887675829863,36,-0.015824646855351388,0.1186989334744507,0.09919612785418923,和歌山県,海南市,農山村の小都市,幸福度,41.17647058823529,153,海南市,対象外
30203,男性・50代,-0.013085176321720933,65,-0.0021701932056417683,0.11422296757520493,0.16585127722270918,和歌山県,橋本市,地方の中心都市,幸福度,46.236559139784944,279,橋本市,対象外
30206,男性・50代,0.2962843147707549,53,0.0413328503004558,0.11601285637288761,0.13950401097822682,和歌山県,田辺市,農山村の小都市,幸福度,79.73856209150327,153,田辺市,副ターゲット
30208,男性・50代,0.9235549433426123,45,0.11174517073929206,0.11725394502504234,0.12099461060200055,和歌山県,紀の川市,農山村の小都市,幸福度,98.69281045751634,153,紀の川市,対象外
30209,男性・50代,0.23134759693284743,80,0.04548296073464185,0.11209792696375152,0.1966001001853676,和歌山県,岩出市,地方の中心都市,幸福度,83.15412186379928,279,岩出市,対象外
30201,男性・60代,0.2644058048958256,121,0.0698596954032111,0.09647218602753385,0.26421392461763626,和歌山県,和歌山市,都市部,幸福度,88.80597014925374,268,和歌山市,主ターゲット
30202,男性・60代,0.5956410588777952,34,0.054592608019284616,0.10718946486169323,0.09165353396244821,和歌山県,海南市,農山村の小都市,幸福度,88.96103896103897,154,海南市,対象外
30203,男性・60代,0.538011374796141,86,0.10939269317734872,0.10038438357252963,0.2033278445438053,和歌山県,橋本市,地方の中心都市,幸福度,98.92857142857143,280,橋本市,対象外
30206,男性・60代,-0.47567983418400633,56,-0.06778786406690131,0.10414574833509632,0.14250733202341107,和歌山県,田辺市,農山村の小都市,幸福度,8.441558441558442,154,田辺市,副ターゲット
30208,男性・60代,0.7138112386140834,88,0.14781404912960894,0.10014788544796746,0.20707722312778473,和歌山県,紀の川市,農山村の小都市,幸福度,100.0,154,紀の川市,対象外
30209,男性・60代,-0.5424067318408009,40,-0.05755555102429585,0.10633299111822135,0.10611142459269605,和歌山県,岩出市,地方の中心都市,幸福度,10.714285714285714,280,岩出市,対象外
30201,男性・70代以上,-0.4961508515545252,62,-0.12676544645392082,0.11197557483647734,0.25549779075606355,和歌山県,和歌山市,都市部,幸福度,1.8867924528301887,265,和歌山市,主ターゲット
30202,男性・70代以上,0.7471066175591685,16,0.06078251969058141,0.12438374755789831,0.08135722300139796,和歌山県,海南市,農山村の小都市,幸福度,89.92248062015504,129,海南市,対象外
30203,男性・70代以上,0.0054591629926405245,27,0.000709789480930744,0.12104460499351188,0.13001800493731516,和歌山県,橋本市,地方の中心都市,幸福度,50.92250922509225,271,橋本市,対象外
30206,男性・70代以上,-1.4465271867612293,8,-0.06133785628141653,0.1269935237241939,0.04240352814851122,和歌山県,田辺市,農山村の小都市,幸福度,11.627906976744185,129,田辺市,副ターゲット
30208,男性・70代以上,0.0969368636632994,47,0.0200121304635438,0.1156055867782597,0.20644499633342744,和歌山県,紀の川市,農山村の小都市,幸福度,68.9922480620155,129,紀の川市,対象外
30209,男性・70代以上,-0.05780640802492492,44,-0.011321293525150088,0.1163748852357669,0.19584841736349684,和歌山県,岩出市,地方の中心都市,幸福度,42.066420664206646,271,岩出市,対象外
30201,女性・20〜30代,-9.003965899221164,33,-2.9574020135446606,3.612461255384791,0.3284554880200594,和歌山県,和歌山市,都市部,主観24分野平均,14.529914529914532,234,和歌山市,主ターゲット
30203,女性・20〜30代,-6.04014091553818,15,-1.0986038048988755,3.9872483863264163,0.18188380374913643,和歌山県,橋本市,地方の中心都市,主観24分野平均,30.603448275862068,232,橋本市,対象外
30206,女性・20〜30代,-3.9958824571398024,11,-0.5601449663711626,4.087609787961351,0.14018054143967654,和歌山県,田辺市,農山村の小都市,主観24分野平均,35.35353535353536,99,田辺市,副ターゲット
30208,女性・20〜30代,-5.867146956087822,8,-0.6219296359451684,4.168060900357618,0.10600205527489757,和歌山県,紀の川市,農山村の小都市,主観24分野平均,30.303030303030305,99,紀の川市,対象外
30209,女性・20〜30代,-2.8529005711348434,15,-0.5188964075960891,3.9872483863264163,0.18188380374913643,和歌山県,岩出市,地方の中心都市,主観24分野平均,42.672413793103445,232,岩出市,対象外
30201,女性・40代,-19.62873740792413,69,-11.86023053529831,3.2957870816013313,0.6042278873479824,和歌山県,和歌山市,都市部,主観24分野平均,0.7462686567164178,268,和歌山市,主ターゲット
30202,女性・40代,4.158464673597585,22,1.36149684149934,4.296489750259398,0.3274037291079059,和歌山県,海南市,農山村の小都市,主観24分野平均,69.5364238410596,151,海南市,対象外
30203,女性・40代,-13.14872855886843,41,-6.254374823700188,3.793511926214784,0.4756638480822388,和歌山県,橋本市,地方の中心都市,主観24分野平均,5.0359712230215825,278,橋本市,対象外
30206,女性・40代,-1.9252717673518853,42,-0.9273595136250353,3.771696242744626,0.481677199734026,和歌山県,田辺市,農山村の小都市,主観24分野平均,39.735099337748345,151,田辺市,副ターゲット
30208,女性・40代,10.211302372522903,33,4.309374992400474,3.9828405030400615,0.42202011410379553,和歌山県,紀の川市,農山村の小都市,主観24分野平均,92.05298013245033,151,紀の川市,対象外
30209,女性・40代,1.8970624712660746,52,1.0149382025838323,3.5724044475716963,0.5350051555795502,和歌山県,岩出市,地方の中心都市,主観24分野平均,65.10791366906474,278,岩出市,対象外
30201,女性・50代,-2.1705273643451317,105,-1.5771037767344667,2.7700215607066325,0.7265993521396095,和歌山県,和歌山市,都市部,主観24分野平均,47.38805970149254,268,和歌山市,主ターゲット
30202,女性・50代,2.2128891385961826,23,0.8142285678412834,4.211722192677607,0.367948196608627,和歌山県,海南市,農山村の小都市,主観24分野平均,61.33333333333333,150,海南市,対象外
30203,女性・50代,-6.248356429872146,40,-3.143479202030093,3.734416026171653,0.5030889702453185,和歌山県,橋本市,地方の中心都市,主観24分野平均,23.655913978494624,279,橋本市,対象外
30206,女性・50代,4.403869461505251,46,2.3690894589106453,3.6010146777843226,0.5379563312716553,和歌山県,田辺市,農山村の小都市,主観24分野平均,78.66666666666666,150,田辺市,副ターゲット
30208,女性・50代,-4.052552929128621,45,-2.157939565730584,3.622257580829151,0.5324889282061971,和歌山県,紀の川市,農山村の小都市,主観24分野平均,22.666666666666664,150,紀の川市,対象外
30209,女性・50代,-0.08174229396715589,60,-0.04928747677721922,3.3381016136342248,0.6029617519300714,和歌山県,岩出市,地方の中心都市,主観24分野平均,53.76344086021505,279,岩出市,対象外
30201,女性・60代,-14.814086848980368,96,-11.475679148673482,2.6186842285036533,0.7746464068734237,和歌山県,和歌山市,都市部,主観24分野平均,1.509433962264151,265,和歌山市,主ターゲット
30202,女性・60代,-0.21023128659000492,25,-0.09930152027934161,4.007063862638851,0.4723441590927443,和歌山県,海南市,農山村の小都市,主観24分野平均,47.55244755244755,143,海南市,対象外
30203,女性・60代,-7.289623099319061,57,-4.892507960875917,3.163317611622251,0.6711606202703314,和歌山県,橋本市,地方の中心都市,主観24分野平均,15.636363636363637,275,橋本市,対象外
30206,女性・60代,2.5691974174259395,28,1.2862637410992606,3.8981114640752934,0.5006480749104749,和歌山県,田辺市,農山村の小都市,主観24分野平均,69.93006993006993,143,田辺市,副ターゲット
30208,女性・60代,7.832204296004689,60,5.344541885315786,3.108884642200242,0.68238029593305,和歌山県,紀の川市,農山村の小都市,主観24分野平均,95.1048951048951,143,紀の川市,対象外
30209,女性・60代,-5.161856124101948,49,-3.2879128870773764,3.3237332159957673,0.6369632953784435,和歌山県,岩出市,地方の中心都市,主観24分野平均,24.0,275,岩出市,対象外
30201,女性・70代以上,-7.13295492735073,37,-3.4557144445297947,3.2691858939631144,0.48447165021036953,和歌山県,和歌山市,都市部,主観24分野平均,16.74641148325359,209,和歌山市,主ターゲット
30202,女性・70代以上,-7.746447387005645,5,-0.8729009515437813,4.288964855882764,0.11268403539512031,和歌山県,海南市,農山村の小都市,主観24分野平均,33.87096774193548,62,海南市,対象外
30203,女性・70代以上,-9.207817861831526,33,-4.1985655541616085,3.358315031786541,0.4559783454846133,和歌山県,橋本市,地方の中心都市,主観24分野平均,5.314009661835748,207,橋本市,対象外
30208,女性・70代以上,-3.1925288993208603,21,-1.1105026295100116,3.6769610016895338,0.3478441901485203,和歌山県,紀の川市,農山村の小都市,主観24分野平均,32.25806451612903,62,紀の川市,対象外
30201,男性・20〜30代,-12.662322712936477,13,-0.8747353539079299,2.6902256162303044,0.06908174540633492,和歌山県,和歌山市,都市部,主観24分野平均,16.57142857142857,175,和歌山市,主ターゲット
30202,男性・20〜30代,-10.765736566686366,10,-0.5813570934050228,2.7119291706982285,0.05400067982380153,和歌山県,海南市,農山村の小都市,主観24分野平均,19.230769230769234,52,海南市,対象外
30203,男性・20〜30代,7.79834523809523,5,0.21640086920468107,2.749299153178252,0.027749588226429645,和歌山県,橋本市,地方の中心都市,主観24分野平均,67.13286713286713,143,橋本市,対象外
30208,男性・20〜30代,2.136629875886534,5,0.0592905992481388,2.749299153178252,0.027749588226429645,和歌山県,紀の川市,農山村の小都市,主観24分野平均,57.692307692307686,52,紀の川市,対象外
30201,男性・40代,-9.917571990243811,54,-2.737080347515561,2.5536845639762897,0.27598290692602,和歌山県,和歌山市,都市部,主観24分野平均,7.08955223880597,268,和歌山市,主ターゲット
30202,男性・40代,10.160856898195643,17,1.0886795348735503,2.8358512066537087,0.10714446092306222,和歌山県,海南市,農山村の小都市,主観24分野平均,84.45945945945947,148,海南市,対象外
30203,男性・40代,5.118672410197708,27,0.819403761739711,2.7504988359326425,0.1600813054782034,和歌山県,橋本市,地方の中心都市,主観24分野平均,74.81751824817519,274,橋本市,対象外
30206,男性・40代,9.374806003241817,39,2.023739338430638,2.657583247927181,0.21586999642774765,和歌山県,田辺市,農山村の小都市,主観24分野平均,95.94594594594594,148,田辺市,副ターゲット
30208,男性・40代,8.448783261674157,38,1.7869647938277913,2.664968954608341,0.21150557878954251,和歌山県,紀の川市,農山村の小都市,主観24分野平均,93.91891891891892,148,紀の川市,対象外
30209,男性・40代,-5.345246442684415,32,-0.9849341192095973,2.7106146063157395,0.18426355637121147,和歌山県,岩出市,地方の中心都市,主観24分野平均,22.26277372262774,274,岩出市,対象外
30201,男性・50代,-9.507023156853576,144,-7.155479748059781,2.337005838047303,0.7526519742303798,和歌山県,和歌山市,都市部,主観24分野平均,8.955223880597014,268,和歌山市,主ターゲット
30202,男性・50代,-5.018756918890263,36,-2.1683592007732044,3.5412796461906426,0.4320510508511871,和歌山県,海南市,農山村の小都市,主観24分野平均,23.52941176470588,153,海南市,対象外
30203,男性・50代,-1.9697327636685582,65,-1.1398562613377246,3.050061895347314,0.5786857396912981,和歌山県,橋本市,地方の中心都市,主観24分野平均,40.50179211469534,279,橋本市,対象外
30206,男性・50代,9.637419788686879,53,5.091362605866734,3.2273244783580877,0.5282910485899301,和歌山県,田辺市,農山村の小都市,主観24分野平均,93.4640522875817,153,田辺市,副ターゲット
30208,男性・50代,4.197092333122806,45,2.045732474919156,3.364246752443111,0.48741660000533005,和歌山県,紀の川市,農山村の小都市,主観24分野平均,76.47058823529412,153,紀の川市,対象外
30209,男性・50代,-2.9026170432582763,80,-1.8237747758409393,2.864769466475453,0.6283208389742301,和歌山県,岩出市,地方の中心都市,主観24分野平均,33.691756272401435,279,岩出市,対象外
30201,男性・60代,-4.3373144089087114,121,-3.013581116385342,2.41748694928971,0.6948034733648865,和歌山県,和歌山市,都市部,主観24分野平均,29.47761194029851,268,和歌山市,主ターゲット
30202,男性・60代,3.5750366642303977,34,1.3947366212341747,3.417371761966443,0.3901321167385625,和歌山県,海南市,農山村の小都市,主観24分野平均,72.72727272727273,154,海南市,対象外
30203,男性・60代,2.1872014302529097,86,1.351774138840412,2.7044831722620146,0.6180382474805277,和歌山県,橋本市,地方の中心都市,主観24分野平均,70.71428571428572,280,橋本市,対象外
30206,男性・60代,-6.683142580841642,56,-3.4288237044512924,3.0536132697465823,0.5130555966710325,和歌山県,田辺市,農山村の小都市,主観24分野平均,12.987012987012985,154,田辺市,副ターゲット
30208,男性・60代,7.683176354567444,88,4.790079282842093,2.6852544615497846,0.6234503884574403,和歌山県,紀の川市,農山村の小都市,主観24分野平均,95.45454545454545,154,紀の川市,対象外
30209,男性・60代,-10.482884497461853,40,-4.501508761499425,3.3054796428511777,0.4294150872872198,和歌山県,岩出市,地方の中心都市,主観24分野平均,10.357142857142858,280,岩出市,対象外
30201,男性・70代以上,-11.750601099776476,62,-5.455898557090877,2.5757295625892733,0.46430803928785064,和歌山県,和歌山市,都市部,主観24分野平均,2.2641509433962264,265,和歌山市,主ターゲット
30202,男性・70代以上,5.589410398176649,16,1.0216894939794954,3.1813355519822073,0.18279020884077257,和歌山県,海南市,農山村の小都市,主観24分野平均,75.1937984496124,129,海南市,対象外
30203,男性・70代以上,-15.803212455769652,27,-4.330436406980119,2.9985014752343053,0.27402253934763143,和歌山県,橋本市,地方の中心都市,主観24分野平均,3.6900369003690034,271,橋本市,対象外
30206,男性・70代以上,-17.500897655634365,8,-1.7603871346817386,3.337505135111237,0.10058839091119345,和歌山県,田辺市,農山村の小都市,主観24分野平均,16.27906976744186,129,田辺市,副ターゲット
30208,男性・70代以上,-0.9189457074287054,47,-0.364377833990792,2.7338527869888507,0.3965172599917297,和歌山県,紀の川市,農山村の小都市,主観24分野平均,35.65891472868217,129,紀の川市,対象外
30209,男性・70代以上,-5.888541621883959,44,-2.2426318256887474,2.7691200446876794,0.3808467307685002,和歌山県,岩出市,地方の中心都市,主観24分野平均,18.81918819188192,271,岩出市,対象外
