区分,分野,標準化係数,取り分%,向き付きの取り分%,順位
女性・20〜30代,医療・福祉,0.0,0.0,0.0,9
女性・20〜30代,買物・飲食,0.0,0.0,0.0,9
女性・20〜30代,住宅環境,0.18286595431335245,21.17486751593681,21.17486751593681,3
女性・20〜30代,移動・交通,0.0,0.0,0.0,9
女性・20〜30代,遊び・娯楽,0.024430289378893803,2.828892578263278,2.828892578263278,6
女性・20〜30代,子育て,0.0,0.0,0.0,9
女性・20〜30代,初等・中等教育,-0.0,0.0,0.0,9
女性・20〜30代,地域行政,-0.0,0.0,0.0,9
女性・20〜30代,デジタル生活,-0.003154902872942269,0.3653203277288398,-0.3653203277288398,8
女性・20〜30代,公共空間,0.021589643932344974,2.4999615248242697,2.4999615248242697,7
女性・20〜30代,都市景観,-0.0,0.0,0.0,9
女性・20〜30代,事故・犯罪,-0.058178986531454695,6.7368053098830565,-6.7368053098830565,4
女性・20〜30代,自然景観,0.0,0.0,0.0,9
女性・20〜30代,自然の恵み,-0.0,0.0,0.0,9
女性・20〜30代,環境共生,-0.0,0.0,0.0,9
女性・20〜30代,自然災害,-0.0,0.0,0.0,9
女性・20〜30代,地域とのつながり,0.03037491061876383,3.517246884888197,3.517246884888197,5
女性・20〜30代,多様性と寛容性,-0.0,0.0,0.0,9
女性・20〜30代,自己効力感,0.20793221129800854,24.07740163041173,24.07740163041173,2
女性・20〜30代,健康状態,0.3350721491980935,38.79950422806381,38.79950422806381,1
女性・20〜30代,文化・芸術,0.0,0.0,0.0,9
女性・20〜30代,教育機会の豊かさ,0.0,0.0,0.0,9
女性・20〜30代,雇用・所得,-0.0,0.0,0.0,9
女性・20〜30代,事業創造,0.0,0.0,0.0,9
女性・40代,医療・福祉,-0.019217554824551314,1.6645995007772778,-1.6645995007772778,13
女性・40代,買物・飲食,0.0,0.0,0.0,16
女性・40代,住宅環境,0.21279350613051926,18.431895592720345,18.431895592720345,3
女性・40代,移動・交通,-0.04907986325851027,4.251233657153921,-4.251233657153921,6
女性・40代,遊び・娯楽,-0.0007611858719457808,0.06593292611924405,-0.06593292611924405,15
女性・40代,子育て,-0.0,0.0,0.0,16
女性・40代,初等・中等教育,-0.0,0.0,0.0,16
女性・40代,地域行政,0.0,0.0,0.0,16
女性・40代,デジタル生活,0.03603110241769855,3.120967034803623,3.120967034803623,9
女性・40代,公共空間,0.0657285485768982,5.693321036250734,5.693321036250734,4
女性・40代,都市景観,-0.021664700966524838,1.8765681036223214,-1.8765681036223214,12
女性・40代,事故・犯罪,-0.05630468145058354,4.877037973339216,-4.877037973339216,5
女性・40代,自然景観,0.0,0.0,0.0,16
女性・40代,自然の恵み,-0.0,0.0,0.0,16
女性・40代,環境共生,-0.00899723406606558,0.7793286644154925,-0.7793286644154925,14
女性・40代,自然災害,-0.0,0.0,0.0,16
女性・40代,地域とのつながり,0.0,0.0,0.0,16
女性・40代,多様性と寛容性,-0.033935409466569005,2.9394408483516403,-2.9394408483516403,11
女性・40代,自己効力感,0.2315975502738357,20.060677338333978,20.060677338333978,2
女性・40代,健康状態,0.29403655198606155,25.46906212131479,25.46906212131479,1
女性・40代,文化・芸術,0.041367989729745085,3.58324124379861,3.58324124379861,8
女性・40代,教育機会の豊かさ,-0.0,0.0,0.0,16
女性・40代,雇用・所得,0.0353554992380501,3.062447169720183,3.062447169720183,10
女性・40代,事業創造,0.0476138186668522,4.12424678927864,4.12424678927864,7
女性・50代,医療・福祉,0.0,0.0,0.0,14
女性・50代,買物・飲食,0.0,0.0,0.0,14
女性・50代,住宅環境,0.21571835082721952,21.8056418481163,21.8056418481163,2
女性・50代,移動・交通,-0.0,0.0,0.0,14
女性・50代,遊び・娯楽,0.0,0.0,0.0,14
女性・50代,子育て,0.0,0.0,0.0,14
女性・50代,初等・中等教育,-0.0,0.0,0.0,14
女性・50代,地域行政,-0.0,0.0,0.0,14
女性・50代,デジタル生活,0.008043671355378946,0.8130852848018979,0.8130852848018979,12
女性・50代,公共空間,0.020318248563459332,2.0538468306327,2.0538468306327,9
女性・50代,都市景観,-0.021899036917710155,2.213639006672816,-2.213639006672816,8
女性・50代,事故・犯罪,-0.05104100659746267,5.159421556690184,-5.159421556690184,5
女性・50代,自然景観,-0.0,0.0,0.0,14
女性・50代,自然の恵み,0.005145198838203364,0.5200965178575334,0.5200965178575334,13
女性・50代,環境共生,0.0,0.0,0.0,14
女性・50代,自然災害,0.0,0.0,0.0,14
女性・50代,地域とのつながり,0.07818048125274704,7.902784196028921,7.902784196028921,4
女性・50代,多様性と寛容性,-0.027606812078986343,2.7906029063090183,-2.7906029063090183,7
女性・50代,自己効力感,0.21350666600343632,21.582076226724364,21.582076226724364,3
女性・50代,健康状態,0.28602840144947483,28.91285259913772,28.91285259913772,1
女性・50代,文化・芸術,0.03765598569706546,3.8064120850139127,3.8064120850139127,6
女性・50代,教育機会の豊かさ,-0.012160266848739346,1.2292066143854163,-1.2292066143854163,10
女性・50代,雇用・所得,0.011973567525520881,1.2103343276292085,1.2103343276292085,11
女性・50代,事業創造,0.0,0.0,0.0,14
女性・60代,医療・福祉,-0.008377567245730586,0.8899149084335869,-0.8899149084335869,9
女性・60代,買物・飲食,0.0,0.0,0.0,11
女性・60代,住宅環境,0.17436979872123543,18.52259479524582,18.52259479524582,3
女性・60代,移動・交通,0.0,0.0,0.0,11
女性・60代,遊び・娯楽,-0.0,0.0,0.0,11
女性・60代,子育て,0.0,0.0,0.0,11
女性・60代,初等・中等教育,-0.08342203364932924,8.861583471528707,-8.861583471528707,4
女性・60代,地域行政,0.0,0.0,0.0,11
女性・60代,デジタル生活,0.0,0.0,0.0,11
女性・60代,公共空間,0.05805312846649896,6.166747814513346,6.166747814513346,5
女性・60代,都市景観,-0.0,0.0,0.0,11
女性・60代,事故・犯罪,-0.002584404987229925,0.274530834561562,-0.274530834561562,10
女性・60代,自然景観,-0.0,0.0,0.0,11
女性・60代,自然の恵み,0.0,0.0,0.0,11
女性・60代,環境共生,0.0,0.0,0.0,11
女性・60代,自然災害,0.04924865472884351,5.231484365085995,5.231484365085995,7
女性・60代,地域とのつながり,0.051059872937558884,5.423882711656549,5.423882711656549,6
女性・60代,多様性と寛容性,-0.01986181934093061,2.1098403177982834,-2.1098403177982834,8
女性・60代,自己効力感,0.17838825001451675,18.949458538598968,18.949458538598968,2
女性・60代,健康状態,0.31602416529783894,33.56996224257718,33.56996224257718,1
女性・60代,文化・芸術,0.0,0.0,0.0,11
女性・60代,教育機会の豊かさ,0.0,0.0,0.0,11
女性・60代,雇用・所得,0.0,0.0,0.0,11
女性・60代,事業創造,0.0,0.0,0.0,11
女性・70代以上,医療・福祉,-0.0,0.0,0.0,8
女性・70代以上,買物・飲食,0.0,0.0,0.0,8
女性・70代以上,住宅環境,0.21413889624370855,27.707364764449956,27.707364764449956,2
女性・70代以上,移動・交通,-0.0,0.0,0.0,8
女性・70代以上,遊び・娯楽,-0.0,0.0,0.0,8
女性・70代以上,子育て,-0.0,0.0,0.0,8
女性・70代以上,初等・中等教育,-0.008158226750686726,1.0555904059350059,-1.0555904059350059,7
女性・70代以上,地域行政,0.0,0.0,0.0,8
女性・70代以上,デジタル生活,0.0,0.0,0.0,8
女性・70代以上,公共空間,0.0,0.0,0.0,8
女性・70代以上,都市景観,-0.017297871160353386,2.2381661356043896,-2.2381661356043896,6
女性・70代以上,事故・犯罪,-0.0,0.0,0.0,8
女性・70代以上,自然景観,-0.0,0.0,0.0,8
女性・70代以上,自然の恵み,-0.0,0.0,0.0,8
女性・70代以上,環境共生,-0.0,0.0,0.0,8
女性・70代以上,自然災害,-0.0,0.0,0.0,8
女性・70代以上,地域とのつながり,0.08177348862381685,10.58064609982438,10.58064609982438,4
女性・70代以上,多様性と寛容性,0.0,0.0,0.0,8
女性・70代以上,自己効力感,0.14402500437326698,18.635350239360598,18.635350239360598,3
女性・70代以上,健康状態,0.27198508246341874,35.19206469489941,35.19206469489941,1
女性・70代以上,文化・芸術,-0.0,0.0,0.0,8
女性・70代以上,教育機会の豊かさ,-0.0,0.0,0.0,8
女性・70代以上,雇用・所得,0.035480553091576224,4.590817659926263,4.590817659926263,5
女性・70代以上,事業創造,-0.0,0.0,0.0,8
男性・20〜30代,医療・福祉,-0.0119406062508094,1.414913447237135,-1.414913447237135,14
男性・20〜30代,買物・飲食,0.05702967333318593,6.75778515728178,6.75778515728178,6
男性・20〜30代,住宅環境,0.10309549327111017,12.216398122076203,12.216398122076203,2
男性・20〜30代,移動・交通,-0.0,0.0,0.0,18
男性・20〜30代,遊び・娯楽,0.0,0.0,0.0,18
男性・20〜30代,子育て,0.03366789124147617,3.9895086612082937,3.9895086612082937,11
男性・20〜30代,初等・中等教育,-0.003270136609372398,0.38749793483809203,-0.38749793483809203,16
男性・20〜30代,地域行政,-0.0,0.0,0.0,18
男性・20〜30代,デジタル生活,0.038007301654105846,4.503711208126242,4.503711208126242,8
男性・20〜30代,公共空間,0.06354892097897855,7.53028958177662,7.53028958177662,5
男性・20〜30代,都市景観,0.013886838732651823,1.645534108547517,1.645534108547517,13
男性・20〜30代,事故・犯罪,-0.0,0.0,0.0,18
男性・20〜30代,自然景観,0.0345525206049361,4.094333655508347,4.094333655508347,9
男性・20〜30代,自然の恵み,0.0339682274431671,4.02509728389115,4.02509728389115,10
男性・20〜30代,環境共生,5.929011444150836e-05,0.007025638267389671,0.007025638267389671,17
男性・20〜30代,自然災害,0.0,0.0,0.0,18
男性・20〜30代,地域とのつながり,0.0,0.0,0.0,18
男性・20〜30代,多様性と寛容性,-0.010154477801522243,1.2032644649069537,-1.2032644649069537,15
男性・20〜30代,自己効力感,0.09437322889172321,11.182845143146384,11.182845143146384,3
男性・20〜30代,健康状態,0.19531190579525018,23.143669266916785,23.143669266916785,1
男性・20〜30代,文化・芸術,0.029221156801299775,3.462588651994223,3.462588651994223,12
男性・20〜30代,教育機会の豊かさ,0.04574384748574484,5.420460534117156,5.420460534117156,7
男性・20〜30代,雇用・所得,0.0760792023438019,9.015077140159734,9.015077140159734,4
男性・20〜30代,事業創造,-0.0,0.0,0.0,18
男性・40代,医療・福祉,0.0,0.0,0.0,13
男性・40代,買物・飲食,0.0,0.0,0.0,13
男性・40代,住宅環境,0.14135789923119121,16.779115314733954,16.779115314733954,3
男性・40代,移動・交通,0.0,0.0,0.0,13
男性・40代,遊び・娯楽,-0.019253152225962078,2.285339999593471,-2.285339999593471,8
男性・40代,子育て,0.0,0.0,0.0,13
男性・40代,初等・中等教育,0.0,0.0,0.0,13
男性・40代,地域行政,0.031401398230791085,3.7273310145660847,3.7273310145660847,6
男性・40代,デジタル生活,-0.0,0.0,0.0,13
男性・40代,公共空間,0.015249753042172833,1.81013842316194,1.81013842316194,9
男性・40代,都市景観,-0.0,0.0,0.0,13
男性・40代,事故・犯罪,-0.0,0.0,0.0,13
男性・40代,自然景観,-0.0,0.0,0.0,13
男性・40代,自然の恵み,0.0,0.0,0.0,13
男性・40代,環境共生,-0.009184527431773507,1.0901990318703063,-1.0901990318703063,11
男性・40代,自然災害,-0.010608509140782433,1.2592249825351176,-1.2592249825351176,10
男性・40代,地域とのつながり,0.04937664129230556,5.8609838049647385,5.8609838049647385,4
男性・40代,多様性と寛容性,-0.0,0.0,0.0,13
男性・40代,自己効力感,0.1991464205045875,23.63858526715892,23.63858526715892,2
男性・40代,健康状態,0.2938955648363955,34.885263573516916,34.885263573516916,1
男性・40代,文化・芸術,0.04190593278893519,4.974214263661627,4.974214263661627,5
男性・40代,教育機会の豊かさ,0.0,0.0,0.0,13
男性・40代,雇用・所得,0.02345810151787164,2.7844654778673523,2.7844654778673523,7
男性・40代,事業創造,0.007625463168668532,0.9051388463695668,0.9051388463695668,12
男性・50代,医療・福祉,-0.00043535719784,0.039392784045719505,-0.039392784045719505,17
男性・50代,買物・飲食,-0.0,0.0,0.0,18
男性・50代,住宅環境,0.16593418313807393,15.01435941473354,15.01435941473354,3
男性・50代,移動・交通,0.0072510376227201915,0.6561016117256894,0.6561016117256894,15
男性・50代,遊び・娯楽,-0.0,0.0,0.0,18
男性・50代,子育て,-0.018214341789731487,1.6481032959090136,-1.6481032959090136,13
男性・50代,初等・中等教育,-0.04282664124934415,3.875118267273798,-3.875118267273798,9
男性・50代,地域行政,0.011085259203649124,1.0030366422485573,1.0030366422485573,14
男性・50代,デジタル生活,-0.0,0.0,0.0,18
男性・50代,公共空間,0.054219106810028804,4.905952115449384,4.905952115449384,6
男性・50代,都市景観,0.0,0.0,0.0,18
男性・50代,事故・犯罪,-0.021703063981098284,1.9637762204911153,-1.9637762204911153,12
男性・50代,自然景観,0.0,0.0,0.0,18
男性・50代,自然の恵み,0.027888562636188836,2.5234637918554936,2.5234637918554936,11
男性・50代,環境共生,0.0,0.0,0.0,18
男性・50代,自然災害,-0.0017394082495620136,0.15738830983454075,-0.15738830983454075,16
男性・50代,地域とのつながり,0.07474662380350491,6.763360349264843,6.763360349264843,4
男性・50代,多様性と寛容性,-0.04949505010415137,4.478501400134107,-4.478501400134107,7
男性・50代,自己効力感,0.20573664643741416,18.615838496778768,18.615838496778768,2
男性・50代,健康状態,0.2771099291389102,25.073966043638396,25.073966043638396,1
男性・50代,文化・芸術,0.057493037612885496,5.202189893847069,5.202189893847069,5
男性・50代,教育機会の豊かさ,0.040433177090480825,3.6585484776870785,3.6585484776870785,10
男性・50代,雇用・所得,0.04885848864448551,4.420902885082885,4.420902885082885,8
男性・50代,事業創造,-0.0,0.0,0.0,18
男性・60代,医療・福祉,0.0,0.0,0.0,9
男性・60代,買物・飲食,-0.0,0.0,0.0,9
男性・60代,住宅環境,0.2233941486219903,27.165415049071605,27.165415049071605,2
男性・60代,移動・交通,-0.0,0.0,0.0,9
男性・60代,遊び・娯楽,-0.0,0.0,0.0,9
男性・60代,子育て,0.0,0.0,0.0,9
男性・60代,初等・中等教育,-0.0,0.0,0.0,9
男性・60代,地域行政,0.0,0.0,0.0,9
男性・60代,デジタル生活,-0.0,0.0,0.0,9
男性・60代,公共空間,0.00313504571754116,0.38123119446127124,0.38123119446127124,8
男性・60代,都市景観,-0.0,0.0,0.0,9
男性・60代,事故・犯罪,-0.0,0.0,0.0,9
男性・60代,自然景観,0.0,0.0,0.0,9
男性・60代,自然の恵み,0.0043916501208540095,0.534038151935556,0.534038151935556,7
男性・60代,環境共生,-0.0,0.0,0.0,9
男性・60代,自然災害,-0.0,0.0,0.0,9
男性・60代,地域とのつながり,0.039305292893318244,4.779644416197608,4.779644416197608,5
男性・60代,多様性と寛容性,0.0,0.0,0.0,9
男性・60代,自己効力感,0.1927679223630241,23.44117180974042,23.44117180974042,3
男性・60代,健康状態,0.2688831424380991,32.69701650238561,32.69701650238561,1
男性・60代,文化・芸術,0.0,0.0,0.0,9
男性・60代,教育機会の豊かさ,0.06143645550630374,7.470861807560681,7.470861807560681,4
男性・60代,雇用・所得,0.0,0.0,0.0,9
男性・60代,事業創造,0.029033978914460495,3.530621068647245,3.530621068647245,6
男性・70代以上,医療・福祉,0.00303984178563592,0.36302763642352176,0.36302763642352176,12
男性・70代以上,買物・飲食,0.0410443818708499,4.901651464048819,4.901651464048819,7
男性・70代以上,住宅環境,0.1806164395054731,21.56979335001385,21.56979335001385,2
男性・70代以上,移動・交通,-0.0,0.0,0.0,14
男性・70代以上,遊び・娯楽,0.0,0.0,0.0,14
男性・70代以上,子育て,0.008578744887783174,1.0245011746362302,1.0245011746362302,11
男性・70代以上,初等・中等教育,0.0,0.0,0.0,14
男性・70代以上,地域行政,-0.0,0.0,0.0,14
男性・70代以上,デジタル生活,0.0,0.0,0.0,14
男性・70代以上,公共空間,0.05064091138594771,6.047699736757107,6.047699736757107,5
男性・70代以上,都市景観,0.0,0.0,0.0,14
男性・70代以上,事故・犯罪,-0.033300848849709706,3.9768939639988803,-3.9768939639988803,9
男性・70代以上,自然景観,0.0,0.0,0.0,14
男性・70代以上,自然の恵み,0.0005733454572100625,0.06847074975041521,0.06847074975041521,13
男性・70代以上,環境共生,0.0,0.0,0.0,14
男性・70代以上,自然災害,-0.014814186344120017,1.7691575526910062,-1.7691575526910062,10
男性・70代以上,地域とのつながり,0.05543386057045446,6.6200890703636714,6.6200890703636714,4
男性・70代以上,多様性と寛容性,-0.0,0.0,0.0,14
男性・70代以上,自己効力感,0.12835046144056264,15.328022948697123,15.328022948697123,3
男性・70代以上,健康状態,0.2421910849375236,28.92323460489728,28.92323460489728,1
男性・70代以上,文化・芸術,0.04291451994241847,5.124989338774808,5.124989338774808,6
男性・70代以上,教育機会の豊かさ,0.0,0.0,0.0,14
男性・70代以上,雇用・所得,0.035859601608943165,4.282468408947293,4.282468408947293,8
男性・70代以上,事業創造,-0.0,0.0,0.0,14
