市,市区町村コード,区分,分野,生の値,下振れ,標準誤差,回答者数,説明力,確かな下振れ,回答の年度数,第二象限,重点度,人口,インパクト
和歌山市,30201,女性・20〜30代,医療・福祉,0.48962051686253544,0.4366002394601852,0.27823063943492077,33,0.0,0.7931806269599797,3,False,0.0,34346,0.0
田辺市,30206,女性・20〜30代,医療・福祉,0.022196611201257547,0.016269395847119495,0.43691381385852446,11,0.0,0.5762181396882045,2,False,0.0,5572,0.0
和歌山市,30201,女性・40代,医療・福祉,0.726931353949442,0.6915845571638197,0.22261447876305032,69,-1.6645995007772778,0.976887273146545,4,False,0.0,25059,0.0
田辺市,30206,女性・40代,医療・福祉,-0.5648973556432677,-0.5211392641737009,0.2809761719638551,42,-1.6645995007772778,-0.16104020218482423,3,False,0.0,4707,0.0
和歌山市,30201,女性・50代,医療・福祉,0.7648447871082047,0.7347028976041232,0.20749851655586002,105,0.0,1.0006329964221135,4,False,0.0,25074,0.0
田辺市,30206,女性・50代,医療・福祉,-0.6364540625657082,-0.5819560831696735,0.30586028136666243,46,0.0,-0.1899655465701589,3,False,0.0,4987,0.0
和歌山市,30201,女性・60代,医療・福祉,0.2054969845985212,0.19873442029092145,0.19355681471594896,96,-0.8899149084335869,0.44679683403088166,4,False,0.0,23329,0.0
田辺市,30206,女性・60代,医療・福祉,0.47305371615005765,0.42362971175041597,0.3448809648374457,28,-0.8899149084335869,0.8656291562860864,3,False,0.0,5056,0.0
和歌山市,30201,女性・70代以上,医療・福祉,-0.15520758952923264,-0.13557806585523416,0.31498894314451764,37,0.0,0.26811176367877965,2,False,0.0,51691,0.0
和歌山市,30201,男性・20〜30代,医療・福祉,0.10903121230098559,0.07656109233687522,0.4174343511729765,13,-1.414913447237135,0.611544956800162,2,False,0.0,34088,0.0
和歌山市,30201,男性・40代,医療・福祉,0.2684918407094451,0.2490284420087099,0.258966454517284,54,0.0,0.5809198501180611,4,False,0.0,24232,0.0
田辺市,30206,男性・40代,医療・福祉,0.39920653689207725,0.36022388448256265,0.30056374146143333,39,0.0,0.7454263755395356,3,False,0.0,4623,0.0
和歌山市,30201,男性・50代,医療・福祉,0.30783216158143456,0.2946657217833916,0.21825538595122745,144,-0.0393927840457195,0.5743818244184847,4,False,0.0,22243,0.0
田辺市,30206,男性・50代,医療・福祉,0.29971049507787173,0.26726413084475525,0.3472320712055977,53,-0.0393927840457195,0.7122767533018493,3,False,0.0,4578,0.0
和歌山市,30201,男性・60代,医療・福祉,0.42041704790867374,0.41021417363273893,0.1799982730391151,121,0.0,0.6408999603596688,4,False,0.0,21002,0.0
田辺市,30206,男性・60代,医療・福祉,1.315885164522646,1.2487742508222301,0.26093648659602287,56,0.0,1.583190452043693,3,False,0.0,4715,0.0
和歌山市,30201,男性・70代以上,医療・福祉,0.6199450577265818,0.6043407056142952,0.17457386415850115,62,0.3630276364235217,0.8280745699198303,4,False,0.0,35162,0.0
田辺市,30206,男性・70代以上,医療・福祉,1.9675397510108732,1.639468185991147,0.4493197336839247,8,0.3630276364235217,2.2153163566804652,1,False,0.0,7482,0.0
和歌山市,30201,女性・20〜30代,買物・飲食,-0.4061346624657419,-0.3815053781193492,0.20148976021728845,33,0.0,-0.12327610142487233,3,False,0.0,34346,0.0
田辺市,30206,女性・20〜30代,買物・飲食,-0.29072145790983495,-0.24355170902549153,0.3295758268317293,11,0.0,0.1788326706420528,2,False,0.0,5572,0.0
和歌山市,30201,女性・40代,買物・飲食,0.0637700503501699,0.0628853575394106,0.10750870728771608,69,0.0,0.20066851679934755,4,False,0.0,25059,0.0
田辺市,30206,女性・40代,買物・飲食,-0.5565186765672591,-0.5439468259809206,0.13718780400754602,42,0.0,-0.3681269363648496,3,False,0.0,4707,0.0
和歌山市,30201,女性・50代,買物・飲食,0.7765171810876321,0.7636610438430839,0.11240594825158409,105,0.0,0.907720507122314,4,False,0.0,25074,0.0
田辺市,30206,女性・50代,買物・飲食,0.06825882515947647,0.06573287958551703,0.1680514128529697,46,0.0,0.281107570297883,3,False,0.0,4987,0.0
和歌山市,30201,女性・60代,買物・飲食,0.7087978805157197,0.7000130081986048,0.0907896547326038,96,0.0,0.8163690297039098,4,False,0.0,23329,0.0
田辺市,30206,女性・60代,買物・飲食,-0.03394058883159363,-0.032540465458328074,0.16563545663216153,28,0.0,0.17973793576145014,3,False,0.0,5056,0.0
和歌山市,30201,女性・70代以上,買物・飲食,0.39449742902961604,0.34737062792198903,0.2291620601059287,37,0.0,0.6410647241537473,2,False,0.0,51691,0.0
和歌山市,30201,男性・20〜30代,買物・飲食,0.28513200504776776,0.243185685143521,0.2895998736779698,13,6.75778515728178,0.6143368832492071,2,False,0.0,34088,0.0
和歌山市,30201,男性・40代,買物・飲食,0.3679685175240643,0.34704250184496555,0.18954286715795424,54,0.0,0.5899606403945997,4,False,0.0,24232,0.0
田辺市,30206,男性・40代,買物・飲食,0.24871263375292194,0.22954775470243333,0.2206346013218606,39,0.0,0.51231305975653,3,False,0.0,4623,0.0
和歌山市,30201,男性・50代,買物・飲食,0.2519361048937545,0.24149604516714282,0.15818128268082768,144,0.0,0.4442211770508916,4,False,0.0,22243,0.0
田辺市,30206,男性・50代,買物・飲食,0.4328329294770866,0.3873373726197145,0.2519260933656034,53,0.0,0.7102058538770719,3,False,0.0,4578,0.0
和歌山市,30201,男性・60代,買物・飲食,0.30574287850360277,0.2942014768632926,0.1441236949296873,121,0.0,0.47891040428517984,4,False,0.0,21002,0.0
田辺市,30206,男性・60代,買物・飲食,0.9236771562396205,0.8515006228104925,0.2073586675756602,56,0.0,1.1172514911754587,3,False,0.0,4715,0.0
和歌山市,30201,男性・70代以上,買物・飲食,1.4923936401593525,1.3737882645972757,0.18943299598418697,62,4.901651464048819,1.6165655922506097,4,False,0.0,35162,0.0
田辺市,30206,男性・70代以上,買物・飲食,1.8206206453792937,1.0907846376735097,0.4254495295004913,8,4.901651464048819,1.6360407546813396,1,False,0.0,7482,0.0
和歌山市,30201,女性・20〜30代,住宅環境,0.02582226341693745,0.02154688099552739,0.37026902274586804,33,21.17486751593681,0.4960836605466319,3,False,0.0,34346,0.0
田辺市,30206,女性・20〜30代,住宅環境,0.0477121980084392,0.02990859707657684,0.5558610752891877,11,21.17486751593681,0.7423001511671999,2,False,0.0,5572,0.0
和歌山市,30201,女性・40代,住宅環境,-0.32968941430968296,-0.3024919513612898,0.2500065612056295,69,18.431895592720345,0.01791645747984494,4,False,0.0,25059,0.0
田辺市,30206,女性・40代,住宅環境,0.9266290051475485,0.8073710057523832,0.31227018876036833,42,18.431895592720345,1.2075764796676713,3,False,0.0,4707,0.0
和歌山市,30201,女性・50代,住宅環境,-0.9135199368458718,-0.8313017692986217,0.229983295445828,105,21.8056418481163,-0.5365551778552484,4,True,11.699930040063888,25074,293364.0458245619
田辺市,30206,女性・50代,住宅環境,0.7289466960825356,0.5946912014976278,0.32899519839980784,46,21.8056418481163,1.0163314477668215,3,False,0.0,4987,0.0
和歌山市,30201,女性・60代,住宅環境,0.09954859895212916,0.0914216546032025,0.2135778869010636,96,18.52259479524582,0.3651430744556056,4,False,0.0,23329,0.0
田辺市,30206,女性・60代,住宅環境,1.0282196487113644,0.7880385303166582,0.3612739941360503,28,18.52259479524582,1.2510472812014202,3,False,0.0,5056,0.0
和歌山市,30201,女性・70代以上,住宅環境,-1.1330125006486962,-0.7278495070956372,0.3479094160333035,37,27.70736476444996,-0.2819687995073554,2,True,7.812612380144355,51691,403841.74654204183
和歌山市,30201,男性・20〜30代,住宅環境,-1.3249766823008537,-0.8625852100514675,0.5154355695222596,13,12.216398122076203,-0.20200298415173956,2,True,2.4677488762451003,34088,84120.62369344298
和歌山市,30201,男性・40代,住宅環境,-0.21599845485603808,-0.1936496869415707,0.2893637420394856,54,16.779115314733954,0.17719888485623408,4,False,0.0,24232,0.0
田辺市,30206,男性・40代,住宅環境,0.7165702716142648,0.6178416407846518,0.3339141362951049,39,16.779115314733954,1.0457859978604582,3,False,0.0,4623,0.0
和歌山市,30201,男性・50代,住宅環境,0.5416328148841565,0.5047425394685481,0.22119449008873165,144,15.01435941473354,0.7882253979662666,4,False,0.0,22243,0.0
田辺市,30206,男性・50代,住宅環境,1.1214457892701688,0.9356477990181599,0.34498658180524205,53,15.01435941473354,1.3777826022597581,3,False,0.0,4578,0.0
和歌山市,30201,男性・60代,住宅環境,-0.08779023423867979,-0.0763926628984358,0.25293406906890564,121,27.165415049071605,0.2477676400202737,4,False,0.0,21002,0.0
田辺市,30206,男性・60代,住宅環境,0.855568693818981,0.6469952159014553,0.3465982567797021,56,27.165415049071605,1.0911955417903214,3,False,0.0,4715,0.0
和歌山市,30201,男性・70代以上,住宅環境,-0.7547769360597331,-0.6961469745234958,0.22746311989596757,62,21.56979335001385,-0.4046302400648238,4,True,8.727790661364743,35162,306886.5752349071
田辺市,30206,男性・70代以上,住宅環境,-0.43564404348572794,-0.26359373500025157,0.5128877603289916,8,21.56979335001385,0.3937232186373842,1,False,0.0,7482,0.0
和歌山市,30201,女性・20〜30代,移動・交通,-0.47560041126464314,-0.3965474493325573,0.2545872021970235,33,0.0,-0.07026849099685195,3,False,0.0,34346,0.0
田辺市,30206,女性・20〜30代,移動・交通,-0.07915892772892653,-0.049534412302230345,0.38200960451158145,11,0.0,0.44004909683981247,2,False,0.0,5572,0.0
和歌山市,30201,女性・40代,移動・交通,0.26464219183958543,0.2490047437921603,0.1776857135165925,69,-4.251233657153921,0.47672675423502525,4,False,0.0,25059,0.0
田辺市,30206,女性・40代,移動・交通,-0.08560345186857123,-0.07759762007923997,0.2235407505584456,42,-4.251233657153921,0.2088922058364639,3,False,0.0,4707,0.0
和歌山市,30201,女性・50代,移動・交通,-1.0498101864062819,-1.0313444091307749,0.10083911050796278,105,0.0,-0.9021090051037698,4,False,0.0,25074,0.0
田辺市,30206,女性・50代,移動・交通,-0.20188012541479594,-0.19395341885658507,0.15066077895758506,46,0.0,-0.0008665645445440351,3,False,0.0,4987,0.0
和歌山市,30201,女性・60代,移動・交通,-0.2818331637770317,-0.2764564502449133,0.10043747653719412,96,0.0,-0.14773578031484527,4,False,0.0,23329,0.0
田辺市,30206,女性・60代,移動・交通,0.0459955104559518,0.04312020375232623,0.18180999651190613,28,0.0,0.27612789528198517,3,False,0.0,5056,0.0
和歌山市,30201,女性・70代以上,移動・交通,-0.607116974413613,-0.5218747991632732,0.21077980524990306,37,0.0,-0.2517394007549974,2,False,0.0,51691,0.0
和歌山市,30201,男性・20〜30代,移動・交通,-0.16301053652610167,-0.09467907874549299,0.3578135020298294,13,0.0,0.36389470545593644,2,False,0.0,34088,0.0
和歌山市,30201,男性・40代,移動・交通,-0.13021171655193758,-0.11067510999299189,0.24448723857941926,54,0.0,0.20265973497039186,4,False,0.0,24232,0.0
田辺市,30206,男性・40代,移動・交通,-0.9884435929881342,-0.7943036566488092,0.2797294286271972,39,0.0,-0.4358024209201933,3,False,0.0,4623,0.0
和歌山市,30201,男性・50代,移動・交通,-0.6146011809916899,-0.5937054169445787,0.13135101516549913,144,0.6561016117256894,-0.425365955908475,4,False,0.0,22243,0.0
田辺市,30206,男性・50代,移動・交通,-0.4191614845836569,-0.3825773242240331,0.2104538437408549,53,0.6561016117256894,-0.11285967808575348,3,False,0.0,4578,0.0
和歌山市,30201,男性・60代,移動・交通,-0.8941843629579959,-0.8842067885229892,0.08193787611428845,121,0.0,-0.7791952064949171,4,False,0.0,21002,0.0
田辺市,30206,男性・60代,移動・交通,0.5602798172901375,0.5469442487814306,0.11967102973586992,56,0.0,0.7003146404909215,3,False,0.0,4715,0.0
和歌山市,30201,男性・70代以上,移動・交通,0.3042222260845383,0.2760052272726104,0.18233672825084962,62,0.0,0.5096879781988993,4,False,0.0,35162,0.0
田辺市,30206,男性・70代以上,移動・交通,1.0576264352978495,0.5900911960258415,0.39806614612481106,8,0.0,1.1002527688993995,1,False,0.0,7482,0.0
和歌山市,30201,女性・20〜30代,遊び・娯楽,-0.5980501149363605,-0.5774311821396737,0.17993030961425,33,2.828892578263278,-0.3468324973380509,3,False,0.0,34346,0.0
田辺市,30206,女性・20〜30代,遊び・娯楽,-0.09662238389039142,-0.08727330882202797,0.3014293063321713,11,2.828892578263278,0.29903849017328277,2,False,0.0,5572,0.0
和歌山市,30201,女性・40代,遊び・娯楽,-0.2845426378898809,-0.2804411355211316,0.11607393460071047,69,-0.065932926119244,-0.13168078093686103,4,False,0.0,25059,0.0
田辺市,30206,女性・40代,遊び・娯楽,-0.3388988544251897,-0.33094715952727694,0.14809203571576376,42,-0.065932926119244,-0.14115240655395409,3,False,0.0,4707,0.0
和歌山市,30201,女性・50代,遊び・娯楽,-0.8315047368544326,-0.829284236998385,0.050639270703924544,105,0.0,-0.7643849476642354,4,False,0.0,25074,0.0
田辺市,30206,女性・50代,遊び・娯楽,-0.545860832265711,-0.5425448329058981,0.07637666379745014,46,0.0,-0.4446605005830859,3,False,0.0,4987,0.0
和歌山市,30201,女性・60代,遊び・娯楽,-0.7871018604032437,-0.7630151828766688,0.13954827929138616,96,0.0,-0.5841701081368282,4,False,0.0,23329,0.0
田辺市,30206,女性・60代,遊び・娯楽,-0.47634075663871517,-0.42982031217337063,0.24929557088359527,28,0.0,-0.11032310852895494,3,False,0.0,5056,0.0
和歌山市,30201,女性・70代以上,遊び・娯楽,-0.8491089872240123,-0.6655685999865939,0.25936922354273007,37,0.0,-0.333161003094231,2,False,0.0,51691,0.0
和歌山市,30201,男性・20〜30代,遊び・娯楽,-1.1390173363356537,-1.0083952518836816,0.3084659267331868,13,0.0,-0.6130653201824294,2,False,0.0,34088,0.0
和歌山市,30201,男性・40代,遊び・娯楽,0.13603733579210087,0.13365768254993665,0.12284825632473031,54,-2.285339999593471,0.291100007855711,4,False,0.0,24232,0.0
田辺市,30206,男性・40代,遊び・娯楽,-0.7025221014608866,-0.6856203161359389,0.14407131219411753,39,-2.285339999593471,-0.5009785224279578,3,False,0.0,4623,0.0
和歌山市,30201,男性・50代,遊び・娯楽,0.061081474743425894,0.0610814742973681,8.333333302905546e-05,144,0.0,0.06118827429697814,4,False,0.0,22243,0.0
田辺市,30206,男性・50代,遊び・娯楽,-0.5546591460255397,-0.554659135020429,0.00013736056258598886,53,0.0,-0.5544830937234188,3,False,0.0,4578,0.0
和歌山市,30201,男性・60代,遊び・娯楽,-1.0522955318245828,-0.9991404086928479,0.1704905031860345,121,0.0,-0.7806397798096261,4,False,0.0,21002,0.0
田辺市,30206,男性・60代,遊び・娯楽,-0.07029614455604602,-0.06304859249186966,0.2435714660596509,56,0.0,0.24911259841017896,3,False,0.0,4715,0.0
和歌山市,30201,男性・70代以上,遊び・娯楽,0.35383019946970434,0.3159450764558555,0.20787206485385226,62,0.0,0.5823539147725526,4,False,0.0,35162,0.0
田辺市,30206,男性・70代以上,遊び・娯楽,0.07467192453253269,0.038704030690674684,0.4408979295282721,8,0.0,0.6037588171741082,1,False,0.0,7482,0.0
和歌山市,30201,女性・20〜30代,子育て,0.7732137134388478,0.7208958019608718,0.21190658262201664,33,0.0,0.9924752782492483,3,False,0.0,34346,0.0
田辺市,30206,女性・20〜30代,子育て,-0.1488069477281449,-0.1222012423226769,0.3444647666669587,11,0.0,0.3192648026376974,2,False,0.0,5572,0.0
和歌山市,30201,女性・40代,子育て,1.5148618707807768,1.435787484850889,0.19157119324348623,69,0.0,1.6813051261117409,4,False,0.0,25059,0.0
田辺市,30206,女性・40代,子育て,0.3840926210374491,0.3522239234345543,0.24152549636607273,42,0.0,0.6617629995773131,3,False,0.0,4707,0.0
和歌山市,30201,女性・50代,子育て,0.2438240826477362,0.23131445891896374,0.17332801890036323,105,0.0,0.45345164794166926,4,False,0.0,25074,0.0
田辺市,30206,女性・50代,子育て,0.45809822573664755,0.40776209943888125,0.2536562336222617,46,0.0,0.7328479284491718,3,False,0.0,4987,0.0
和歌山市,30201,女性・60代,子育て,0.5677481860618284,0.5300864294910943,0.17772635425644462,96,0.0,0.7578605251061538,4,False,0.0,23329,0.0
田辺市,30206,女性・60代,子育て,0.08204527667398898,0.06597431167372547,0.30540321850812985,28,0.0,0.4573790765137447,3,False,0.0,5056,0.0
和歌山市,30201,女性・70代以上,子育て,0.4038538197658673,0.34765184815932726,0.22951613608659613,37,0.0,0.6417997281679089,2,False,0.0,51691,0.0
和歌山市,30201,男性・20〜30代,子育て,1.4144939276455695,1.0374369392908154,0.3442250042588622,13,3.9895086612082937,1.4785957047489733,2,False,0.0,34088,0.0
和歌山市,30201,男性・40代,子育て,0.633341763711202,0.5640870033199188,0.23095902366735024,54,0.0,0.8600840880519949,4,False,0.0,24232,0.0
田辺市,30206,男性・40代,子育て,-0.1156597136851838,-0.0988549929489017,0.26622802871741896,39,0.0,0.24234284865534245,3,False,0.0,4623,0.0
和歌山市,30201,男性・50代,子育て,1.1042817686095288,1.013223742269638,0.19113206210582495,144,-1.6481032959090136,1.2581785930644633,4,False,0.0,22243,0.0
田辺市,30206,男性・50代,子育て,0.5149649022251419,0.4139010167879053,0.2948652272342977,53,-1.6481032959090136,0.7918002920113812,3,False,0.0,4578,0.0
和歌山市,30201,男性・60代,子育て,0.5853254353567013,0.5424108947435481,0.18263067303247846,121,0.0,0.7764703653019724,4,False,0.0,21002,0.0
田辺市,30206,男性・60代,子育て,-0.24796161636165426,-0.21176075645317402,0.2577136358828965,56,0.0,0.11852503929434613,3,False,0.0,4715,0.0
和歌山市,30201,男性・70代以上,子育て,0.6343123841305097,0.5851193876215367,0.18457996502933482,62,1.0245011746362302,0.8216770708031322,4,False,0.0,35162,0.0
田辺市,30206,男性・70代以上,子育て,0.22122298846396946,0.13394715736583204,0.416309560898185,8,1.0245011746362302,0.6674894906129459,1,False,0.0,7482,0.0
和歌山市,30201,女性・20〜30代,初等・中等教育,0.28295571466658614,0.2756782934046843,0.18192819584177997,33,0.0,0.5088374691955095,3,False,0.0,34346,0.0
田辺市,30206,女性・20〜30代,初等・中等教育,0.3248158428016447,0.30097983096800884,0.30730433320366657,11,0.0,0.694821064401828,2,False,0.0,5572,0.0
和歌山市,30201,女性・40代,初等・中等教育,0.5150322384485468,0.5088475886483983,0.12124439196256333,69,0.0,0.6642344013876195,4,False,0.0,25059,0.0
田辺市,30206,女性・40代,初等・中等教育,-0.28607593368411866,-0.2804754941264596,0.1548073961202936,42,0.0,-0.08207433525869134,3,False,0.0,4707,0.0
和歌山市,30201,女性・50代,初等・中等教育,0.3494655776233371,0.3494655755899766,9.759000701094028e-05,105,0.0,0.3495906469429618,4,False,0.0,25074,0.0
田辺市,30206,女性・50代,初等・中等教育,-0.12401441835600904,-0.12401441670893312,0.00014744195517578477,46,0.0,-0.12382545509917983,3,False,0.0,4987,0.0
和歌山市,30201,女性・60代,初等・中等教育,-0.282707864124174,-0.28270786215474153,0.0001020620722604674,96,-8.861583471528707,-0.28257705940293254,4,False,0.0,23329,0.0
田辺市,30206,女性・60代,初等・中等教育,-0.14588532983657837,-0.14588532635217824,0.0001889822342477392,28,-8.861583471528707,-0.14564312672076635,3,False,0.0,5056,0.0
和歌山市,30201,女性・70代以上,初等・中等教育,0.4386764138313917,0.41570277208972756,0.2309682217571632,37,-1.055590405935006,0.711711645093708,2,False,0.0,51691,0.0
和歌山市,30201,男性・20〜30代,初等・中等教育,0.8081432177118848,0.6722223623696121,0.4045068084570551,13,-0.387497934838092,1.190638288088174,2,False,0.0,34088,0.0
和歌山市,30201,男性・40代,初等・中等教育,-0.30265393123187884,-0.3016942050464074,0.06370931614269369,54,0.0,-0.22004434547793117,4,False,0.0,24232,0.0
田辺市,30206,男性・40代,初等・中等教育,0.5354223632567798,0.5330743673846349,0.07492087521808469,39,0.0,0.6290929610641323,3,False,0.0,4623,0.0
和歌山市,30201,男性・50代,初等・中等教育,-0.10551023268331426,-0.10551023219996532,8.333333314245573e-05,144,-3.875118267273798,-0.10540343220020995,4,False,0.0,22243,0.0
田辺市,30206,男性・50代,初等・中等教育,0.0703333610755314,0.07033336020011598,0.0001373605630938489,53,-3.875118267273798,0.07050940149777706,3,False,0.0,4578,0.0
和歌山市,30201,男性・60代,初等・中等教育,0.07410410000879919,0.07410409961580436,9.090909066803269e-05,121,0.0,0.07422060870640451,4,False,0.0,21002,0.0
田辺市,30206,男性・60代,初等・中等教育,-0.15202663848201775,-0.15202663673996364,0.00013363062019058395,56,0.0,-0.15185537573712737,3,False,0.0,4715,0.0
和歌山市,30201,男性・70代以上,初等・中等教育,1.096973635546822,1.0885286599355644,0.09757519420146428,62,0.0,1.213581028824161,4,False,0.0,35162,0.0
田辺市,30206,男性・70代以上,初等・中等教育,1.3905077298070543,1.3116441887358206,0.26484376460254977,8,0.0,1.6510679574504483,1,False,0.0,7482,0.0
和歌山市,30201,女性・20〜30代,地域行政,0.48596340954663303,0.45533350357261726,0.21292613754745338,33,0.0,0.7282196414534335,3,False,0.0,34346,0.0
田辺市,30206,女性・20〜30代,地域行政,-0.1992059596416464,-0.16575529687579355,0.34754346721225965,11,0.0,0.27965641070343844,2,False,0.0,5572,0.0
和歌山市,30201,女性・40代,地域行政,1.078692479535596,1.0367774489437531,0.16117920066017224,69,0.0,1.2433447125098298,4,False,0.0,25059,0.0
田辺市,30206,女性・40代,地域行政,0.3031062365687458,0.2842284287801467,0.2040568945968389,42,0.0,0.5457477448954555,3,False,0.0,4707,0.0
和歌山市,30201,女性・50代,地域行政,0.4098964021174042,0.4005627896937512,0.12729830634534264,105,0.0,0.5637082991059423,4,False,0.0,25074,0.0
田辺市,30206,女性・50代,地域行政,0.03100279978378462,0.02943710972532768,0.18957769407291417,46,0.0,0.2723998824491745,3,False,0.0,4987,0.0
和歌山市,30201,女性・60代,地域行政,0.6884163623141947,0.6610258366077175,0.1576866042266354,96,0.0,0.8631169885845735,4,False,0.0,23329,0.0
田辺市,30206,女性・60代,地域行政,-0.24656366944007052,-0.21589235436157642,0.27881867902190943,28,0.0,0.14144166467290273,3,False,0.0,5056,0.0
和歌山市,30201,女性・70代以上,地域行政,0.762697458872866,0.7129397402832984,0.20354760368105526,37,0.0,0.9738063491609389,2,False,0.0,51691,0.0
和歌山市,30201,男性・20〜30代,地域行政,0.719139851240872,0.5718758630607961,0.34115960984197624,13,0.0,1.0091060190342729,2,False,0.0,34088,0.0
和歌山市,30201,男性・40代,地域行政,0.4693503539395302,0.4285077610791378,0.22795259992625502,54,3.7273310145660847,0.7206518131446262,4,False,0.0,24232,0.0
田辺市,30206,男性・40代,地域行政,-0.14663042641482935,-0.12953531445484703,0.26385200467079395,39,3.7273310145660847,0.20861741473124248,3,False,0.0,4623,0.0
和歌山市,30201,男性・50代,地域行政,0.7908326507386555,0.7619801291744143,0.1553735602464018,144,1.0030366422485573,0.9611068839862028,4,False,0.0,22243,0.0
田辺市,30206,男性・50代,地域行政,-0.11307721346978825,-0.1025291197556514,0.24844311559667273,53,1.0030366422485573,0.21587557719304437,3,False,0.0,4578,0.0
和歌山市,30201,男性・60代,地域行政,0.7069965838299842,0.6709412344221992,0.17551438285248744,121,0.0,0.8958804674859471,4,False,0.0,21002,0.0
田辺市,30206,男性・60代,地域行政,0.09256194056602976,0.08293237546116325,0.2506822742279959,56,0.0,0.40420677811176275,3,False,0.0,4715,0.0
和歌山市,30201,男性・70代以上,地域行政,0.8637927973527889,0.8232332306493416,0.17085806778437784,62,0.0,1.0422049303218004,4,False,0.0,35162,0.0
田辺市,30206,男性・70代以上,地域行政,0.687725102751853,0.4976908863123588,0.4144785789379089,8,0.0,1.0288866330791828,1,False,0.0,7482,0.0
和歌山市,30201,女性・20〜30代,デジタル生活,-0.7657522673053034,-0.7126950539694493,0.32546612014015636,33,-0.3653203277288398,-0.2955776743978249,3,False,0.0,34346,0.0
田辺市,30206,女性・20〜30代,デジタル生活,-1.047589411577652,-0.8563370953149912,0.5283059671475592,11,-0.3653203277288398,-0.17926016781867937,2,False,0.0,5572,0.0
和歌山市,30201,女性・40代,デジタル生活,-0.6746768845576462,-0.6575362929682151,0.2044057902584709,69,3.120967034803623,-0.3955698321729588,4,False,0.0,25059,0.0
田辺市,30206,女性・40代,デジタル生活,-0.7458156207389307,-0.7151871318763674,0.25988143336448716,42,3.120967034803623,-0.38212308687644064,3,False,0.0,4707,0.0
和歌山市,30201,女性・50代,デジタル生活,-1.051336958874047,-1.0456251747066758,0.09851529621312174,105,0.8130852848018979,-0.919367971079939,4,False,0.0,25074,0.0
田辺市,30206,女性・50代,デジタル生活,-1.0902307807337812,-1.0768042446415287,0.1483240281555791,46,0.8130852848018979,-0.8867121701573385,3,False,0.0,4987,0.0
和歌山市,30201,女性・60代,デジタル生活,-1.212499353599159,-1.1933263939565912,0.1651196102030431,96,0.0,-0.9817091015203712,4,False,0.0,23329,0.0
田辺市,30206,女性・60代,デジタル生活,-1.286014057052229,-1.2188710371296283,0.3000353396238608,28,0.0,-0.8343457458676883,3,False,0.0,5056,0.0
和歌山市,30201,女性・70代以上,デジタル生活,0.3908971499275824,0.3742997127552422,0.2754020338386066,37,0.0,0.7272549593228005,2,False,0.0,51691,0.0
和歌山市,30201,男性・20〜30代,デジタル生活,-0.07700862224700399,-0.05018325665093914,0.5832215429981961,13,4.503711208126242,0.697273472855549,2,False,0.0,34088,0.0
和歌山市,30201,男性・40代,デジタル生活,-1.0181422878539512,-1.0128915195042065,0.09692508577525763,54,0.0,-0.8886723295746364,4,False,0.0,24232,0.0
田辺市,30206,男性・40代,デジタル生活,-1.4419686078947624,-1.4316922610515794,0.11393849450156787,39,0.0,-1.28566868649837,3,False,0.0,4623,0.0
和歌山市,30201,男性・50代,デジタル生活,-1.117105831298295,-1.1148231278824146,0.059796695376800206,144,0.0,-1.0381876830875074,4,False,0.0,22243,0.0
田辺市,30206,男性・50代,デジタル生活,-1.018129051940189,-1.0124962618177333,0.09839204079636361,53,0.0,-0.8863970223331137,3,False,0.0,4578,0.0
和歌山市,30201,男性・60代,デジタル生活,-1.3458879209983237,-1.3424620007069048,0.07161018981616582,121,0.0,-1.2506863814385067,4,False,0.0,21002,0.0
田辺市,30206,男性・60代,デジタル生活,-1.0436402318477,-1.0379170801833848,0.1051072967532695,56,0.0,-0.9032115686643946,3,False,0.0,4715,0.0
和歌山市,30201,男性・70代以上,デジタル生活,-0.6266954153532309,-0.626695410876585,0.00012700012654659327,62,0.0,-0.6265326475144029,4,False,0.0,35162,0.0
田辺市,30206,男性・70代以上,デジタル生活,0.4196033175395215,0.4196032943101842,0.00035355338080687463,8,0.0,0.4200564083230263,1,False,0.0,7482,0.0
和歌山市,30201,女性・20〜30代,公共空間,0.7958986910322968,0.5845979233732171,0.33126585752121745,33,2.4999615248242697,1.0091482463724095,3,False,0.0,34346,0.0
田辺市,30206,女性・20〜30代,公共空間,1.3508762861821075,0.6481077759020871,0.4637174002173389,11,2.4999615248242697,1.2424079960206287,2,False,0.0,5572,0.0
和歌山市,30201,女性・40代,公共空間,0.8404128175192732,0.7199957150914515,0.28154692498515915,69,5.693321036250734,1.0808262541524316,4,False,0.0,25059,0.0
田辺市,30206,女性・40代,公共空間,1.0988568249764463,0.8620088029882238,0.3453165250150343,42,5.693321036250734,1.3045664614474917,3,False,0.0,4707,0.0
和歌山市,30201,女性・50代,公共空間,1.0684866861737279,0.9086211011125633,0.26209296807375576,105,2.0538468306327,1.2445194489958888,4,False,0.0,25074,0.0
田辺市,30206,女性・50代,公共空間,1.7809981021330685,1.2706809634232323,0.36270269668517857,46,2.0538468306327,1.7355207394949572,3,False,0.0,4987,0.0
和歌山市,30201,女性・60代,公共空間,1.1766714061447647,1.0682020282848315,0.22855654120901855,96,6.166747814513346,1.3611200914983097,4,False,0.0,23329,0.0
田辺市,30206,女性・60代,公共空間,1.7716467394672681,1.3141313331306608,0.38254451329539363,28,6.166747814513346,1.8044003813700373,3,False,0.0,5056,0.0
和歌山市,30201,女性・70代以上,公共空間,0.6026231544352004,0.4394696985642884,0.32886982924738484,37,0.0,0.8609492717277368,2,False,0.0,51691,0.0
和歌山市,30201,男性・20〜30代,公共空間,1.052499590869734,0.5654817566460384,0.4380738017200367,13,7.53028958177662,1.1269171409304375,2,False,0.0,34088,0.0
和歌山市,30201,男性・40代,公共空間,0.9921799292096483,0.7712145941557329,0.3204523681621435,54,1.81013842316194,1.181906349192336,4,False,0.0,24232,0.0
田辺市,30206,男性・40代,公共空間,0.6743680704641611,0.48282456905561705,0.3618943825465266,39,1.81013842316194,0.9466284097272456,3,False,0.0,4623,0.0
和歌山市,30201,男性・50代,公共空間,0.49320186618886247,0.40378788511104047,0.28156877452275536,144,4.905952115449384,0.7646464265394037,4,False,0.0,22243,0.0
田辺市,30206,男性・50代,公共空間,1.6237067663393867,1.0137757942939847,0.40530379824307367,53,4.905952115449384,1.533213142122308,3,False,0.0,4578,0.0
和歌山市,30201,男性・60代,公共空間,0.919808048776241,0.7937820418256177,0.2719503677011203,121,0.3812311944612712,1.1423136330713735,4,False,0.0,21002,0.0
田辺市,30206,男性・60代,公共空間,0.34250606612327733,0.25502125947302123,0.37131316659049635,56,0.3812311944612712,0.7308962137754014,3,False,0.0,4715,0.0
和歌山市,30201,男性・70代以上,公共空間,0.6669653983339066,0.5857043526736113,0.2654139902744544,62,6.047699736757107,0.9258589226093521,4,False,0.0,35162,0.0
田辺市,30206,男性・70代以上,公共空間,0.9640552861206401,0.46455108999371486,0.5473345458462691,8,6.047699736757107,1.1660150439502934,1,False,0.0,7482,0.0
和歌山市,30201,女性・20〜30代,都市景観,1.5444219534215518,1.4570617375753276,0.3629360851252035,33,0.0,1.9222006242717884,3,False,0.0,34346,0.0
田辺市,30206,女性・20〜30代,都市景観,-1.4199275439916448,-1.2034617448759712,0.5958237861674993,11,0.0,-0.43985398052370406,2,False,0.0,5572,0.0
和歌山市,30201,女性・40代,都市景観,1.647700656484662,1.6038732051941875,0.25327563042300905,69,-1.8765681036223212,1.928471253144316,4,False,0.0,25059,0.0
田辺市,30206,女性・40代,都市景観,-1.3098829419412865,-1.2536051869384817,0.3218930452367644,42,-1.8765681036223212,-0.8410670601630444,3,False,0.0,4707,0.0
和歌山市,30201,女性・50代,都市景観,0.8529229143503836,0.8529229114256569,9.759000712753216e-05,105,-2.213639006672816,0.8530479827787916,4,False,0.0,25074,0.0
田辺市,30206,女性・50代,都市景観,-0.9319380155195909,-0.9319380082251165,0.00014744195557786757,46,-2.213639006672816,-0.9317490466148479,3,False,0.0,4987,0.0
和歌山市,30201,女性・60代,都市景観,1.6910251332978987,1.6806338743739533,0.13185012072873475,96,0.0,1.8496129890998998,4,False,0.0,23329,0.0
田辺市,30206,女性・60代,都市景観,-1.6313154668691663,-1.5974516445974087,0.2423374261330984,28,0.0,-1.2868719992652298,3,False,0.0,5056,0.0
和歌山市,30201,女性・70代以上,都市景観,1.39771580604639,1.3129277819909668,0.3874721339917404,37,-2.2381661356043896,1.8095120689147812,2,False,0.0,51691,0.0
和歌山市,30201,男性・20〜30代,都市景観,1.9187521898502973,1.462444494496366,0.6621531594414587,13,1.645534108547517,2.3110599836365395,2,False,0.0,34088,0.0
和歌山市,30201,男性・40代,都市景観,1.898665171474217,1.847432919274739,0.2619127194444785,54,0.0,2.1831002605147827,4,False,0.0,24232,0.0
田辺市,30206,男性・40代,都市景観,-2.0139685501961435,-1.9394965638913035,0.30660496567970585,39,0.0,-1.5465516398761925,3,False,0.0,4623,0.0
和歌山市,30201,男性・50代,都市景観,1.3006885628264788,1.3006885596348832,8.333333323109274e-05,144,0.0,1.3007953596347521,4,False,0.0,22243,0.0
田辺市,30206,男性・50代,都市景観,-1.3589385903905817,-1.3589385813307322,0.0001373605634908074,53,0.0,-1.3587625400325625,3,False,0.0,4578,0.0
和歌山市,30201,男性・60代,都市景観,1.1093020564485279,1.1093020533175924,9.09090907807983e-05,121,0.0,1.109418562408337,4,False,0.0,21002,0.0
田辺市,30206,男性・60代,都市景観,-1.4099252948883698,-1.4099252862899674,0.0001336306205487403,56,0.0,-1.409754025286672,3,False,0.0,4715,0.0
和歌山市,30201,男性・70代以上,都市景観,1.842145999645981,1.8421459901028487,0.00012700012667123204,62,0.0,1.8423087534651905,4,False,0.0,35162,0.0
田辺市,30206,男性・70代以上,都市景観,-1.326572905108275,-1.3265728518484534,0.00035355338349596664,8,0.0,-1.326119737832165,1,False,0.0,7482,0.0
和歌山市,30201,女性・20〜30代,事故・犯罪,0.5603169226142938,0.5554082761848264,0.10660924745377917,33,-6.7368053098830565,0.6920386877215897,3,False,0.0,34346,0.0
田辺市,30206,女性・20〜30代,事故・犯罪,0.8555023553474933,0.8334056710860941,0.18305593839434134,11,-6.7368053098830565,1.068010161732282,2,False,0.0,5572,0.0
和歌山市,30201,女性・40代,事故・犯罪,0.9311249731648876,0.9268378679009354,0.07793802154809074,69,-4.877037973339216,1.0267232363169685,4,False,0.0,25059,0.0
田辺市,30206,女性・40代,事故・犯罪,0.9522487182042416,0.9450670916371577,0.09974875915164076,42,-4.877037973339216,1.0729051013659006,3,False,0.0,4707,0.0
和歌山市,30201,女性・50代,事故・犯罪,0.1641349888592152,0.16323774717248074,0.08515456102895849,105,-5.159421556690184,0.27237183258719394,4,False,0.0,25074,0.0
田辺市,30206,女性・50代,事故・犯罪,0.7108477612649172,0.7020396666847908,0.12820544269435355,46,-5.159421556690184,0.8663477620418742,3,False,0.0,4987,0.0
和歌山市,30201,女性・60代,事故・犯罪,0.48550814928671837,0.48230454835017605,0.09660685047032191,96,-0.274530834561562,0.6061158879129407,4,False,0.0,23329,0.0
田辺市,30206,女性・60代,事故・犯罪,0.5826880394922692,0.5697136514666862,0.17746485925533942,28,-0.274530834561562,0.7971526150883292,3,False,0.0,5056,0.0
和歌山市,30201,女性・70代以上,事故・犯罪,0.04971808322539689,0.049718082367314814,0.00016439898588668005,37,0.0,0.049928776107627186,2,False,0.0,51691,0.0
和歌山市,30201,男性・20〜30代,事故・犯罪,0.6275071643369233,0.579700394058056,0.3015665970450078,13,0.0,0.966188144830938,2,False,0.0,34088,0.0
和歌山市,30201,男性・40代,事故・犯罪,0.27279503568152413,0.2722019155205224,0.055318817519360165,54,0.0,0.3430985120533344,4,False,0.0,24232,0.0
田辺市,30206,男性・40代,事故・犯罪,1.6487866644240818,1.643827176712899,0.06506627620628895,39,0.0,1.7272161162988788,3,False,0.0,4623,0.0
和歌山市,30201,男性・50代,事故・犯罪,-0.06837398115388978,-0.06833010592172288,0.0298096597532528,144,-1.9637762204911156,-0.03012604598195409,4,False,0.0,22243,0.0
田辺市,30206,男性・50代,事故・犯罪,1.158320813604435,1.1563035353379911,0.04910901393086174,53,-1.9637762204911156,1.2192416475917836,3,False,0.0,4578,0.0
和歌山市,30201,男性・60代,事故・犯罪,0.633566187764483,0.6335661846896417,9.090909068848963e-05,121,0.0,0.633682693780268,4,False,0.0,21002,0.0
田辺市,30206,男性・60代,事故・犯罪,1.1851959186541645,1.1851959062256792,0.00013363062025555748,56,0.0,1.1853671672285986,3,False,0.0,4715,0.0
和歌山市,30201,男性・70代以上,事故・犯罪,0.686741817737103,0.6867418109431714,0.00012700012637198487,62,-3.97689396399888,0.6869045743051297,4,False,0.0,35162,0.0
田辺市,30206,男性・70代以上,事故・犯罪,0.14847862825352853,0.14847861686957048,0.00035355337703968327,8,-3.97689396399888,0.14893173087758454,1,False,0.0,7482,0.0
和歌山市,30201,女性・20〜30代,自然景観,-1.828126548958797,-1.7881685465898491,0.22838419011295188,33,0.0,-1.4954713685410899,3,False,0.0,34346,0.0
田辺市,30206,女性・20〜30代,自然景観,-1.1555792680276922,-1.0829792533583693,0.3872003700610372,11,0.0,-0.5867432590881441,2,False,0.0,5572,0.0
和歌山市,30201,女性・40代,自然景観,-1.8460651378317223,-1.8460651266594563,0.00012038585272148552,69,0.0,-1.8459108401506086,4,False,0.0,25059,0.0
田辺市,30206,女性・40代,自然景観,-2.4252495865147186,-2.4252495624017616,0.00015430334919501413,42,0.0,-2.4250518072294334,3,False,0.0,4707,0.0
和歌山市,30201,女性・50代,自然景観,-1.9898090176187844,-1.989809010351949,9.759000711665266e-05,105,0.0,-1.9896839389988283,4,False,0.0,25074,0.0
田辺市,30206,女性・50代,自然景観,-1.8599432495286912,-1.8599432340239301,0.00014744195554034818,46,0.0,-1.8597542724137097,3,False,0.0,4987,0.0
和歌山市,30201,女性・60代,自然景観,-1.8179404671636472,-1.817940460433847,0.00010206207242705491,96,0.0,-1.8178096576818243,4,False,0.0,23329,0.0
田辺市,30206,女性・60代,自然景観,-2.117004062193191,-2.1170040353238258,0.0001889822353053167,28,0.0,-2.1167618356910585,3,False,0.0,5056,0.0
和歌山市,30201,女性・70代以上,自然景観,-1.1753729073602683,-1.138345858716827,0.273571704957803,37,0.0,-0.7877363616429066,2,False,0.0,51691,0.0
和歌山市,30201,男性・20〜30代,自然景観,-1.8556586357834775,-1.6003768936684637,0.5320559181666591,13,4.094333655508347,-0.9184940289460733,2,False,0.0,34088,0.0
和歌山市,30201,男性・40代,自然景観,-1.0046984707991808,-1.0046984640131074,0.00013608276302837984,54,0.0,-1.0045240603440102,4,False,0.0,24232,0.0
田辺市,30206,男性・40代,自然景観,-2.2114324538276877,-2.211432433146016,0.000160128153056315,39,0.0,-2.211227212905059,3,False,0.0,4623,0.0
和歌山市,30201,男性・50代,自然景観,-1.5586259889146254,-1.5586259847781494,8.333333322275314e-05,144,0.0,-1.558519184778291,4,False,0.0,22243,0.0
田辺市,30206,男性・50代,自然景観,-1.4183115781017908,-1.4183115678748235,0.0001373605634534586,53,0.0,-1.4181355265767015,3,False,0.0,4578,0.0
和歌山市,30201,男性・60代,自然景観,-1.7231666713694949,-1.7231666664985092,9.090909078060163e-05,121,0.0,-1.7230501574077648,4,False,0.0,21002,0.0
田辺市,30206,男性・60代,自然景観,-1.6754385977482187,-1.6754385875149258,0.00013363062054811567,56,0.0,-1.6752673265116313,3,False,0.0,4715,0.0
和歌山市,30201,男性・70代以上,自然景観,-1.769547858820551,-1.7695478499192268,0.00012700012668076727,62,0.0,-1.7693850865568728,4,False,0.0,35162,0.0
田辺市,30206,男性・70代以上,自然景観,-2.1612824042005596,-2.161282319943653,0.0003535533837016905,8,0.0,-2.160829205927101,1,False,0.0,7482,0.0
和歌山市,30201,女性・20〜30代,自然の恵み,0.362050098560232,0.35234711893129655,0.13810625714984792,33,0.0,0.5293440980945416,3,False,0.0,34346,0.0
田辺市,30206,女性・20〜30代,自然の恵み,-0.2242222346846752,-0.2071118200176949,0.23304299859560348,11,0.0,0.09155608698243056,2,False,0.0,5572,0.0
和歌山市,30201,女性・40代,自然の恵み,0.8968716060175822,0.8968715917147989,0.00012038585212584765,69,0.0,0.8970258782228834,4,False,0.0,25059,0.0
田辺市,30206,女性・40代,自然の恵み,-0.08649097469652314,-0.08649097243051812,0.0001543033479407702,42,0.0,-0.08629321725979723,3,False,0.0,4707,0.0
和歌山市,30201,女性・50代,自然の恵み,-0.10362154450507598,-0.10362154352915479,9.759000683529563e-05,105,0.5200965178575334,-0.10349647217639467,4,False,0.0,25074,0.0
田辺市,30206,女性・50代,自然の恵み,-0.49388522230027676,-0.4938852116827789,0.0001474419545700505,46,0.5200965178575334,-0.4936962500738019,3,False,0.0,4987,0.0
和歌山市,30201,女性・60代,自然の恵み,0.6712481297077733,0.6683156861877989,0.060014730111335096,96,0.0,0.745230564298486,4,False,0.0,23329,0.0
田辺市,30206,女性・60代,自然の恵み,-0.7028614039031117,-0.692444322404596,0.11054083905642126,28,0.0,-0.5507751830698865,3,False,0.0,5056,0.0
和歌山市,30201,女性・70代以上,自然の恵み,-0.06823851476566022,-0.0667366723676473,0.1173770568250476,37,0.0,0.0836937636593337,2,False,0.0,51691,0.0
和歌山市,30201,男性・20〜30代,自然の恵み,0.27641572139244613,0.21329900601941118,0.34091571268951165,13,4.02509728389115,0.6502165834022894,2,False,0.0,34088,0.0
和歌山市,30201,男性・40代,自然の恵み,0.4705637008075389,0.45229485369442124,0.16441632466622286,54,0.0,0.6630108153866525,4,False,0.0,24232,0.0
田辺市,30206,男性・40代,自然の恵み,-0.9156148794821792,-0.8671197920178687,0.19203970456248354,39,0.0,-0.6210017066505897,3,False,0.0,4623,0.0
和歌山市,30201,男性・50代,自然の恵み,0.4888324716141333,0.4835408387020483,0.09115115906158547,144,2.5234637918554936,0.6003601641553762,4,False,0.0,22243,0.0
田辺市,30206,男性・50代,自然の恵み,-0.8705175018442158,-0.8453815161813516,0.14886978834834022,53,2.5234637918554936,-0.6545899954341188,3,False,0.0,4578,0.0
和歌山市,30201,男性・60代,自然の恵み,0.3229925204887234,0.3191721792548545,0.09641238161067979,121,0.534038151935556,0.44273428752710176,4,False,0.0,21002,0.0
田辺市,30206,男性・60代,自然の恵み,-0.06135917212123867,-0.05981226333205555,0.14075718529717324,56,0.534038151935556,0.12058214534480169,3,False,0.0,4715,0.0
和歌山市,30201,男性・70代以上,自然の恵み,0.1284311051571992,0.12584895052345701,0.1149751367575679,62,0.0684707497504152,0.273201085791956,4,False,0.0,35162,0.0
田辺市,30206,男性・70代以上,自然の恵み,-0.42109077737322104,-0.3633182273250218,0.30034528963008106,8,0.0684707497504152,0.0216042958648901,1,False,0.0,7482,0.0
和歌山市,30201,女性・20〜30代,環境共生,-0.3341530240653092,-0.32312748124610086,0.21134123109709363,33,0.0,-0.05227255947206566,3,False,0.0,34346,0.0
田辺市,30206,女性・20〜30代,環境共生,-0.5299555792386731,-0.4807446259790292,0.3545423306477916,11,0.0,-0.026363175020819474,2,False,0.0,5572,0.0
和歌山市,30201,女性・40代,環境共生,0.8640551233757638,0.8486181101499666,0.1570409545562496,69,-0.7793286644154925,1.049881797509256,4,False,0.0,25059,0.0
田辺市,30206,女性・40代,環境共生,-0.5605132284359425,-0.5442484561752667,0.20013962104520525,42,-0.7793286644154925,-0.2877495178437317,3,False,0.0,4707,0.0
和歌山市,30201,女性・50代,環境共生,0.455352297359913,0.44691994062259677,0.16842229833657543,105,0.0,0.6627699581707518,4,False,0.0,25074,0.0
田辺市,30206,女性・50代,環境共生,-0.1421558792888465,-0.1362863526845568,0.2514884212848017,46,0.0,0.1860212080340451,3,False,0.0,4987,0.0
和歌山市,30201,女性・60代,環境共生,-0.17081519630621012,-0.16973319620929803,0.09787060571126938,96,0.0,-0.04430222792973518,4,False,0.0,23329,0.0
田辺市,30206,女性・60代,環境共生,-1.3798514989773558,-1.350338299204658,0.1798431299914616,28,0.0,-1.1198513438076008,3,False,0.0,5056,0.0
和歌山市,30201,女性・70代以上,環境共生,0.95848274698873,0.901184370114711,0.27139619587251745,37,0.0,1.2490057347449293,2,False,0.0,51691,0.0
和歌山市,30201,男性・20〜30代,環境共生,0.5205519653311286,0.34037518478585344,0.527469608871828,13,0.0070256382673896,1.0163802355159883,2,False,0.0,34088,0.0
和歌山市,30201,男性・40代,環境共生,-0.16147994189541226,-0.1520619033795889,0.269356085978141,54,-1.0901990318703063,0.1931448564099966,4,False,0.0,24232,0.0
田辺市,30206,男性・40代,環境共生,-0.9928642802789555,-0.9144443463820453,0.3134542383180722,39,-1.0901990318703063,-0.512721394553604,3,False,0.0,4623,0.0
和歌山市,30201,男性・50代,環境共生,0.021306483484528904,0.020963728705135794,0.15507145359996868,144,0.0,0.21970330363885568,4,False,0.0,22243,0.0
田辺市,30206,男性・50代,環境共生,0.40264958711934895,0.38552371452669343,0.25214984900506876,53,0.0,0.7086789610115896,3,False,0.0,4578,0.0
和歌山市,30201,男性・60代,環境共生,-0.24803701322333946,-0.2455266140572665,0.12586598634946752,121,0.0,-0.08421676595178892,4,False,0.0,21002,0.0
田辺市,30206,男性・60代,環境共生,-0.3924703813564228,-0.38398720866467856,0.18393778375144587,56,0.0,-0.1482525450088255,3,False,0.0,4715,0.0
和歌山市,30201,男性・70代以上,環境共生,-0.3995473105264132,-0.37136344493012946,0.28218308397015207,62,0.0,-0.00971760451398257,4,False,0.0,35162,0.0
田辺市,30206,男性・70代以上,環境共生,0.025922938582146005,0.016322517907595202,0.6465733766798886,8,0.0,0.8449709574605404,1,False,0.0,7482,0.0
和歌山市,30201,女性・20〜30代,自然災害,-0.6950002997848549,-0.640780410081828,0.276628974976596,33,0.0,-0.2862527157518225,3,False,0.0,34346,0.0
田辺市,30206,女性・20〜30代,自然災害,0.26949005833661965,0.21493071427033292,0.44562961474385127,11,0.0,0.7860496285260528,2,False,0.0,5572,0.0
和歌山市,30201,女性・40代,自然災害,-0.2871311281235124,-0.27346410323517245,0.21652476563374654,69,0.0,0.004034036401037111,4,False,0.0,25059,0.0
田辺市,30206,女性・40代,自然災害,0.9787217227937884,0.9044603469594991,0.27337739758210755,42,0.0,1.2548208197007282,3,False,0.0,4707,0.0
和歌山市,30201,女性・50代,自然災害,-1.6596489539055013,-1.6502722566785448,0.08234558356362152,105,0.0,-1.5447381567834075,4,False,0.0,25074,0.0
田辺市,30206,女性・50代,自然災害,0.6204546523716535,0.6125106492621619,0.12396188268195055,46,0.0,0.7713801981073498,3,False,0.0,4987,0.0
和歌山市,30201,女性・60代,自然災害,-0.6672558901916738,-0.6601625840642491,0.10871611684068822,96,5.231484365085995,-0.520832008721223,4,True,2.724724510461411,23329,63565.09810455426
田辺市,30206,女性・60代,自然災害,0.3412461612149234,0.32912156354895283,0.19875385871680895,28,5.231484365085995,0.5838445088804152,3,False,0.0,5056,0.0
和歌山市,30201,女性・70代以上,自然災害,-1.1861548774796444,-1.0624858747555195,0.296840397448702,37,0.0,-0.682055221385263,2,False,0.0,51691,0.0
和歌山市,30201,男性・20〜30代,自然災害,0.6596032732217415,0.5466889255033973,0.41272964596946254,13,0.0,1.0756432397778606,2,False,0.0,34088,0.0
和歌山市,30201,男性・40代,自然災害,-0.8987209225174011,-0.8229716711812283,0.28016572247378496,54,-1.2592249825351176,-0.46391128125882547,4,False,0.0,24232,0.0
田辺市,30206,男性・40代,自然災害,1.3805042177375904,1.2244537746594475,0.3244530695909788,39,-1.2592249825351176,1.6402728286472459,3,False,0.0,4623,0.0
和歌山市,30201,男性・50代,自然災害,-0.9891226920867194,-0.9571373896820955,0.18279195974707468,144,-0.1573883098345407,-0.7228712140702446,4,False,0.0,22243,0.0
田辺市,30206,男性・50代,自然災害,0.21911387674251245,0.2008753617850754,0.2932693905091809,53,-0.1573883098345407,0.5767294126616417,3,False,0.0,4578,0.0
和歌山市,30201,男性・60代,自然災害,-0.4844661611304317,-0.48446615832882667,9.090909064623316e-05,121,0.0,-0.48434964923825446,4,False,0.0,21002,0.0
田辺市,30206,男性・60代,自然災害,1.201026013404398,1.201025998397421,0.00013363062012134615,56,0.0,1.2011972594001685,3,False,0.0,4715,0.0
和歌山市,30201,男性・70代以上,自然災害,-1.213113855012411,-1.1764108831715416,0.18936021824919355,62,-1.7691575526910062,-0.9337268274633752,4,False,0.0,35162,0.0
田辺市,30206,男性・70代以上,自然災害,0.9158483828486216,0.7375209158809802,0.48038146309958885,8,-1.7691575526910062,1.3531777989894134,1,False,0.0,7482,0.0
和歌山市,30201,女性・20〜30代,地域とのつながり,-0.34041652745161743,-0.2614789239088565,0.38207477397678447,33,3.517246884888197,0.22818810641979048,3,False,0.0,34346,0.0
田辺市,30206,女性・20〜30代,地域とのつながり,0.6566828004137221,0.3445947425981966,0.5469812875157891,11,3.517246884888197,1.045605960678432,2,False,0.0,5572,0.0
和歌山市,30201,女性・40代,地域とのつながり,-1.3643509725598437,-1.1855399354002907,0.30585129454120186,69,0.0,-0.7935609163162863,4,False,0.0,25059,0.0
田辺市,30206,女性・40代,地域とのつながり,0.9569717197550085,0.766935362257858,0.37648268850536515,42,0.0,1.249435575846334,3,False,0.0,4707,0.0
和歌山市,30201,女性・50代,地域とのつながり,-0.5678368976940791,-0.5130163931434419,0.25432130558691907,105,7.902784196028921,-0.18707820790324642,4,True,1.4784387048391885,25074,37070.37208513781
田辺市,30206,女性・50代,地域とのつながり,-0.07020083749483445,-0.05643527663197935,0.3624506172804866,46,7.902784196028921,0.4080814344746923,3,False,0.0,4987,0.0
和歌山市,30201,女性・60代,地域とのつながり,-1.1976725014203413,-1.1614993708500685,0.16581979550054762,96,5.423882711656549,-0.9489847209365666,4,True,5.147181821514058,23329,120078.60471410147
田辺市,30206,女性・60代,地域とのつながり,0.6744103224424484,0.6093458143033234,0.29636187746925874,28,5.423882711656549,0.9891631964679254,3,False,0.0,5056,0.0
和歌山市,30201,女性・70代以上,地域とのつながり,-0.8660533194374981,-0.7429467519370259,0.3001325204999349,37,10.58064609982438,-0.35829691366430927,2,True,3.7910128421413862,51691,195961.2448231304
和歌山市,30201,男性・20〜30代,地域とのつながり,-1.6838876801249447,-1.3294143098685052,0.42228650391410594,13,0.0,-0.788211926452187,2,False,0.0,34088,0.0
和歌山市,30201,男性・40代,地域とのつながり,0.36588109001090074,0.2783644163300844,0.3497824082106365,54,5.8609838049647385,0.7266455506928362,4,False,0.0,24232,0.0
田辺市,30206,男性・40代,地域とのつながり,0.6203979506407727,0.43223739871565375,0.39386886915497876,39,5.8609838049647385,0.9370197414246746,3,False,0.0,4623,0.0
和歌山市,30201,男性・50代,地域とのつながり,-1.1360359788042365,-0.9045981401066654,0.29612906641762016,144,6.763360349264843,-0.5250791285858434,4,True,3.5512993585040293,22243,78991.55163120512
田辺市,30206,男性・50代,地域とのつながり,0.06509951602102021,0.038403875335940446,0.42013725355994386,53,6.763360349264843,0.5768517794983645,3,False,0.0,4578,0.0
和歌山市,30201,男性・60代,地域とのつながり,-0.2817630144338639,-0.254166583917514,0.24543480586215896,121,4.779644416197608,0.060382663275428905,4,False,0.0,21002,0.0
田辺市,30206,男性・60代,地域とのつながり,-0.2488292843082241,-0.20154614540782784,0.34186456901186113,56,4.779644416197608,0.23658748623777343,3,False,0.0,4715,0.0
和歌山市,30201,男性・70代以上,地域とのつながり,-1.7397538696032882,-1.617037991991225,0.2249600071756715,62,6.620089070363672,-1.3287292467948844,4,True,8.796305964179368,35162,309295.7103124749
田辺市,30206,男性・70代以上,地域とのつながり,-0.39106372325199473,-0.24623976264048458,0.5154603789463537,8,6.620089070363672,0.41437425901716235,1,False,0.0,7482,0.0
和歌山市,30201,女性・20〜30代,多様性と寛容性,-0.06595448164160997,-0.054519863178675416,0.4033292288624962,33,0.0,0.4623868765314998,3,False,0.0,34346,0.0
田辺市,30206,女性・20〜30代,多様性と寛容性,0.011715297803174061,0.007190831949253013,0.6019743739239407,11,0.0,0.7786811895701754,2,False,0.0,5572,0.0
和歌山市,30201,女性・40代,多様性と寛容性,-0.15625673876442417,-0.1464710119588732,0.2636393478658927,69,-2.9394408483516403,0.19140917626605491,4,False,0.0,25059,0.0
田辺市,30206,女性・40代,多様性と寛容性,0.8111134934397465,0.7308913889758826,0.33131360900723145,42,-2.9394408483516403,1.1555029102795504,3,False,0.0,4707,0.0
和歌山市,30201,女性・50代,多様性と寛容性,0.5455077442425863,0.49869168951432047,0.2763522990043661,105,-2.7906029063090183,0.852864795918316,4,False,0.0,25074,0.0
田辺市,30206,女性・50代,多様性と寛容性,-0.986741373296043,-0.8126102357846282,0.39628048461190424,46,-2.7906029063090183,-0.3047371667060117,3,False,0.0,4987,0.0
和歌山市,30201,女性・60代,多様性と寛容性,0.3076923620889023,0.2922177913170473,0.22214843713641302,96,-2.1098403177982834,0.5769232283510742,4,False,0.0,23329,0.0
田辺市,30206,女性・60代,多様性と寛容性,0.33608217990034694,0.28443886648713756,0.38830825292529075,28,-2.1098403177982834,0.7820947234361902,3,False,0.0,5056,0.0
和歌山市,30201,女性・70代以上,多様性と寛容性,0.9185566230241383,0.7373046288597754,0.35756933656007056,37,0.0,1.1955654905951618,2,False,0.0,51691,0.0
和歌山市,30201,男性・20〜30代,多様性と寛容性,-0.21129089650745142,-0.1544535228712071,0.5452488721546814,13,-1.2032644649069535,0.5443374316822327,2,False,0.0,34088,0.0
和歌山市,30201,男性・40代,多様性と寛容性,0.5314217632045436,0.4863502741817711,0.3165682233533352,54,0.0,0.8920641092314054,4,False,0.0,24232,0.0
田辺市,30206,男性・40代,多様性と寛容性,1.3822030539382573,1.2250137928589497,0.3665739050061694,39,0.0,1.6948149095148564,3,False,0.0,4623,0.0
和歌山市,30201,男性・50代,多様性と寛容性,0.6835569537765284,0.6231593072083321,0.28806139264944325,144,-4.478501400134107,0.9923387880278587,4,False,0.0,22243,0.0
田辺市,30206,男性・50代,多様性と寛容性,-0.5198630965549405,-0.411500792822625,0.44244268646297635,53,-4.478501400134107,0.1555337541483256,3,False,0.0,4578,0.0
和歌山市,30201,男性・60代,多様性と寛容性,0.57029791839643,0.5420759325020384,0.23430184097755904,121,0.0,0.8423571718988782,4,False,0.0,21002,0.0
田辺市,30206,男性・60代,多様性と寛容性,0.44043552122284424,0.3958996542876273,0.3349242515118348,56,0.0,0.8251385750251948,3,False,0.0,4715,0.0
和歌山市,30201,男性・70代以上,多様性と寛容性,0.1150887129856025,0.10674312117538512,0.25968530049414995,62,0.0,0.43955580228868774,4,False,0.0,35162,0.0
田辺市,30206,男性・70代以上,多様性と寛容性,-0.8267329011238217,-0.5148016556738522,0.5923549106193805,8,0.0,0.24436039777594598,1,False,0.0,7482,0.0
和歌山市,30201,女性・20〜30代,自己効力感,0.29609796486909185,0.2541214859082757,0.5543276146442953,33,24.07740163041173,0.9645477568364045,3,False,0.0,34346,0.0
田辺市,30206,女性・20〜30代,自己効力感,0.15636874608906845,0.1045561416190773,0.8474692656761821,11,24.07740163041173,1.1906727525096723,2,False,0.0,5572,0.0
和歌山市,30201,女性・40代,自己効力感,0.2288989367535882,0.19983903427609645,0.47349581157596776,69,20.060677338333974,0.8066712663918567,4,False,0.0,25059,0.0
田辺市,30206,女性・40代,自己効力感,-1.534828728449443,-1.2388654816715299,0.5835524339608574,42,20.060677338333974,-0.490984682307295,3,True,9.849485289831058,4707,46361.52725923479
和歌山市,30201,女性・50代,自己効力感,3.0851168729462137,2.912176565389818,0.345331112833291,105,21.582076226724364,3.354752919596964,4,False,0.0,25074,0.0
田辺市,30206,女性・50代,自己効力感,0.3127000779182339,0.27537244335821764,0.5039351423097368,46,21.582076226724364,0.9212157217423763,3,False,0.0,4987,0.0
和歌山市,30201,女性・60代,自己効力感,0.8603450362218771,0.7989639658614974,0.3602936755139381,96,18.949458538598968,1.2607163404001605,4,False,0.0,23329,0.0
田辺市,30206,女性・60代,自己効力感,-0.21862752413337017,-0.17304656584539763,0.6159068668835717,28,18.949458538598968,0.616299674752588,3,False,0.0,5056,0.0
和歌山市,30201,女性・70代以上,自己効力感,0.5843586111533136,0.5206155892552804,0.4410362488251316,37,18.6353502393606,1.0858476457495692,2,False,0.0,51691,0.0
和歌山市,30201,男性・20〜30代,自己効力感,-0.046294094061158336,-0.03454248977270026,0.7311045637717267,13,11.182845143146384,0.9024411191571448,2,False,0.0,34088,0.0
和歌山市,30201,男性・40代,自己効力感,0.8769216267512995,0.7616496527583788,0.48935489150511,54,23.63858526715892,1.3888068817113277,4,False,0.0,24232,0.0
田辺市,30206,男性・40代,自己効力感,-0.42891656477864104,-0.35460696867681707,0.5617958153002177,39,23.63858526715892,0.36539054821194195,3,False,0.0,4623,0.0
和歌山市,30201,男性・50代,自己効力感,1.4507598239321113,1.2859043467142706,0.40961571626299736,144,18.615838496778768,1.8108678486769278,4,False,0.0,22243,0.0
田辺市,30206,男性・50代,自己効力感,-1.2384180191134977,-0.9184880908599434,0.6176130787212647,53,18.615838496778768,-0.12695516917077054,3,True,2.363376925614291,4578,10819.539565462224
和歌山市,30201,男性・60代,自己効力感,2.683791026062769,2.492551989496732,0.3684246169518068,121,23.44117180974042,2.9647249785821677,4,False,0.0,21002,0.0
田辺市,30206,男性・60代,自己効力感,-1.1594542959236276,-0.9945746485842798,0.5204648725179188,56,23.44117180974042,-0.32754686796531496,3,True,7.678082407717309,4715,36202.15855238711
和歌山市,30201,男性・70代以上,自己効力感,0.5304598234178174,0.482391776867094,0.4039261265783305,62,15.328022948697123,1.0000635006898824,4,False,0.0,35162,0.0
田辺市,30206,男性・70代以上,自己効力感,-0.660036529603748,-0.37242843246375423,0.8857609397487463,8,15.328022948697123,0.7627627879182389,1,False,0.0,7482,0.0
和歌山市,30201,女性・20〜30代,健康状態,0.6811611015520662,0.6132376134459427,0.5126424411467466,33,38.79950422806381,1.2702401660196132,3,False,0.0,34346,0.0
田辺市,30206,女性・20〜30代,健康状態,0.6691571725442969,0.5022622892960872,0.8107499486744638,11,38.79950422806381,1.54131942351728,2,False,0.0,5572,0.0
和歌山市,30201,女性・40代,健康状態,0.12547249790123427,0.11722987994857864,0.4194545024308348,69,25.46906212131479,0.6548027702639365,4,False,0.0,25059,0.0
田辺市,30206,女性・40代,健康状態,-0.28120842725072637,-0.25208913718510845,0.5266265770703921,42,25.46906212131479,0.4228354839883061,3,False,0.0,4707,0.0
和歌山市,30201,女性・50代,健康状態,1.8284164553724305,1.7186263557412844,0.39872496831280657,105,28.91285259913772,2.229632275130977,4,False,0.0,25074,0.0
田辺市,30206,女性・50代,健康状態,1.1940112449663396,1.0420594986301255,0.5804676786899569,46,28.91285259913772,1.7859868756391744,3,False,0.0,4987,0.0
和歌山市,30201,女性・60代,健康状態,2.2343067208805474,2.06496189212475,0.4251746143758556,96,33.56996224257718,2.6098656779088465,4,False,0.0,23329,0.0
田辺市,30206,女性・60代,健康状態,1.8365319849372315,1.4334773391172315,0.7234948937701748,28,33.56996224257718,2.360708394973088,3,False,0.0,5056,0.0
和歌山市,30201,女性・70代以上,健康状態,1.926064055363924,1.5323168159293776,0.5791382688200788,37,35.19206469489941,2.2745404212491906,2,False,0.0,51691,0.0
和歌山市,30201,男性・20〜30代,健康状態,1.5204014619775457,1.3219009645982709,0.6246874814314739,13,23.143669266916785,2.122500440800848,2,False,0.0,34088,0.0
和歌山市,30201,男性・40代,健康状態,0.03557166667198358,0.03131751751997939,0.5295229550924734,54,34.88526357351692,0.7099541367664933,4,False,0.0,24232,0.0
田辺市,30206,男性・40代,健康状態,-0.3332408358225589,-0.2804856473325287,0.6092338488290304,39,34.88526357351692,0.5003084533267568,3,False,0.0,4623,0.0
和歌山市,30201,男性・50代,健康状態,1.0349866477674083,0.9690279463230604,0.39321791682689755,144,25.0739660436384,1.4729760285284124,4,False,0.0,22243,0.0
田辺市,30206,男性・50代,健康状態,0.6861455662715279,0.5790568690714121,0.6153586503398304,53,25.0739660436384,1.3677005153469386,3,False,0.0,4578,0.0
和歌山市,30201,男性・60代,健康状態,1.765554222277991,1.6055552589900923,0.4469807711355217,121,32.69701650238561,2.178405815277377,4,False,0.0,21002,0.0
田辺市,30206,男性・60代,健康状態,-0.6628107771423654,-0.54537854778361,0.6249850921523306,56,32.69701650238561,0.25560234631881695,3,False,0.0,4715,0.0
和歌山市,30201,男性・70代以上,健康状態,1.0949512410340352,0.9828631423929404,0.4661862740933951,62,28.92323460489728,1.5803274712710356,4,False,0.0,35162,0.0
田辺市,30206,男性・70代以上,健康状態,-3.530270618092196,-1.8739869534626938,0.9980228429551251,8,28.92323460489728,-0.5949208779314055,1,False,0.0,7482,0.0
和歌山市,30201,女性・20〜30代,文化・芸術,-0.7399513923822142,-0.7019012261368126,0.22824279347972387,33,0.0,-0.40938526201319847,3,False,0.0,34346,0.0
田辺市,30206,女性・20〜30代,文化・芸術,0.3624379303564499,0.31173958704059634,0.3764440643655384,11,0.0,0.7941902999314704,2,False,0.0,5572,0.0
和歌山市,30201,女性・40代,文化・芸術,-2.153645894738549,-2.1203809870205976,0.1367807693014019,69,3.58324124379861,-1.945082753083921,4,False,0.0,25059,0.0
田辺市,30206,女性・40代,文化・芸術,0.196830996267634,0.1918854500254561,0.17445339174264074,42,3.58324124379861,0.4154649168828245,3,False,0.0,4707,0.0
和歌山市,30201,女性・50代,文化・芸術,-1.543816575455698,-1.5068285975412765,0.15138602851614616,105,3.8064120850139127,-1.3128122633949837,4,False,0.0,25074,0.0
田辺市,30206,女性・50代,文化・芸術,0.5207869426849865,0.49315498647930195,0.2252833643440848,46,3.8064120850139127,0.781878146222681,3,False,0.0,4987,0.0
和歌山市,30201,女性・60代,文化・芸術,-1.6290821454736932,-1.6189022523210315,0.08214736677223232,96,0.0,-1.5136221870657385,4,False,0.0,23329,0.0
田辺市,30206,女性・60代,文化・芸術,0.38218408257765396,0.37411833208022,0.15096616505107335,28,0.0,0.5675965692096756,3,False,0.0,5056,0.0
和歌山市,30201,女性・70代以上,文化・芸術,-1.7792355786162992,-1.7063159780989718,0.18763359223747528,37,0.0,-1.4658447662874234,2,False,0.0,51691,0.0
和歌山市,30201,男性・20〜30代,文化・芸術,-1.3495705680490695,-1.1630114953702626,0.3667477256406303,13,3.462588651994223,-0.6929876101892307,2,False,0.0,34088,0.0
和歌山市,30201,男性・40代,文化・芸術,-1.8624237723478305,-1.7718665357811958,0.2224971455454284,54,4.974214263661627,-1.4867141940501747,4,True,7.395234950032578,24232,179201.33330918945
田辺市,30206,男性・40代,文化・芸術,1.1636407760252148,1.0867373146686672,0.259397385478523,39,4.974214263661627,1.4191810038979422,3,False,0.0,4623,0.0
和歌山市,30201,男性・50代,文化・芸術,-2.336586871892314,-2.2828662337092953,0.14881343653105683,144,5.202189893847069,-2.092146933451093,4,True,10.883745633642413,22243,242087.15412910818
田辺市,30206,男性・50代,文化・芸術,0.8943998105014015,0.8406516749243538,0.24059044926602258,53,5.202189893847069,1.1489923947036882,3,False,0.0,4578,0.0
和歌山市,30201,男性・60代,文化・芸術,-1.736689943669672,-1.7366899309921122,9.090909057727996e-05,121,0.0,-1.7365734219016284,4,False,0.0,21002,0.0
田辺市,30206,男性・60代,文化・芸術,-0.3050426143815068,-0.3050426095701093,0.00013363061990234298,56,0.0,-0.3048713485676425,3,False,0.0,4715,0.0
和歌山市,30201,男性・70代以上,文化・芸術,-2.450600892650212,-2.4355066067852578,0.07978188204528282,62,5.124989338774808,-2.333258146756023,4,True,11.957923126734084,35162,420464.49298222386
田辺市,30206,男性・70代以上,文化・芸術,-0.8371670275001291,-0.7987995899901686,0.21762542143278477,8,5.124989338774808,-0.5198908498819117,1,False,0.0,7482,0.0
和歌山市,30201,女性・20〜30代,教育機会の豊かさ,0.21341401919706263,0.16955837948113994,0.287899499879747,33,0.0,0.5385303785270237,3,False,0.0,34346,0.0
田辺市,30206,女性・20〜30代,教育機会の豊かさ,0.9135194593179613,0.5143868012807702,0.419797055824023,11,0.0,1.052398708024838,2,False,0.0,5572,0.0
和歌山市,30201,女性・40代,教育機会の豊かさ,-0.638341432747765,-0.587249792793472,0.20400183912898384,69,0.0,-0.3258010357657663,4,False,0.0,25059,0.0
田辺市,30206,女性・40代,教育機会の豊かさ,0.6071495456175695,0.5312214703791209,0.25499932829193867,42,0.0,0.8580286095180696,3,False,0.0,4707,0.0
和歌山市,30201,女性・50代,教育機会の豊かさ,0.5287452769109919,0.48560834852781654,0.1878171346354756,105,-1.2292066143854163,0.7263147882766421,4,False,0.0,25074,0.0
田辺市,30206,女性・50代,教育機会の豊かさ,0.755724653179702,0.6283224062647912,0.269985599986658,46,-1.2292066143854163,0.9743359512076921,3,False,0.0,4987,0.0
和歌山市,30201,女性・60代,教育機会の豊かさ,-0.7822637848311266,-0.7022854073765119,0.2033357919399086,96,0.0,-0.44169025642632503,4,False,0.0,23329,0.0
田辺市,30206,女性・60代,教育機会の豊かさ,0.1421375576960993,0.10222369747826554,0.3369857923539457,28,0.0,0.5341046889590824,3,False,0.0,5056,0.0
和歌山市,30201,女性・70代以上,教育機会の豊かさ,-0.4228642427721961,-0.3519933843451519,0.26046787869839344,37,0.0,-0.0181777510052909,2,False,0.0,51691,0.0
和歌山市,30201,男性・20〜30代,教育機会の豊かさ,-0.28533240849610064,-0.16464144013033094,0.3964280900728659,13,5.420460534117156,0.34342080010705406,2,False,0.0,34088,0.0
和歌山市,30201,男性・40代,教育機会の豊かさ,-0.41911482751288526,-0.3501854738015646,0.25624659458094445,54,0.0,-0.02177983818662621,4,False,0.0,24232,0.0
田辺市,30206,男性・40代,教育機会の豊かさ,0.1510810492639356,0.11872371648096004,0.29241784594944426,39,0.0,0.4934864278497678,3,False,0.0,4623,0.0
和歌山市,30201,男性・50代,教育機会の豊かさ,-0.2002295547566008,-0.17728545015640662,0.20393619965771917,144,3.6585484776870794,0.08407918332492625,4,False,0.0,22243,0.0
田辺市,30206,男性・50代,教育機会の豊かさ,0.148169400608484,0.10962283620764694,0.30728151252068436,53,3.6585484776870794,0.5034348226541561,3,False,0.0,4578,0.0
和歌山市,30201,男性・60代,教育機会の豊かさ,-0.42189621194935617,-0.3833833253085781,0.20283553965429663,121,7.470861807560681,-0.12342929768763156,4,True,0.9221232260285644,21002,19366.431993051912
田辺市,30206,男性・60代,教育機会の豊かさ,-0.33537059412395404,-0.27555906595353324,0.28351352937337415,56,7.470861807560681,0.0877918732913831,3,False,0.0,4715,0.0
和歌山市,30201,男性・70代以上,教育機会の豊かさ,-0.46503594866791076,-0.40786512751976,0.2288657350198551,62,0.0,-0.1145508015183137,4,False,0.0,35162,0.0
田辺市,30206,男性・70代以上,教育機会の豊かさ,0.24432147669200022,0.11710617476906372,0.47100517505917117,8,0.0,0.7207464071248975,1,False,0.0,7482,0.0
和歌山市,30201,女性・20〜30代,雇用・所得,-0.22901232779093167,-0.2014350504537455,0.2669405688974357,33,0.0,0.14067598264520814,3,False,0.0,34346,0.0
田辺市,30206,女性・20〜30代,雇用・所得,0.2773140112252617,0.1965773117474784,0.415066715369395,11,0.0,0.7285268141648951,2,False,0.0,5572,0.0
和歌山市,30201,女性・40代,雇用・所得,-1.5517037054159486,-1.4827890660071836,0.18433820577028898,69,3.062447169720183,-1.2465412214919813,4,False,0.0,25059,0.0
田辺市,30206,女性・40代,雇用・所得,1.116358435672312,1.0371665955725842,0.23297128683614007,42,3.062447169720183,1.3357425967817813,3,False,0.0,4707,0.0
和歌山市,30201,女性・50代,雇用・所得,-1.115933078506621,-1.0886494112653542,0.1422357831195593,105,1.2103343276292085,-0.906360031619327,4,False,0.0,25074,0.0
田辺市,30206,女性・50代,雇用・所得,0.5186822994239274,0.49061583356852645,0.2116019778472984,46,1.2103343276292085,0.761804928377624,3,False,0.0,4987,0.0
和歌山市,30201,女性・60代,雇用・所得,-0.8262462685121396,-0.7779703512218946,0.18618925150821578,96,0.0,-0.5393502064889653,4,False,0.0,23329,0.0
田辺市,30206,女性・60代,雇用・所得,0.9658760505650583,0.7964310134008977,0.32262485490193255,28,0.0,1.2099070274432144,3,False,0.0,5056,0.0
和歌山市,30201,女性・70代以上,雇用・所得,-0.612381134030984,-0.5476019913062216,0.23664952104888132,37,4.590817659926263,-0.24431196512997527,2,True,1.12159168404998,51691,57976.195740227515
和歌山市,30201,男性・20〜30代,雇用・所得,-0.6161792442666947,-0.5004845150049197,0.34684345267200517,13,9.015077140159734,-0.05596994606047789,2,True,0.5045733812657877,34088,17199.89742058817
和歌山市,30201,男性・40代,雇用・所得,-0.9914145773456597,-0.9118823744343483,0.23484101704779323,54,2.7844654778673523,-0.6109101269858965,4,False,0.0,24232,0.0
田辺市,30206,男性・40代,雇用・所得,1.2212599108820932,1.0896684468818156,0.27216978203532477,39,2.7844654778673523,1.4384812395382878,3,False,0.0,4623,0.0
和歌山市,30201,男性・50代,雇用・所得,-0.5598163118916586,-0.5401220730263673,0.16187563512078088,144,4.420902885082885,-0.3326622590555745,4,True,1.4706675408169794,22243,32712.05811039207
田辺市,30206,男性・50代,雇用・所得,0.2709157313644403,0.24649585205427796,0.25911306038511495,53,4.420902885082885,0.5785751502438413,3,False,0.0,4578,0.0
和歌山市,30201,男性・60代,雇用・所得,-1.2558482247282288,-1.2058818423951112,0.16818772959107692,121,0.0,-0.990332448151187,4,False,0.0,21002,0.0
田辺市,30206,男性・60代,雇用・所得,1.0777144780319088,0.9891550380398623,0.24170715400317128,56,0.0,1.2989269266103265,3,False,0.0,4715,0.0
和歌山市,30201,男性・70代以上,雇用・所得,-0.7683205975624342,-0.7255003781221434,0.182857412543435,62,4.282468408947293,-0.49115031820647714,4,True,2.103335721763649,35162,73957.49064865342
田辺市,30206,男性・70代以上,雇用・所得,1.0021353240125288,0.6876102416947995,0.43393414108291034,8,4.282468408947293,1.2437402369066572,1,False,0.0,7482,0.0
和歌山市,30201,女性・20〜30代,事業創造,-0.03278431113076512,-0.03228501987132205,0.10938571706492523,33,0.0,0.10790371511908614,3,False,0.0,34346,0.0
田辺市,30206,女性・20〜30代,事業創造,-0.7259990552081974,-0.6938095406223338,0.1866404847629859,11,0.0,-0.45461109535009103,2,False,0.0,5572,0.0
和歌山市,30201,女性・40代,事業創造,-0.4120628491821513,-0.3909402883108012,0.17213290881097507,69,4.12424678927864,-0.17033475237865553,4,False,0.0,25059,0.0
田辺市,30206,女性・40代,事業創造,0.4439044607355181,0.40771419485628557,0.21708183571131467,42,4.12424678927864,0.6859262755039065,3,False,0.0,4707,0.0
和歌山市,30201,女性・50代,事業創造,-0.2463933801333974,-0.23744995007465128,0.13994647307530275,105,0.0,-0.05809455018134327,4,False,0.0,25074,0.0
田辺市,30206,女性・50代,事業創造,-0.6172074839409564,-0.5683449997191367,0.20667911725627136,46,0.0,-0.30346504304349925,3,False,0.0,4987,0.0
和歌山市,30201,女性・60代,事業創造,-0.041386454268450466,-0.041386453714651446,0.00010206207193311097,96,0.0,-0.04125565096326197,4,False,0.0,23329,0.0
田辺市,30206,女性・60代,事業創造,-0.42371291240924663,-0.423712892970026,0.00018898223216952335,28,0.0,-0.42347069334127757,3,False,0.0,5056,0.0
和歌山市,30201,女性・70代以上,事業創造,0.026605274613697827,0.026305570704165653,0.09532197812878863,37,0.0,0.14847021787402118,2,False,0.0,51691,0.0
和歌山市,30201,男性・20〜30代,事業創造,-1.1594448762284195,-0.9484497190674784,0.34075777960739184,13,0.0,-0.511734548722645,2,False,0.0,34088,0.0
和歌山市,30201,男性・40代,事業創造,-0.3143308925758376,-0.30693264465668396,0.12975777100450922,54,0.9051388463695668,-0.14063508533730493,4,False,0.0,24232,0.0
田辺市,30206,男性・40代,事業創造,0.14910850793783503,0.14429280565567915,0.15199911940268526,39,0.9051388463695668,0.3390948770821606,3,False,0.0,4623,0.0
和歌山市,30201,男性・50代,事業創造,0.15507883943232503,0.15088324695094268,0.134280339620254,144,0.0,0.32297693020826024,4,False,0.0,22243,0.0
田辺市,30206,男性・50代,事業創造,-0.3967328636741256,-0.36886484063837166,0.2163695016221606,53,0.0,-0.09156568735941062,3,False,0.0,4578,0.0
和歌山市,30201,男性・60代,事業創造,-0.5658727352989623,-0.5533340064851934,0.12091106109552993,121,3.530621068647245,-0.3983743905851622,4,False,0.0,21002,0.0
田辺市,30206,男性・60代,事業創造,-0.23022512663263575,-0.219478893612591,0.17548921402750142,56,3.530621068647245,0.005428083085054852,3,False,0.0,4715,0.0
和歌山市,30201,男性・70代以上,事業創造,-0.24286135452578428,-0.24190717324231303,0.05856572297326093,62,0.0,-0.16684934267978183,4,False,0.0,35162,0.0
田辺市,30206,男性・70代以上,事業創造,-0.35041900155270117,-0.3400247231459892,0.16092021982539467,8,0.0,-0.13378936941776337,1,False,0.0,7482,0.0
