市,分野,層,範囲,列名,望ましい向き,係数_1SD,想定どおりの向きの割合,効いた,表示名,種別,操作可能性
和歌山市,住宅環境,男女・70代以上,ターゲット層,一戸建の持ち家の割合,1,0.2714338232873778,0.885,False,一戸建の持ち家の割合,個別KPI,動かせない
和歌山市,住宅環境,男女・70代以上,ターゲット層,住宅当たり延べ面積,1,0.05893958378742934,0.525,False,住宅当たり延べ面積,個別KPI,動かせない
和歌山市,住宅環境,男女・70代以上,ターゲット層,高齢者等設備のある住宅割合,1,-0.0,0.545,False,高齢者等のための設備（手すり・段差のない屋内など）がある住宅の割合,追加の変数,動かせる
和歌山市,住宅環境,男女・70代以上,ターゲット層,旧耐震住宅割合,-1,-0.991537568116496,1.0,True,1980年以前に建築された住宅（旧耐震基準）の割合,追加の変数,動かせない
和歌山市,住宅環境,男女・70代以上,ターゲット層,改修工事をした持ち家割合,1,0.7273794164797243,0.97,True,2019年以降に増改築・改修工事をした持ち家の割合,追加の変数,動かせる
和歌山市,住宅環境,男女・70代以上,ターゲット層,二重サッシ住宅割合,1,0.7174655683580864,0.995,True,二重以上のサッシ又は複層ガラスの窓がある住宅の割合,追加の変数,動かせる
和歌山市,住宅環境,男女・70代以上,ターゲット層,腐朽破損住宅割合,-1,0.021820765923573838,0.415,False,腐朽・破損のある住宅の割合,追加の変数,動かせる
和歌山市,住宅環境,男女・70代以上,ターゲット層,放置空き家割合,-1,0.4256031454138493,0.04,False,賃貸・売却用及び二次的住宅を除く空き家（いわゆる放置空き家）の割合,追加の変数,動かせる
和歌山市,住宅環境,男女・70代以上,ターゲット層,民営借家の1m2当たり家賃,-1,-0.5924882752360618,0.99,True,民営借家（専用住宅）の延べ面積1m²当たり家賃,追加の変数,動かせない
和歌山市,住宅環境,男女・70代以上,ターゲット層,住宅地の平均地価,-1,-1.0627878385230576,1.0,True,住宅地の平均価格（都道府県地価調査）,追加の変数,動かせない
和歌山市,住宅環境,男女・70代以上,ターゲット層,人口あたり公営住宅戸数,1,-0.6975230097096994,0.15,False,人口1万人あたり市町村営の公営住宅等の戸数,追加の変数,動かせる
和歌山市,住宅環境,男女・70代以上,ターゲット層,下水道処理人口普及率,1,0.3226920210631314,0.935,True,下水道処理人口普及率（公共下水道）,追加の変数,動かせる
和歌山市,住宅環境,男女・70代以上,全区分,一戸建の持ち家の割合,1,0.0,0.475,False,一戸建の持ち家の割合,個別KPI,動かせない
和歌山市,住宅環境,男女・70代以上,全区分,住宅当たり延べ面積,1,-0.0,0.155,False,住宅当たり延べ面積,個別KPI,動かせない
和歌山市,住宅環境,男女・70代以上,全区分,高齢者等設備のある住宅割合,1,0.025493189250041164,0.62,False,高齢者等のための設備（手すり・段差のない屋内など）がある住宅の割合,追加の変数,動かせる
和歌山市,住宅環境,男女・70代以上,全区分,旧耐震住宅割合,-1,-0.8168605591283316,1.0,True,1980年以前に建築された住宅（旧耐震基準）の割合,追加の変数,動かせない
和歌山市,住宅環境,男女・70代以上,全区分,改修工事をした持ち家割合,1,0.7543123147306336,1.0,True,2019年以降に増改築・改修工事をした持ち家の割合,追加の変数,動かせる
和歌山市,住宅環境,男女・70代以上,全区分,二重サッシ住宅割合,1,0.6710878707613687,1.0,True,二重以上のサッシ又は複層ガラスの窓がある住宅の割合,追加の変数,動かせる
和歌山市,住宅環境,男女・70代以上,全区分,腐朽破損住宅割合,-1,-0.25661027299847444,0.935,True,腐朽・破損のある住宅の割合,追加の変数,動かせる
和歌山市,住宅環境,男女・70代以上,全区分,放置空き家割合,-1,0.23163570575040363,0.085,False,賃貸・売却用及び二次的住宅を除く空き家（いわゆる放置空き家）の割合,追加の変数,動かせる
和歌山市,住宅環境,男女・70代以上,全区分,民営借家の1m2当たり家賃,-1,-1.0431371847950717,0.97,True,民営借家（専用住宅）の延べ面積1m²当たり家賃,追加の変数,動かせない
和歌山市,住宅環境,男女・70代以上,全区分,住宅地の平均地価,-1,-0.6263565306894298,0.99,True,住宅地の平均価格（都道府県地価調査）,追加の変数,動かせない
和歌山市,住宅環境,男女・70代以上,全区分,人口あたり公営住宅戸数,1,-0.5668261630081698,0.005,False,人口1万人あたり市町村営の公営住宅等の戸数,追加の変数,動かせる
和歌山市,住宅環境,男女・70代以上,全区分,下水道処理人口普及率,1,0.7143191288876343,1.0,True,下水道処理人口普及率（公共下水道）,追加の変数,動かせる
