市,分野,層,表示名,列名,望ましい向き,目的変数,行,地域,係数_1SD,下限95,上限95,p値,q値,想定どおり有意,逆向きに有意
和歌山市,住宅環境,男女・70代以上,住宅地の平均価格（都道府県地価調査）,住宅地の平均地価,-1,重点分野の主観スコア,3315,668,1.6107594902196234,-1.8268760231318812,5.0483950035711285,0.35841494921368666,0.35841494921368666,False,False
和歌山市,住宅環境,男女・70代以上,住宅地の平均価格（都道府県地価調査）,住宅地の平均地価,-1,幸福度,3315,668,0.06895231935326275,-0.10354846817393394,0.24145310688045946,0.433360168511713,0.6500402527675695,False,False
和歌山市,住宅環境,男女・70代以上,人口1万人あたり市町村営の公営住宅等の戸数,人口あたり公営住宅戸数,1,重点分野の主観スコア,3315,668,20.846903734210574,-5.594672233001464,47.28847970142262,0.1222758735862734,0.21165241955360223,False,False
和歌山市,住宅環境,男女・70代以上,人口1万人あたり市町村営の公営住宅等の戸数,人口あたり公営住宅戸数,1,幸福度,3315,668,0.29755816645291955,-1.0659981380037054,1.6611144709095447,0.6688583492732039,0.6688583492732039,False,False
和歌山市,住宅環境,男女・70代以上,下水道処理人口普及率（公共下水道）,下水道処理人口普及率,1,重点分野の主観スコア,3315,668,-18.61782343051027,-43.4128950399994,6.177248178978854,0.14110161303573482,0.21165241955360223,False,False
和歌山市,住宅環境,男女・70代以上,下水道処理人口普及率（公共下水道）,下水道処理人口普及率,1,幸福度,3315,668,-0.47874041417897073,-1.4790712090511455,0.5215903806932042,0.34823365965160324,0.6500402527675695,False,False
田辺市,自己効力感,男性・50〜60代,転入超過割合,転入超過割合,1,重点分野の主観スコア,4411,703,0.0960971192993835,-0.6740340590264673,0.8662282976252342,0.8067900271537939,0.8498372695797406,False,False
田辺市,自己効力感,男性・50〜60代,転入超過割合,転入超過割合,1,幸福度,4411,703,0.026352292253997166,0.00456649015652269,0.04813809435147164,0.01774806083335604,0.07099224333342416,True,False
田辺市,自己効力感,男性・50〜60代,納税義務者1人あたり課税対象所得,納税義務者1人あたり課税対象所得,1,重点分野の主観スコア,4411,703,-0.16423204053447688,-1.8644459190130644,1.5359818379441108,0.8498372695797406,0.8498372695797406,False,False
田辺市,自己効力感,男性・50〜60代,納税義務者1人あたり課税対象所得,納税義務者1人あたり課税対象所得,1,幸福度,4411,703,0.033726278257131474,-0.0026449529012941356,0.07009750941555709,0.06914566624364646,0.09219422165819528,False,False
田辺市,自己効力感,男性・50〜60代,20〜39歳人口の割合,20_39歳人口割合,1,重点分野の主観スコア,4411,703,0.764067152963079,-5.787763490640514,7.315897796566673,0.8192008078650349,0.8498372695797406,False,False
田辺市,自己効力感,男性・50〜60代,20〜39歳人口の割合,20_39歳人口割合,1,幸福度,4411,703,0.11051377860109109,-0.13345445750620083,0.35448201470838303,0.37462186743961845,0.37462186743961845,False,False
田辺市,自己効力感,男性・50〜60代,20〜39歳の転入超過率,20_39歳転入超過率,1,重点分野の主観スコア,4411,703,0.17493509982701927,-0.9644038682235564,1.3142740678775948,0.7634601629793402,0.8498372695797406,False,False
田辺市,自己効力感,男性・50〜60代,20〜39歳の転入超過率,20_39歳転入超過率,1,幸福度,4411,703,0.036582473529543406,0.0018703090601189798,0.07129463799896783,0.03886571672265191,0.07773143344530382,True,False
