市,類型,分野,層,列名,表示名,種別,望ましい向き,係数_1SD,効いた,想定どおりの向きの割合,全区分の係数_1SD,全区分で効いた,操作可能性,市の値,類型中央値,目標_類型の上位4分の1,類型内%,伸びしろ,因果の確認,伸ばす数値
和歌山市,都市部,住宅環境,男女・70代以上,下水道処理人口普及率,下水道処理人口普及率（公共下水道）,追加の変数,1,0.3226920210631314,True,0.935,0.7143191288876343,True,動かせる,38.411125,94.28461250000001,99.5495375,3.3582089552238807,61.1384125,判別できず,True
和歌山市,都市部,住宅環境,男女・70代以上,二重サッシ住宅割合,二重以上のサッシ又は複層ガラスの窓がある住宅の割合,追加の変数,1,0.7174655683580864,True,0.995,0.6710878707613687,True,動かせる,24.6397,30.07245,33.90675,20.522388059701495,9.267050000000001,1時点のみ（確かめられない）,True
和歌山市,都市部,住宅環境,男女・70代以上,旧耐震住宅割合,1980年以前に建築された住宅（旧耐震基準）の割合,追加の変数,-1,-0.991537568116496,True,1.0,-0.8168605591283316,True,動かせない,25.7478,17.70465,15.210225000000001,5.970149253731343,10.537575,1時点のみ（確かめられない）,False
和歌山市,都市部,住宅環境,男女・70代以上,住宅地の平均地価,住宅地の平均価格（都道府県地価調査）,追加の変数,-1,-1.0627878385230576,True,1.0,-0.6263565306894298,True,動かせない,73452.419375,116287.50001250001,69562.542325,73.13432835820896,3889.8770499999955,判別できず,False
和歌山市,都市部,住宅環境,男女・70代以上,改修工事をした持ち家割合,2019年以降に増改築・改修工事をした持ち家の割合,追加の変数,1,0.7273794164797243,True,0.97,0.7543123147306336,True,動かせる,30.6059,27.9128,29.542575,85.82089552238806,0.0,1時点のみ（確かめられない）,False
和歌山市,都市部,住宅環境,男女・70代以上,民営借家の1m2当たり家賃,民営借家（専用住宅）の延べ面積1m²当たり家賃,追加の変数,-1,-0.5924882752360618,True,0.99,-1.0431371847950717,True,動かせない,1062.0,1297.0,1157.5,92.53731343283582,0.0,1時点のみ（確かめられない）,False
和歌山市,都市部,住宅環境,男女・70代以上,放置空き家割合,賃貸・売却用及び二次的住宅を除く空き家（いわゆる放置空き家）の割合,追加の変数,-1,0.4256031454138493,False,0.04,0.2316357057504036,False,動かせる,9.0509,3.9259,2.6525499999999997,0.7462686567164178,6.398350000000001,1時点のみ（確かめられない）,False
和歌山市,都市部,住宅環境,男女・70代以上,高齢者等設備のある住宅割合,高齢者等のための設備（手すり・段差のない屋内など）がある住宅の割合,追加の変数,1,-0.0,False,0.545,0.0254931892500411,False,動かせる,57.64,58.6516,61.528175000000005,41.04477611940299,3.888175000000004,1時点のみ（確かめられない）,False
和歌山市,都市部,住宅環境,男女・70代以上,腐朽破損住宅割合,腐朽・破損のある住宅の割合,追加の変数,-1,0.0218207659235738,False,0.415,-0.2566102729984744,True,動かせる,3.5603,3.3649,2.19285,43.656716417910445,1.3674499999999998,1時点のみ（確かめられない）,False
和歌山市,都市部,住宅環境,男女・70代以上,住宅当たり延べ面積,住宅当たり延べ面積,個別KPI,1,0.0589395837874293,False,0.525,-0.0,False,動かせない,96.82,87.61999999999999,100.6525,68.65671641791045,3.8325000000000102,1時点のみ（確かめられない）,False
和歌山市,都市部,住宅環境,男女・70代以上,一戸建の持ち家の割合,一戸建の持ち家の割合,個別KPI,1,0.2714338232873778,False,0.885,0.0,False,動かせない,59.8226,48.289950000000005,60.110549999999996,73.88059701492537,0.28794999999999504,1時点のみ（確かめられない）,False
和歌山市,都市部,住宅環境,男女・70代以上,人口あたり公営住宅戸数,人口1万人あたり市町村営の公営住宅等の戸数,追加の変数,1,-0.6975230097096994,False,0.15,-0.5668261630081698,False,動かせる,174.190175,28.376,68.2205625,95.52238805970148,0.0,判別できず,False
田辺市,農山村の小都市,自己効力感,男性・50〜60代,完全失業者数_人口比,完全失業者数（人口比）,個別KPI,-1,-0.9021982052469376,True,0.985,-0.9042478779211536,True,動かせる,2.2485,1.837,1.6801,12.258064516129032,0.5684,1時点のみ（確かめられない）,True
田辺市,農山村の小都市,自己効力感,男性・50〜60代,大学卒業者割合,卒業者に占める大学・大学院卒業者の割合,追加の変数,1,3.422286534034153,True,1.0,3.5014895427928168,True,動かせない,12.2964,13.2012,15.8338,39.35483870967742,3.5374,1時点のみ（確かめられない）,False
田辺市,農山村の小都市,自己効力感,男性・50〜60代,納税義務者1人あたり課税対象所得,納税義務者1人あたり課税対象所得,追加の変数,1,0.9558336605956952,True,0.98,0.9748660537328004,True,動かせる,3039.8386666666665,2908.0558,3038.2789583333333,75.48387096774194,0.0,判別できず,False
田辺市,農山村の小都市,自己効力感,男性・50〜60代,新設事業所割合,民営事業所に占める新設事業所の割合,追加の変数,1,0.9877089119455968,True,0.985,0.8509630353154225,True,動かせる,20.3968,16.9846,19.19345,83.22580645161291,0.0,1時点のみ（確かめられない）,False
田辺市,農山村の小都市,自己効力感,男性・50〜60代,正規雇用割合,雇用者に占める正規の職員・従業員の割合,追加の変数,1,-0.3180472251773206,False,0.14,-0.0171510404626428,False,動かせる,62.3828,66.8246,69.332,10.967741935483872,6.9491999999999905,1時点のみ（確かめられない）,False
田辺市,農山村の小都市,自己効力感,男性・50〜60代,転入超過割合,転入超過割合,個別KPI,1,0.4486569165333651,False,0.79,0.305963574799162,False,動かせない,-0.5858750254399145,-0.47546878792072167,-0.24724219479441667,32.25806451612903,0.3386328306454979,想定どおりに有意,False
田辺市,農山村の小都市,自己効力感,男性・50〜60代,20_39歳転入超過率,20〜39歳の転入超過率,追加の変数,1,0.233045720069003,False,0.725,0.25690071136843,False,動かせない,-2.2654,-1.9915,-1.1047500000000001,41.29032258064516,1.16065,想定どおりに有意,False
田辺市,農山村の小都市,自己効力感,男性・50〜60代,65歳以上就業率,65歳以上の就業率,追加の変数,1,-0.0,False,0.39,0.1091418393145171,False,動かせる,27.6893,28.2765,31.11415,44.516129032258064,3.4248499999999993,1時点のみ（確かめられない）,False
田辺市,農山村の小都市,自己効力感,男性・50〜60代,女性就業率,女性の就業率（15歳以上）,追加の変数,1,0.7417931981730567,False,0.845,3.161534369766545,True,動かせる,50.4004,50.4884,52.418350000000004,49.67741935483871,2.017950000000006,1時点のみ（確かめられない）,False
田辺市,農山村の小都市,自己効力感,男性・50〜60代,20_39歳人口割合,20〜39歳人口の割合,追加の変数,1,-0.6005986072821304,False,0.11,-0.5806863785299355,False,動かせない,16.5133,16.50895,17.4308,50.967741935483865,0.9175000000000004,判別できず,False
田辺市,農山村の小都市,自己効力感,男性・50〜60代,就業率,就業率（15歳以上）,追加の変数,1,-2.5942510905101224,False,0.0,-5.622790051853905,False,動かせる,57.9965,57.8746,59.865,54.19354838709678,1.8685000000000045,1時点のみ（確かめられない）,False
田辺市,農山村の小都市,自己効力感,男性・50〜60代,人口あたり新設事業所数,人口千人あたり新設事業所数（2016〜2021年）,追加の変数,1,0.3536019777201294,False,0.895,0.3336678955769285,False,動かせる,13.0957,8.0407,9.1996,96.12903225806451,0.0,1時点のみ（確かめられない）,False
