分野,幸福度への寄与%,市町村数,類型だけ%,類型＋個別KPI%,上乗せ,判定,効いた個別KPI
買物・飲食,0.7770905093266285,680,47.272957511881906,64.99909514641693,17.72613763453502,環境整備で上がる,商業施設徒歩圏人口カバー率・可住地面積あたり飲食店数
地域とのつながり,5.409691683465,680,0.2695260041043235,17.331280626507905,17.061754622403583,一部は上がる,既婚者割合・高齢単身世帯割合・人口あたり宗教の事業所数・人口あたりNPOの数
移動・交通,0.3621810238190398,680,58.23601716210048,74.10208014139482,15.866062979294338,環境整備で上がる,駅・バス停徒歩圏人口カバー率・人口あたり小型車走行キロ
医療・福祉,0.85344880036802,644,36.11372008913332,49.66795333955466,13.554233250421344,環境整備で上がる,医療施設徒歩圏人口カバー率・福祉施設徒歩圏人口カバー率
公共空間,4.946559851308149,678,26.366489793238568,39.39813077676261,13.031640983524046,環境整備で上がる,公園緑地徒歩圏人口カバー率・ウォーカブル推進都市
自己効力感,19.6426971003085,680,19.679672064389088,25.27673111505765,5.5970590506685625,上がらない,転入超過割合・完全失業者数（人口比）
子育て,1.6771919627480651,600,26.932671722035657,32.17954040632597,5.2468686842903125,上がらない,可住地面積あたり幼稚園数・歳出総額の教育費割合
初等・中等教育,0.9020393313719848,680,42.838656873540124,47.6875750978423,4.848918224302174,上がらない,可住地面積あたり高等学校数
健康状態,28.79011133319369,638,15.215990526806229,19.282635407841017,4.066644881034789,上がらない,健康寿命（男性・近似）
雇用・所得,1.8543390727401012,680,58.29110559849353,61.18937755420026,2.8982719557067327,上がらない,完全失業率
住宅環境,15.97678810653022,671,3.5913836253094544,5.265997521987833,1.6746138966783786,上がらない,なし
地域行政,1.4082586634489171,680,38.643620331627545,39.309939519425036,0.6663191877974928,上がらない,実質公債費比率
遊び・娯楽,0.4999679836468068,680,54.19025268562871,54.19025268562871,0.0,上がらない,なし
