市,類型,個別KPI,分野,市の値,類型中央値,類型内%,実感,幸福度,幸福度の差の目安
和歌山市,都市部,高齢単身世帯割合,地域とのつながり,15.9481,10.6592,0.7604562737642585,True,False,
和歌山市,都市部,実質公債費比率,地域行政,9.625,4.125,4.562737642585551,True,False,
和歌山市,都市部,歩道設置率,公共空間,49.8506,73.4583,6.4638783269961975,False,False,
和歌山市,都市部,歳出総額の教育費割合,子育て,8.903049509506463,11.854238954209192,7.604562737642586,True,False,
和歌山市,都市部,駅・バス停徒歩圏人口カバー率,移動・交通,70.3173,88.8462,13.307984790874524,True,True,0.04986529637244198
和歌山市,都市部,公園緑地徒歩圏人口カバー率,公共空間,75.5361,95.9385,13.307984790874524,True,True,0.03074710574570046
和歌山市,都市部,健康寿命（男性・近似）,健康状態,79.47715531020856,80.32025725338627,14.457831325301203,True,True,0.041615834549463646
和歌山市,都市部,健康寿命（女性・近似）,健康状態,83.88131046494516,84.56542702427252,15.261044176706829,False,True,0.05110855920631811
田辺市,農山村の小都市,歩道設置率,公共空間,20.6527,44.9191,1.9867549668874174,False,False,
田辺市,農山村の小都市,保育所徒歩圏0〜4歳人口カバー率,子育て,26.1232,53.4033,9.30232558139535,False,False,
田辺市,農山村の小都市,拡大家族世帯割合,地域とのつながり,7.0129,14.8571,9.933774834437086,False,False,
田辺市,農山村の小都市,健康寿命（男性・近似）,健康状態,78.83815214485898,79.83677019852146,10.218978102189782,True,True,0.04929216927515177
田辺市,農山村の小都市,人口あたり自殺者数,地域とのつながり,23.93673460782938,18.55143580199771,10.596026490066226,False,True,0.07006951536981164
田辺市,農山村の小都市,住宅当たり延べ面積,住宅環境,104.21,125.09,11.888111888111888,False,False,
田辺市,農山村の小都市,完全失業者数（人口比）,自己効力感,2.2485,1.8421,12.582781456953644,True,True,0.05732464708783127
田辺市,農山村の小都市,高齢単身世帯割合,地域とのつながり,17.3555,13.878,17.218543046357617,True,False,
田辺市,農山村の小都市,完全失業率,雇用・所得,4.3282,3.66,19.867549668874172,True,True,0.021999349262197522
