個別KPI,列名,分野,望ましい向き,係数_1SD,p値,幸福度と結びつく,係数_1SD_頑健,p値_頑健,頑健でも結びつく,実感と結びつく,SD,市町村数
拡大家族世帯割合,拡大家族世帯割合,地域とのつながり,1,-0.07859461461503514,1.1038018059470929e-16,False,-0.08087014543092926,8.742312996080221e-13,False,False,5.231157244711124,680
医療施設徒歩圏人口カバー率,医療施設徒歩圏人口カバー率,医療・福祉,1,0.05112271812130981,8.890581178863084e-06,True,0.036185725278459924,0.021133592973741094,True,True,16.00323621129468,680
人口あたり自殺者数,人口あたり自殺者数,地域とのつながり,-1,-0.047202565286499104,7.29979117897542e-11,True,-0.03645179309893154,8.304950844706783e-07,True,False,3.6278246984863998,680
完全失業者数（人口比）,完全失業者数_人口比,自己効力感,-1,-0.04600477770662528,6.860050859735365e-10,True,-0.04456909323384683,1.0610809397626736e-08,True,True,0.3261483953198435,680
健康寿命（女性・近似）,健康寿命_女性_近似,健康状態,1,0.04458223626895385,1.0411470846966785e-15,True,0.046506511379441985,2.0677513292469406e-15,True,False,0.5967580882159941,638
駅・バス停徒歩圏人口カバー率,駅バス停徒歩圏人口カバー率,移動・交通,1,0.04308772173979597,5.9286648215087275e-08,True,0.033152407951872076,0.0009491835118299752,True,True,16.01049518249174,680
公園緑地徒歩圏人口カバー率,公園緑地徒歩圏人口カバー率,公共空間,1,0.04033589264873167,6.261925395767472e-05,True,0.03000122852054852,0.011209207905616057,True,True,26.76508881788201,678
健康寿命（男性・近似）,健康寿命_男性_近似,健康状態,1,0.039439642868726185,3.1342888685547764e-13,True,0.04228054772628042,5.149916200282449e-13,True,True,0.7990141228895935,638
商業施設徒歩圏人口カバー率,商業施設徒歩圏人口カバー率,買物・飲食,1,0.03394318807343776,0.005352946003063824,True,0.004753186404322152,0.7586176811398352,False,True,15.550545185069522,680
住宅当たり延べ面積,住宅当たり延べ面積,住宅環境,1,-0.03033984784254034,0.0003860098423834884,False,-0.024353352108419747,0.046222244245354545,False,False,21.268601959090176,671
人口あたり公園面積,人口あたり公園面積,公共空間,1,0.028981765434845815,0.0008270464775817384,True,0.0424780011157691,1.69171627343663e-06,True,False,13.331128919514809,680
転入超過割合,転入超過割合,自己効力感,1,0.027773063429671965,0.00046366484769559566,True,0.01934126666196883,0.019967622325723248,True,True,0.4849178603968451,680
一戸建の持ち家の割合,一戸建の持ち家の割合,住宅環境,1,-0.02593077749868962,0.00030595458854774113,False,-0.02162361526081324,0.0665398618812544,False,False,15.601761474517652,671
完全失業率,完全失業率,雇用・所得,-1,-0.024282580809868615,0.000547397495820951,True,-0.0311237665990593,8.18736838499141e-05,True,True,0.7375500204015315,680
既婚者割合,既婚者割合,地域とのつながり,1,0.020941370962193173,0.006438056709444081,True,0.059153736217040453,1.0298318571403824e-09,True,True,2.5710932399083997,680
人口あたり小型車走行キロ,人口あたり小型車走行キロ,移動・交通,-1,-0.020122762197404997,0.04860277726190738,True,0.006707556133677156,0.656640373311782,False,True,5.286801846666074,680
可住地面積あたり幼稚園数,可住地面積あたり幼稚園数,子育て,1,0.01665920181439448,0.007772427282020899,True,0.008713408820670426,0.3889006280624651,False,True,0.18204366956733103,680
人口あたり宗教の事業所数,人口あたり宗教の事業所数,地域とのつながり,1,-0.009219234026059814,0.3169220771913262,False,-0.0013970637287537002,0.8820412340472363,False,True,68.48628726218507,680
歩道設置率,歩道設置率,公共空間,1,0.009092937301697246,0.23813498360091148,False,0.00446650108744584,0.6237123763571291,False,False,17.93494422190274,680
歳出総額の教育費割合,歳出総額の教育費割合,子育て,1,0.0063050277253827725,0.257903412222396,False,0.008160504437878274,0.21739129014384143,False,True,2.666094551818674,680
可住地面積あたり飲食店数,可住地面積あたり飲食店数,買物・飲食,1,-0.006049527555785861,0.0977595510861855,False,-0.01986329274734422,3.708973944569206e-05,False,True,9.623804898478683,680
可住地面積あたり高等学校数,可住地面積あたり高等学校数,初等・中等教育,1,0.00586866590420132,0.32305146684329583,False,-0.011899214054681584,0.18020074330101302,False,True,0.07513606728198302,680
保育所徒歩圏0〜4歳人口カバー率,保育所徒歩圏0_4歳人口カバー率,子育て,1,0.0041678110713056216,0.4513471302563168,False,-0.001246445071677288,0.828078714409084,False,False,26.971598928004077,600
福祉施設徒歩圏人口カバー率,福祉施設徒歩圏人口カバー率,医療・福祉,1,-0.0035779081678179447,0.4957440509473348,False,-0.009680698538706262,0.12614569614957882,False,True,26.69643480341535,644
実質公債費比率,実質公債費比率,地域行政,-1,-0.0026928417050595954,0.6812380342525468,False,0.0016780504765739196,0.8034453170176724,False,True,3.5255434286252854,680
高齢単身世帯割合,高齢単身世帯割合,地域とのつながり,-1,-0.0017831841997820175,0.8162124499500927,False,0.02429116186454877,0.04599746261366889,False,True,2.9791732616204163,680
ウォーカブル推進都市,ウォーカブル推進都市,公共空間,1,-0.0017796289872462623,0.7939614257369528,False,0.0018114272614062092,0.8103360693860495,False,True,0.49653568979625734,680
人口あたりNPOの数,人口あたりNPOの数,地域とのつながり,1,-0.0010791618138668024,0.8751874653590118,False,0.0010152355164573246,0.8880652654155362,False,True,14.296511658948036,680
