条件,行,地域,個別KPI,列名,分野,望ましい向き,目的変数,係数_1SD,下限95,上限95,p値,q値,想定どおり有意,逆向きに有意
5人以上,17609,680,人口あたり公園面積,人口あたり公園面積,公共空間,1,幸福度,-0.27693673217995174,-0.5868473535096326,0.03297388914972915,0.07986673991258683,0.5173187038869622,False,False
5人以上,17609,680,人口あたり公園面積,人口あたり公園面積,公共空間,1,実感,-0.5958546192822589,-6.1069263946285,4.915217156063983,0.8321738748759434,0.8321738748759434,False,False
5人以上,17609,680,人口あたりNPOの数,人口あたりNPOの数,地域とのつながり,1,幸福度,-0.02078895396256366,-0.14329668986670063,0.10171878194157333,0.7394345375669811,0.8009721996071107,False,False
5人以上,17609,680,人口あたりNPOの数,人口あたりNPOの数,地域とのつながり,1,実感,-0.750907064349972,-4.861098531567685,3.3592844028677407,0.720283357336196,0.8009721996071107,False,False
5人以上,17609,680,人口あたり自殺者数,人口あたり自殺者数,地域とのつながり,-1,幸福度,0.0055578953068772426,-0.0010448016909282085,0.012160592304682694,0.09897314962997678,0.5173187038869622,False,False
5人以上,17609,680,人口あたり自殺者数,人口あたり自殺者数,地域とのつながり,-1,実感,0.03043127595833815,-0.16559744448487498,0.22645999640155126,0.7609235896267552,0.8009721996071107,False,False
5人以上,17609,680,可住地面積あたり幼稚園数,可住地面積あたり幼稚園数,子育て,1,幸福度,-0.08393196165698738,-0.209976466064879,0.04211254275090423,0.1918426944899605,0.767370777959842,False,False
5人以上,17609,680,可住地面積あたり幼稚園数,可住地面積あたり幼稚園数,子育て,1,実感,-0.41340359243461616,-2.9452255256434823,2.11841834077425,0.748941975583038,0.8009721996071107,False,False
5人以上,17609,680,歳出総額の教育費割合,歳出総額の教育費割合,子育て,1,幸福度,0.006657938607310672,-0.011236659243506652,0.024552536458127997,0.4658513422629861,0.8009721996071107,False,False
5人以上,17609,680,歳出総額の教育費割合,歳出総額の教育費割合,子育て,1,実感,-0.28080447419713717,-0.6188138575169101,0.05720490912263576,0.10346374077739245,0.5173187038869622,False,False
5人以上,17609,680,可住地面積あたり高等学校数,可住地面積あたり高等学校数,初等・中等教育,1,幸福度,-0.08606215895887481,-0.3233503904361983,0.15122607251844863,0.47716284840831213,0.8009721996071107,False,False
5人以上,17609,680,可住地面積あたり高等学校数,可住地面積あたり高等学校数,初等・中等教育,1,実感,-0.7437295023374306,-3.176000472996332,1.688541468321471,0.5489591881653928,0.8009721996071107,False,False
5人以上,16694,638,健康寿命（女性・近似）,健康寿命_女性_近似,健康状態,1,幸福度,-0.027178934484132177,-0.14324528667427314,0.08888741770600879,0.6462573310447761,0.8009721996071107,False,False
5人以上,16694,638,健康寿命（女性・近似）,健康寿命_女性_近似,健康状態,1,実感,-0.9164801780120718,-4.171089456664975,2.338129100640832,0.5809995449904064,0.8009721996071107,False,False
5人以上,16694,638,健康寿命（男性・近似）,健康寿命_男性_近似,健康状態,1,幸福度,-0.1907735152926975,-0.39172441843857475,0.010177387853179731,0.06278181168929103,0.5173187038869622,False,False
5人以上,16694,638,健康寿命（男性・近似）,健康寿命_男性_近似,健康状態,1,実感,-3.0804166468912473,-9.330266576794449,3.1694332830119545,0.3340232370216908,0.8009721996071107,False,False
5人以上,17609,680,転入超過割合,転入超過割合,自己効力感,1,幸福度,0.012756436325477613,-0.01098857500057725,0.03650144765153247,0.29235801116289406,0.8009721996071107,False,False
5人以上,17609,680,転入超過割合,転入超過割合,自己効力感,1,実感,0.13158674088684838,-0.6478901835204756,0.9110636652941724,0.7407383397644243,0.8009721996071107,False,False
5人以上,17609,680,実質公債費比率,実質公債費比率,地域行政,-1,幸福度,-0.024581675595631187,-0.10039267338398711,0.05122932219272474,0.5250834887351163,0.8009721996071107,False,False
5人以上,17609,680,実質公債費比率,実質公債費比率,地域行政,-1,実感,0.3161948168750372,-0.9907256650903049,1.6231152988403794,0.6353572123440065,0.8009721996071107,False,False
10人以上,11540,673,人口あたり公園面積,人口あたり公園面積,公共空間,1,幸福度,-0.5055577576773158,-0.8855583340622604,-0.12555718129237126,0.009117683871092661,0.0911768387109266,False,True
10人以上,11540,673,人口あたり公園面積,人口あたり公園面積,公共空間,1,実感,-3.250404021430433,-9.80824162203664,3.3074335791757745,0.33131053666215626,0.7668837432908429,False,False
10人以上,11540,673,人口あたりNPOの数,人口あたりNPOの数,地域とのつながり,1,幸福度,-0.0209025875211567,-0.16312873751741727,0.12132356247510387,0.7733040035111581,0.9915696984158648,False,False
10人以上,11540,673,人口あたりNPOの数,人口あたりNPOの数,地域とのつながり,1,実感,0.09606724203756312,-4.605908631651339,4.798043115726465,0.9680570517638638,0.9915696984158648,False,False
10人以上,11540,673,人口あたり自殺者数,人口あたり自殺者数,地域とのつながり,-1,幸福度,0.010457457594074626,0.00359048319276482,0.017324431995384432,0.002837541076010668,0.05675082152021336,False,True
10人以上,11540,673,人口あたり自殺者数,人口あたり自殺者数,地域とのつながり,-1,実感,0.041905410659271024,-0.1583547793373806,0.24216560065592266,0.6817036524628144,0.9915696984158648,False,False
10人以上,11540,673,可住地面積あたり幼稚園数,可住地面積あたり幼稚園数,子育て,1,幸福度,-0.07139778326275525,-0.21961683068411283,0.07682126415860233,0.3450976844808793,0.7668837432908429,False,False
10人以上,11540,673,可住地面積あたり幼稚園数,可住地面積あたり幼稚園数,子育て,1,実感,-0.01569118765952293,-2.926413380665751,2.895031005346705,0.9915696984158648,0.9915696984158648,False,False
10人以上,11540,673,歳出総額の教育費割合,歳出総額の教育費割合,子育て,1,幸福度,0.014136572045562961,-0.0065073286659275646,0.03478047275705349,0.17953998634093515,0.7668837432908429,False,False
10人以上,11540,673,歳出総額の教育費割合,歳出総額の教育費割合,子育て,1,実感,-0.21645513660478494,-0.6234033327981774,0.19049305958860752,0.29717016337783775,0.7668837432908429,False,False
10人以上,11540,673,可住地面積あたり高等学校数,可住地面積あたり高等学校数,初等・中等教育,1,幸福度,-0.15158054494153655,-0.37920418571944103,0.0760430958363679,0.19181953156742626,0.7668837432908429,False,False
10人以上,11540,673,可住地面積あたり高等学校数,可住地面積あたり高等学校数,初等・中等教育,1,実感,0.04476496466827762,-2.3800027343623693,2.4695326636989243,0.9711351385783559,0.9915696984158648,False,False
10人以上,10978,631,健康寿命（女性・近似）,健康寿命_女性_近似,健康状態,1,幸福度,0.013247883041728484,-0.13251972576774984,0.15901549185120678,0.8586194458556573,0.9915696984158648,False,False
10人以上,10978,631,健康寿命（女性・近似）,健康寿命_女性_近似,健康状態,1,実感,0.27753788519615696,-3.6385828698536042,4.193658640245918,0.8895241097112809,0.9915696984158648,False,False
10人以上,10978,631,健康寿命（男性・近似）,健康寿命_男性_近似,健康状態,1,幸福度,-0.17352207191139557,-0.4113571050236674,0.06431296120087626,0.15271802841269078,0.7668837432908429,False,False
10人以上,10978,631,健康寿命（男性・近似）,健康寿命_男性_近似,健康状態,1,実感,-1.9700748533374912,-9.358354750545764,5.418205043870783,0.6012308183523513,0.9915696984158648,False,False
10人以上,11540,673,転入超過割合,転入超過割合,自己効力感,1,幸福度,0.011591455490114453,-0.015091023696399933,0.03827393467662884,0.39450994025119834,0.7890198805023967,False,False
10人以上,11540,673,転入超過割合,転入超過割合,自己効力感,1,実感,0.1846278818628344,-0.6732487714780737,1.0425045352037425,0.6731554545658587,0.9915696984158648,False,False
10人以上,11540,673,実質公債費比率,実質公債費比率,地域行政,-1,幸福度,-0.04804033495005653,-0.13141166287686262,0.03533099297674957,0.25873176916651786,0.7668837432908429,False,False
10人以上,11540,673,実質公債費比率,実質公債費比率,地域行政,-1,実感,-0.023931214987926497,-1.527394067685275,1.479531637709422,0.9751115567755977,0.9915696984158648,False,False
20人以上,3322,591,人口あたり公園面積,人口あたり公園面積,公共空間,1,幸福度,-1.4299422796483285,-2.7873120910477445,-0.07257246824891284,0.03894264744578585,0.22686624429940716,False,True
20人以上,3322,591,人口あたり公園面積,人口あたり公園面積,公共空間,1,実感,-23.206268382664604,-42.2492454362391,-4.163291329090107,0.016916981129744227,0.20701812862424498,False,True
20人以上,3322,591,人口あたりNPOの数,人口あたりNPOの数,地域とのつながり,1,幸福度,-0.14008031626974993,-0.39281738690568896,0.1126567543661891,0.2773302926552207,0.47518964567211663,False,False
20人以上,3322,591,人口あたりNPOの数,人口あたりNPOの数,地域とのつながり,1,実感,4.079875688400343,-3.888179741612533,12.04793111841322,0.3155825946147732,0.48551168402272804,False,False
20人以上,3322,591,人口あたり自殺者数,人口あたり自殺者数,地域とのつながり,-1,幸福度,0.012100119637032468,0.001848347271888668,0.022351892002176268,0.0207018128624245,0.20701812862424498,False,True
20人以上,3322,591,人口あたり自殺者数,人口あたり自殺者数,地域とのつながり,-1,実感,-0.1487491967653282,-0.42042077019727464,0.12292237666661829,0.28319708868992866,0.47518964567211663,False,False
20人以上,3322,591,可住地面積あたり幼稚園数,可住地面積あたり幼稚園数,子育て,1,幸福度,-0.10673273071793087,-0.3694253272629535,0.15595986582709176,0.4258266340252771,0.6083237628932531,False,False
20人以上,3322,591,可住地面積あたり幼稚園数,可住地面積あたり幼稚園数,子育て,1,実感,0.3195075745687044,-4.400364704881473,5.039379854018882,0.894446093367307,0.9415222035445336,False,False
20人以上,3322,591,歳出総額の教育費割合,歳出総額の教育費割合,子育て,1,幸福度,0.03675388684350025,0.0007562739946088068,0.0727514996923917,0.045373248859881435,0.22686624429940716,True,False
20人以上,3322,591,歳出総額の教育費割合,歳出総額の教育費割合,子育て,1,実感,-0.41916921245634486,-1.1860371343477645,0.34769870943507475,0.2840192901083577,0.47518964567211663,False,False
20人以上,3322,591,可住地面積あたり高等学校数,可住地面積あたり高等学校数,初等・中等教育,1,幸福度,-0.07608388252734684,-0.48421551409598657,0.3320477490412929,0.7148254382695349,0.8781556705475956,False,False
20人以上,3322,591,可住地面積あたり高等学校数,可住地面積あたり高等学校数,初等・中等教育,1,実感,1.094453671774999,-0.9043254663633025,3.0932328099133004,0.2831725426405254,0.47518964567211663,False,False
20人以上,3183,562,健康寿命（女性・近似）,健康寿命_女性_近似,健康状態,1,幸福度,-0.0697618209731491,-0.2614553883258746,0.12193174637957639,0.4756661161667569,0.6342214882223426,False,False
20人以上,3183,562,健康寿命（女性・近似）,健康寿命_女性_近似,健康状態,1,実感,-2.700917049579966,-7.644918566786995,2.2430844676270634,0.2842811453631019,0.47518964567211663,False,False
20人以上,3183,562,健康寿命（男性・近似）,健康寿命_男性_近似,健康状態,1,幸福度,-0.19014437535802506,-0.5388039739241365,0.15851522320808634,0.28511378740327,0.47518964567211663,False,False
20人以上,3183,562,健康寿命（男性・近似）,健康寿命_男性_近似,健康状態,1,実感,-1.7463392844090533,-12.33194235229092,8.839263783472813,0.7464323199654562,0.8781556705475956,False,False
20人以上,3322,591,転入超過割合,転入超過割合,自己効力感,1,幸福度,0.030597886291560714,-0.022278109496681988,0.08347388207980341,0.2567114356750866,0.47518964567211663,False,False
20人以上,3322,591,転入超過割合,転入超過割合,自己効力感,1,実感,0.04295233699959306,-1.6606788751511807,1.7465835491503667,0.9605878053970426,0.9605878053970426,False,False
20人以上,3322,591,実質公債費比率,実質公債費比率,地域行政,-1,幸福度,-0.008059968418168358,-0.12308711654127305,0.10696717970493633,0.8907640501615158,0.9415222035445336,False,False
20人以上,3322,591,実質公債費比率,実質公債費比率,地域行政,-1,実感,1.7698411519821546,-0.3706667757898281,3.9103490797541376,0.10510530601782504,0.42042122407130017,False,False
