分野,年度で動く部分%,3年間同じ値の地域%,田辺市_2023→24→25,和歌山市_2023→24→25
医療・福祉,6.2255245542533215,0.0,54.7→55.1→53.9,50.5→49.5→48.0
買物・飲食,23.024129961627377,0.0,50.4→50.4→47.3,50.3→50.4→48.7
住宅環境,0.7108678252173244,0.14705882352941177,56.3→58.4→58.4,54.3→54.4→54.4
移動・交通,10.026582509154098,0.0,45.5→45.7→42.2,50.7→50.8→49.9
遊び・娯楽,5.153148622886663e-29,100.0,59.1→59.1→59.1,49.1→49.1→49.1
子育て,19.85969976060134,0.0,47.8→48.5→42.8,44.8→45.3→43.3
初等・中等教育,60.38852890589445,0.0,57.6→57.6→44.3,49.2→49.2→47.1
地域行政,7.206049603217716e-29,100.0,47.1→47.1→47.1,42.3→42.3→42.3
デジタル生活,6.949271890072009,0.0,42.1→52.1→51.1,53.6→52.8→53.2
公共空間,0.25547188260842885,0.0,34.4→34.1→34.1,47.2→47.0→47.0
都市景観,0.3858208125522399,0.0,56.9→56.5→56.5,46.2→46.1→46.1
事故・犯罪,2.50317041087409,0.0,46.3→47.8→47.8,44.2→45.6→45.6
自然景観,10.184963997212302,0.14705882352941177,66.6→74.3→74.6,53.9→65.8→67.4
自然の恵み,3.40662714641231e-29,100.0,67.3→67.3→67.3,51.0→51.0→51.0
環境共生,4.592804549401066,0.0,54.9→57.5→56.3,44.7→45.8→44.6
自然災害,1.13069596820994e-28,100.0,45.2→45.2→45.2,51.3→51.3→51.3
地域とのつながり,3.9214772698948424,0.14705882352941177,53.7→51.8→51.8,54.9→54.6→54.6
多様性と寛容性,5.679908687584915,0.0,47.4→43.8→43.8,48.2→49.0→49.0
自己効力感,17.422066775635095,0.0,73.3→73.5→55.2,40.0→40.1→43.4
健康状態,6.170248724314113,0.0,41.6→42.3→47.0,42.1→41.9→45.4
文化・芸術,7.943678162114722,0.0,46.0→45.9→49.1,60.1→60.1→58.9
教育機会の豊かさ,0.00170320341913529,0.8823529411764706,46.0→46.0→46.0,47.6→47.7→47.7
雇用・所得,0.9550114353976408,0.0,47.4→47.1→47.8,50.1→50.1→48.9
事業創造,8.922382521116935,0.0,46.1→47.0→46.7,47.9→48.6→48.1
