市,類型,分野,列名,表示名,種別,望ましい向き,市の値,類型中央値,目標_類型の上位4分の1,類型内%,伸びしろ,上位1割の3年の動き,上位1割のペースで届く年数,年度ごとの値
和歌山市,都市部,地域とのつながり,既婚者割合,既婚者割合,個別KPI,1,74.916,72.4334,73.51155,92.77566539923954,0.0,,,False
和歌山市,都市部,地域とのつながり,高齢単身世帯割合,高齢単身世帯割合,個別KPI,-1,15.9481,10.6592,9.3445,0.7604562737642585,6.6036,,,False
和歌山市,都市部,地域とのつながり,人口あたり宗教の事業所数,人口あたり宗教の事業所数,個別KPI,1,139.3214,42.7665,69.4837,98.47908745247148,0.0,,,False
和歌山市,都市部,地域とのつながり,人口あたりNPOの数,人口あたりNPOの数,個別KPI,1,43.790694648982736,28.054442180145784,34.83074488095813,90.49429657794677,0.0,5.809152842192166,0.0,True
和歌山市,都市部,地域とのつながり,人口あたり自殺者数,人口あたり自殺者数,個別KPI,-1,16.818839097729967,15.334419051813052,13.227965304700922,26.61596958174905,3.5908737930290453,11.028259466761483,0.976819724957975,True
和歌山市,都市部,地域とのつながり,拡大家族世帯割合,拡大家族世帯割合,個別KPI,1,5.0512,5.3843,7.1045,44.48669201520912,2.0533,,,False
和歌山市,都市部,地域とのつながり,居住期間20年以上割合,居住期間20年以上（出生時からを含む）の人口割合,追加の変数,1,48.9751,45.0029,48.45735,77.18631178707224,0.0,,,False
和歌山市,都市部,地域とのつながり,共同住宅世帯割合,共同住宅に住む一般世帯の割合,追加の変数,-1,29.5874,41.2763,31.1569,79.08745247148289,0.0,,,False
和歌山市,都市部,地域とのつながり,昼夜間人口比率,昼夜間人口比率,追加の変数,1,103.709,93.4483,99.03620000000001,87.07224334600761,0.0,,,False
和歌山市,都市部,地域とのつながり,他市区町村への通勤者割合,就業者に占める他市区町村への通勤者の割合,追加の変数,-1,13.5508,56.461,45.7674,98.09885931558935,0.0,,,False
和歌山市,都市部,地域とのつながり,人口あたり政治経済文化団体の事業所数,人口10万人あたり政治・経済・文化団体の事業所数,追加の変数,1,88.3023,19.3374,28.62625,97.33840304182509,0.0,,,False
和歌山市,都市部,地域とのつながり,人口あたり公民館数,人口10万人あたり公民館数（市町村立）,追加の変数,1,0.281275,3.3434,6.1568249999999995,20.53231939163498,5.87555,0.782870000000002,22.515424016758793,True
和歌山市,都市部,地域とのつながり,人口あたり図書館数,人口10万人あたり図書館数（市町村立）,追加の変数,1,0.56265,1.750225,2.6258166666666662,6.844106463878327,2.063166666666666,0.17437999999999998,35.49432274343388,True
和歌山市,都市部,地域とのつながり,人口あたり社会体育施設数,人口10万人あたり社会体育施設数（市町村立）,追加の変数,1,3.657025,5.994425,7.992662500000001,22.433460076045627,4.335637500000001,1.0528100000000016,12.354472791861763,True
和歌山市,都市部,地域とのつながり,人口あたり集会施設数,人口10万人あたり集会施設数（市町村立）,追加の変数,1,102.2652,68.59363333333333,100.8526875,76.04562737642586,0.0,10.501900000000008,0.0,True
和歌山市,都市部,地域とのつながり,高齢者千人あたり通いの場の箇所数,65歳以上人口千人あたり 介護予防の通いの場の箇所数,追加の変数,1,5.082375,2.6045,4.31115,81.36882129277566,0.0,2.2968499999999996,0.0,True
和歌山市,都市部,地域とのつながり,通いの場の参加率,介護予防の通いの場への参加率（65歳以上人口比）,追加の変数,1,6.66565,4.5443,7.221866666666667,69.96197718631178,0.5562166666666668,3.86236,0.43202860427303524,True
和歌山市,都市部,地域とのつながり,人口あたり地域おこし協力隊員数,人口1万人あたり地域おこし協力隊員数,追加の変数,1,0.08465,0.0,0.0,93.5361216730038,0.0,0.6822900000000002,0.0,True
田辺市,農山村の小都市,自己効力感,転入超過割合,転入超過割合,個別KPI,1,-0.5858750254399145,-0.4789027742355974,-0.2694225508371191,33.11258278145696,0.31645247460279546,0.31821708301092966,2.983364107375025,True
田辺市,農山村の小都市,自己効力感,完全失業者数_人口比,完全失業者数（人口比）,個別KPI,-1,2.2485,1.8421,1.6801,12.582781456953644,0.5684,,,False
田辺市,農山村の小都市,自己効力感,就業率,就業率（15歳以上）,追加の変数,1,57.9965,57.8746,59.8297,54.3046357615894,1.833200000000005,,,False
田辺市,農山村の小都市,自己効力感,女性就業率,女性の就業率（15歳以上）,追加の変数,1,50.4004,50.4884,52.375,49.668874172185426,1.9746000000000024,,,False
田辺市,農山村の小都市,自己効力感,65歳以上就業率,65歳以上の就業率,追加の変数,1,27.6893,28.2765,31.11415,44.370860927152314,3.4248499999999993,,,False
田辺市,農山村の小都市,自己効力感,正規雇用割合,雇用者に占める正規の職員・従業員の割合,追加の変数,1,62.3828,66.8984,69.332,10.596026490066226,6.9491999999999905,,,False
田辺市,農山村の小都市,自己効力感,大学卒業者割合,卒業者に占める大学・大学院卒業者の割合,追加の変数,1,12.2964,13.1296,15.8338,40.397350993377486,3.5374,,,False
田辺市,農山村の小都市,自己効力感,納税義務者1人あたり課税対象所得,納税義務者1人あたり課税対象所得,追加の変数,1,3039.8386666666665,2902.8278666666665,3032.652025,76.82119205298014,0.0,338.6953000000001,0.0,True
田辺市,農山村の小都市,自己効力感,20_39歳人口割合,20〜39歳人口の割合,追加の変数,1,16.5133,16.4497,17.3657375,52.317880794701985,0.8524375000000006,0.28814000000000034,8.875242937460953,True
田辺市,農山村の小都市,自己効力感,20_39歳転入超過率,20〜39歳の転入超過率,追加の変数,1,-2.2654,-2.0142,-1.1981000000000002,42.384105960264904,1.0673,1.0393700000000003,3.0806161424709186,True
田辺市,農山村の小都市,自己効力感,人口あたり新設事業所数,人口千人あたり新設事業所数（2016〜2021年）,追加の変数,1,13.0957,8.0407,9.1996,96.02649006622516,0.0,,,False
田辺市,農山村の小都市,自己効力感,新設事業所割合,民営事業所に占める新設事業所の割合,追加の変数,1,20.3968,16.9846,19.1831,84.10596026490066,0.0,,,False
