市,個別KPI,根拠,上がり幅_同時モデル
和歌山市,健康寿命（女性・近似）,B,0.052442996720203375
和歌山市,健康寿命（男性・近似）,A,0.02383589768951638
和歌山市,駅・バス停徒歩圏人口カバー率,A,0.02732071941206707
和歌山市,完全失業者数（人口比）,A,0.08963855818689798
和歌山市,公園緑地徒歩圏人口カバー率,A,0.013498152835611572
和歌山市,完全失業率,A,0.0
和歌山市,転入超過割合,A,0.011624526310960117
和歌山市,医療施設徒歩圏人口カバー率,A,0.0
和歌山市,合計（同時モデル）,,0.2183608511552565
和歌山市,合計（伸ばす数値3つ）,,0.16940227431916843
田辺市,完全失業者数（人口比）,A,0.22534522986922972
田辺市,健康寿命（男性・近似）,A,0.023893719379871402
田辺市,完全失業率,A,0.0
田辺市,健康寿命（女性・近似）,B,0.026423617090472425
田辺市,駅・バス停徒歩圏人口カバー率,A,0.023228689623539057
田辺市,既婚者割合,A,0.02625609123260542
田辺市,転入超過割合,A,0.007256650676715215
田辺市,公園緑地徒歩圏人口カバー率,A,0.003985366214967353
田辺市,合計（同時モデル）,,0.3363893640874006
田辺市,合計（伸ばす数値3つ）,,0.2724676388726402
