市,類型,分野,列名,表示名,種別,望ましい向き,市の値,類型中央値,目標_類型の上位4分の1,類型内%,伸びしろ,上位1割の3年の動き,上位1割のペースで届く年数,年度ごとの値,係数_1SD,係数_1単位,想定どおりの向きの割合,効いた,操作可能性,操作可能性の理由,幸福度_主観スコア1点あたり,条件1_主観スコアを説明できる,条件2_施策で動かせる,条件3_伸びしろがある,因果の確認,条件4_年ごとの変化と食い違わない,伸ばす数値,主観スコアの上がり幅,幸福度の上がり幅,主観スコア_市,主観スコア_類型平均,主観スコアの不足,主観スコアの不足を埋める割合%,判定
和歌山市,都市部,地域とのつながり,人口あたり図書館数,人口10万人あたり図書館数（市町村立）,追加の変数,1,0.56265,1.866525,2.645291666666667,6.343283582089552,2.082641666666667,0.1728400000000002,36.14860564684096,True,0.7373121570275483,0.2908117967337205,1.0,True,中長期,施設の新設には計画と年数が要る,0.0023719584624139,True,True,True,判別できず,True,True,0.6056567650358436,0.0014365926891449965,44.4811187204168,49.14115420108717,4.660035480670366,12.996827332068236,伸ばす数値
和歌山市,都市部,地域とのつながり,人口あたり社会体育施設数,人口10万人あたり社会体育施設数（市町村立）,追加の変数,1,3.657025,5.741975,7.645075,27.23880597014925,3.98805,0.9642800000000008,12.40734019164557,True,1.738091695192994,0.1427616181195478,1.0,True,中長期,施設の新設には計画と年数が要る,0.0023719584624139,True,True,True,判別できず,True,True,0.5693404711416625,0.0013504519485191832,44.4811187204168,49.14115420108717,4.660035480670366,12.217513654204204,伸ばす数値
和歌山市,都市部,地域とのつながり,既婚者割合,既婚者割合,個別KPI,1,74.916,72.06569999999999,73.319025,94.77611940298507,0.0,,,False,2.5798573325133005,0.8662030684349424,1.0,True,困難,人口構造・個人の選択の結果,0.0023719584624139,True,False,False,1時点のみ（確かめられない）,True,False,,,44.4811187204168,49.14115420108717,4.660035480670366,,施策で動かしにくい（人口構造・個人の選択の結果）・すでに類型の上位4分の1以上（類型内95%）
和歌山市,都市部,地域とのつながり,高齢単身世帯割合,高齢単身世帯割合,個別KPI,-1,15.9481,10.67605,9.370475,0.7462686567164178,6.577625000000001,,,False,-2.1088049084854417,-0.7657831199053163,1.0,True,困難,人口構造・家族構成の結果,0.0023719584624139,True,False,True,1時点のみ（確かめられない）,True,False,,,44.4811187204168,49.14115420108717,4.660035480670366,,施策で動かしにくい（人口構造・家族構成の結果）
和歌山市,都市部,地域とのつながり,人口あたり宗教の事業所数,人口あたり宗教の事業所数,個別KPI,1,139.3214,41.38,65.4291,98.50746268656717,0.0,,,False,1.3109669844296363,0.0212080846291547,1.0,True,困難,市の施策の対象外,0.0023719584624139,True,False,False,1時点のみ（確かめられない）,True,False,,,44.4811187204168,49.14115420108717,4.660035480670366,,施策で動かしにくい（市の施策の対象外）・すでに類型の上位4分の1以上（類型内99%）
和歌山市,都市部,地域とのつながり,人口あたりNPOの数,人口あたりNPOの数,個別KPI,1,43.790694648982736,29.071359423657324,36.56935810972179,86.19402985074626,0.0,5.819507084967006,0.0,True,2.091448938061898,0.0543265510980578,1.0,True,短期,設立・活動の支援で動かせる,0.0023719584624139,True,True,False,判別できず,True,False,,,44.4811187204168,49.14115420108717,4.660035480670366,,すでに類型の上位4分の1以上（類型内86%）
和歌山市,都市部,地域とのつながり,人口あたり自殺者数,人口あたり自殺者数,個別KPI,-1,16.818839097729967,15.362994535085452,13.374893447818764,26.86567164179105,3.4439456499112038,10.87932363911652,0.949676403833192,True,-0.4556375102910708,-0.0876488532325612,1.0,True,困難,多くの要因が重なった結果の指標,0.0023719584624139,True,False,True,判別できず,True,False,,,44.4811187204168,49.14115420108717,4.660035480670366,,施策で動かしにくい（多くの要因が重なった結果の指標）
和歌山市,都市部,地域とのつながり,拡大家族世帯割合,拡大家族世帯割合,個別KPI,1,5.0512,5.0308,6.54425,51.11940298507462,1.4930500000000002,,,False,0.979705771129383,0.1980539437425932,0.87,False,困難,家族構成の結果,0.0023719584624139,False,False,True,1時点のみ（確かめられない）,True,False,,,44.4811187204168,49.14115420108717,4.660035480670366,,主観スコアを説明できない（想定どおりの向き87%）・施策で動かしにくい（家族構成の結果）
和歌山市,都市部,地域とのつながり,通いの場の参加率,介護予防の通いの場への参加率（65歳以上人口比）,追加の変数,1,6.66565,4.512925,7.35730625,69.40298507462687,0.6916562499999994,3.765660000000002,0.5510239240929868,True,0.0643973746108185,0.0128746944943385,0.58,False,短期,通いの場の立ち上げ・参加の呼びかけで動かせる,0.0023719584624139,False,True,True,判別できず,True,False,,,44.4811187204168,49.14115420108717,4.660035480670366,,主観スコアを説明できない（想定どおりの向き58%）
和歌山市,都市部,地域とのつながり,人口あたり公民館数,人口10万人あたり公民館数（市町村立）,追加の変数,1,0.281275,2.761233333333333,5.699683333333333,26.492537313432837,5.418408333333333,0.76346,21.29152149424986,True,0.0,0.0,0.525,False,中長期,施設の新設・転用には計画と年数が要る,0.0023719584624139,False,True,True,判別できず,True,False,,,44.4811187204168,49.14115420108717,4.660035480670366,,主観スコアを説明できない（想定どおりの向き52%）
和歌山市,都市部,地域とのつながり,高齢者千人あたり通いの場の箇所数,65歳以上人口千人あたり 介護予防の通いの場の箇所数,追加の変数,1,5.082375,2.7204291666666665,4.311025,81.34328358208955,0.0,2.196260000000001,0.0,True,0.1238949565185689,0.0370712870775702,0.46,False,短期,住民主体の通いの場の立ち上げ支援（介護予防事業）で動かせる,0.0023719584624139,False,True,False,判別できず,True,False,,,44.4811187204168,49.14115420108717,4.660035480670366,,主観スコアを説明できない（想定どおりの向き46%）・すでに類型の上位4分の1以上（類型内81%）
和歌山市,都市部,地域とのつながり,人口あたり政治経済文化団体の事業所数,人口10万人あたり政治・経済・文化団体の事業所数,追加の変数,1,88.3023,19.72295,30.314925,94.77611940298507,0.0,,,False,0.0,0.0,0.315,False,困難,市の施策の対象外,0.0023719584624139,False,False,False,1時点のみ（確かめられない）,True,False,,,44.4811187204168,49.14115420108717,4.660035480670366,,主観スコアを説明できない（想定どおりの向き32%）・施策で動かしにくい（市の施策の対象外）・すでに類型の上位4分の1以上（類型内95%）
和歌山市,都市部,地域とのつながり,人口あたり地域おこし協力隊員数,人口1万人あたり地域おこし協力隊員数,追加の変数,1,0.08465,0.0,0.0,95.1492537313433,0.0,0.6653000000000002,0.0,True,-0.0,-0.0,0.145,False,短期,隊員の募集・受け入れで動かせる,0.0023719584624139,False,True,False,判別できず,True,False,,,44.4811187204168,49.14115420108717,4.660035480670366,,主観スコアを説明できない（想定どおりの向き14%）・すでに類型の上位4分の1以上（類型内95%）
和歌山市,都市部,地域とのつながり,他市区町村への通勤者割合,就業者に占める他市区町村への通勤者の割合,追加の変数,-1,13.5508,56.99325,45.8215,98.13432835820896,0.0,,,False,0.2841018551703225,0.0152700510133979,0.03,False,困難,通勤の流れの結果,0.0023719584624139,False,False,False,1時点のみ（確かめられない）,True,False,,,44.4811187204168,49.14115420108717,4.660035480670366,,主観スコアを説明できない（想定どおりの向き3%）・施策で動かしにくい（通勤の流れの結果）・すでに類型の上位4分の1以上（類型内98%）
和歌山市,都市部,地域とのつながり,人口あたり集会施設数,人口10万人あたり集会施設数（市町村立）,追加の変数,1,102.2652,65.4797125,96.76320833333332,78.73134328358209,0.0,10.33820000000001,0.0,True,-0.3176208570850055,-0.0023321770504288,0.025,False,中長期,施設の新設・転用には計画と年数が要る,0.0023719584624139,False,True,False,判別できず,True,False,,,44.4811187204168,49.14115420108717,4.660035480670366,,主観スコアを説明できない（想定どおりの向き2%）・すでに類型の上位4分の1以上（類型内79%）
和歌山市,都市部,地域とのつながり,居住期間20年以上割合,居住期間20年以上（出生時からを含む）の人口割合,追加の変数,1,48.9751,43.89145,47.85755,82.08955223880598,0.0,,,False,-2.39726766266092,-0.2863112256918698,0.0,False,困難,人の出入りの結果,0.0023719584624139,False,False,False,1時点のみ（確かめられない）,True,False,,,44.4811187204168,49.14115420108717,4.660035480670366,,主観スコアを説明できない（想定どおりの向き0%）・施策で動かしにくい（人の出入りの結果）・すでに類型の上位4分の1以上（類型内82%）
和歌山市,都市部,地域とのつながり,共同住宅世帯割合,共同住宅に住む一般世帯の割合,追加の変数,-1,29.5874,44.2802,34.03445,84.32835820895522,0.0,,,False,0.6831201803807774,0.0394577445501676,0.0,False,困難,住宅ストックの結果,0.0023719584624139,False,False,False,1時点のみ（確かめられない）,True,False,,,44.4811187204168,49.14115420108717,4.660035480670366,,主観スコアを説明できない（想定どおりの向き0%）・施策で動かしにくい（住宅ストックの結果）・すでに類型の上位4分の1以上（類型内84%）
和歌山市,都市部,地域とのつながり,昼夜間人口比率,昼夜間人口比率,追加の変数,1,103.709,93.84845,100.210425,83.5820895522388,0.0,,,False,-1.812843191590621,-0.0317237378354694,0.0,False,困難,通勤・通学の流れの結果,0.0023719584624139,False,False,False,1時点のみ（確かめられない）,True,False,,,44.4811187204168,49.14115420108717,4.660035480670366,,主観スコアを説明できない（想定どおりの向き0%）・施策で動かしにくい（通勤・通学の流れの結果）・すでに類型の上位4分の1以上（類型内84%）
田辺市,農山村の小都市,自己効力感,完全失業者数_人口比,完全失業者数（人口比）,個別KPI,-1,2.2485,1.837,1.6801,12.258064516129032,0.5684,,,False,-0.9149958876455352,-3.0132688077266647,1.0,True,中長期,雇用の場づくり・就労支援で間接に動く,0.0058856311842228,True,True,True,1時点のみ（確かめられない）,True,True,1.7127419903118364,0.010080567668707168,25.504388871495763,40.233469318506366,14.729080447010602,11.628302231586037,伸ばす数値
田辺市,農山村の小都市,自己効力感,女性就業率,女性の就業率（15歳以上）,追加の変数,1,50.4004,50.4884,52.41835,49.67741935483871,2.017950000000006,,,False,3.1439263688127177,0.8386784958792489,0.99,True,中長期,保育・就労支援で間接に動く,0.0058856311842228,True,True,True,1時点のみ（確かめられない）,True,True,1.6924112707595356,0.00996090855171246,25.504388871495763,40.233469318506366,14.729080447010602,11.490271078687913,伸ばす数値
田辺市,農山村の小都市,自己効力感,大学卒業者割合,卒業者に占める大学・大学院卒業者の割合,追加の変数,1,12.2964,13.2012,15.8338,39.35483870967742,3.5374,,,False,3.3005186895949383,0.3276459859630081,1.0,True,困難,学歴構成の結果,0.0058856311842228,True,False,True,1時点のみ（確かめられない）,True,False,,,25.504388871495763,40.233469318506366,14.729080447010602,,施策で動かしにくい（学歴構成の結果）
田辺市,農山村の小都市,自己効力感,新設事業所割合,民営事業所に占める新設事業所の割合,追加の変数,1,20.3968,16.9846,19.19345,83.22580645161291,0.0,,,False,0.833154785301142,0.1491806436321278,0.97,True,中長期,創業支援で間接に動く,0.0058856311842228,True,True,False,1時点のみ（確かめられない）,True,False,,,25.504388871495763,40.233469318506366,14.729080447010602,,すでに類型の上位4分の1以上（類型内83%）
田辺市,農山村の小都市,自己効力感,納税義務者1人あたり課税対象所得,納税義務者1人あたり課税対象所得,追加の変数,1,3039.8386666666665,2908.0558,3038.2789583333333,75.48387096774194,0.0,354.6368400000002,0.0,True,0.8663168090149254,0.0008977226458343,0.95,True,中長期,産業振興で間接に動く,0.0058856311842228,True,True,False,判別できず,True,False,,,25.504388871495763,40.233469318506366,14.729080447010602,,すでに類型の上位4分の1以上（類型内75%）
田辺市,農山村の小都市,自己効力感,人口あたり新設事業所数,人口千人あたり新設事業所数（2016〜2021年）,追加の変数,1,13.0957,8.0407,9.1996,96.12903225806453,0.0,,,False,0.2626033639882399,0.0238241548527256,0.855,False,中長期,創業支援で間接に動く,0.0058856311842228,False,True,False,1時点のみ（確かめられない）,True,False,,,25.504388871495763,40.233469318506366,14.729080447010602,,主観スコアを説明できない（想定どおりの向き86%）・すでに類型の上位4分の1以上（類型内96%）
田辺市,農山村の小都市,自己効力感,20_39歳転入超過率,20〜39歳の転入超過率,追加の変数,1,-2.2654,-1.9915,-1.10475,41.29032258064516,1.16065,1.04072,3.345712583595972,True,0.2516136964767868,0.1267590554489583,0.78,False,困難,雇用・住宅・教育など多くの要因の結果,0.0058856311842228,False,False,True,判別できず,True,False,,,25.504388871495763,40.233469318506366,14.729080447010602,,主観スコアを説明できない（想定どおりの向き78%）・施策で動かしにくい（雇用・住宅・教育など多くの要因の結果）
田辺市,農山村の小都市,自己効力感,転入超過割合,転入超過割合,個別KPI,1,-0.5858750254399145,-0.4754687879207216,-0.2472421947944166,32.25806451612903,0.3386328306454979,0.3352080847085947,3.030650328197308,True,0.3079783939997355,0.6037222924368411,0.59,False,困難,雇用・住宅・教育など多くの要因の結果,0.0058856311842228,False,False,True,判別できず,True,False,,,25.504388871495763,40.233469318506366,14.729080447010602,,主観スコアを説明できない（想定どおりの向き59%）・施策で動かしにくい（雇用・住宅・教育など多くの要因の結果）
田辺市,農山村の小都市,自己効力感,65歳以上就業率,65歳以上の就業率,追加の変数,1,27.6893,28.2765,31.11415,44.516129032258064,3.4248499999999997,,,False,0.1128100352370412,0.0301325486797811,0.505,False,中長期,シルバー人材センター・就労支援で間接に動く,0.0058856311842228,False,True,True,1時点のみ（確かめられない）,True,False,,,25.504388871495763,40.233469318506366,14.729080447010602,,主観スコアを説明できない（想定どおりの向き50%）
田辺市,農山村の小都市,自己効力感,正規雇用割合,雇用者に占める正規の職員・従業員の割合,追加の変数,1,62.3828,66.8246,69.332,10.967741935483872,6.949199999999991,,,False,-0.0,-0.0,0.265,False,中長期,企業誘致・雇用支援で間接に動く,0.0058856311842228,False,True,True,1時点のみ（確かめられない）,True,False,,,25.504388871495763,40.233469318506366,14.729080447010602,,主観スコアを説明できない（想定どおりの向き26%）
田辺市,農山村の小都市,自己効力感,20_39歳人口割合,20〜39歳人口の割合,追加の変数,1,16.5133,16.50895,17.4308,50.967741935483865,0.9175000000000004,0.3361600000000017,8.188065207044225,True,-0.6066016972844392,-0.1822913655165526,0.065,False,困難,人口構造の結果,0.0058856311842228,False,False,True,判別できず,True,False,,,25.504388871495763,40.233469318506366,14.729080447010602,,主観スコアを説明できない（想定どおりの向き6%）・施策で動かしにくい（人口構造の結果）
田辺市,農山村の小都市,自己効力感,就業率,就業率（15歳以上）,追加の変数,1,57.9965,57.8746,59.865,54.19354838709678,1.8685000000000045,,,False,-5.557830620673025,-1.469183013812591,0.0,False,中長期,雇用の場づくり・就労支援で間接に動く,0.0058856311842228,False,True,True,1時点のみ（確かめられない）,True,False,,,25.504388871495763,40.233469318506366,14.729080447010602,,主観スコアを説明できない（想定どおりの向き0%）
