列名,個別KPI,係数_1SD_同時,p値_同時
既婚者割合,既婚者割合,0.03925730325341359,0.0002065132506680769
完全失業者数_人口比,完全失業者数（人口比）,-0.1293032813420664,3.511230382823588e-11
健康寿命_男性_近似,健康寿命（男性・近似）,0.012945263594836276,0.19873915964282
医療施設徒歩圏人口カバー率,医療施設徒歩圏人口カバー率,-0.007594077190112569,0.643113704907291
駅バス停徒歩圏人口カバー率,駅・バス停徒歩圏人口カバー率,0.01898805141966481,0.057130404523373084
完全失業率,完全失業率,0.12597218682683725,1.8920847630826797e-09
公園緑地徒歩圏人口カバー率,公園緑地徒歩圏人口カバー率,0.015151766512782439,0.23359827175609685
転入超過割合,転入超過割合,0.010647580670834378,0.16634474676794062
健康寿命_女性_近似,健康寿命（女性・近似）,0.02883025781163362,0.0029972866103350824
