列名,個別KPI,分野,根拠,年度変化,係数_1SD_頑健,p値_頑健
既婚者割合,既婚者割合,地域とのつながり,A,1時点のみ（年度変化は未検証）,0.0591537362170404,1.0298318571403824e-09
完全失業者数_人口比,完全失業者数（人口比）,自己効力感,A,1時点のみ（年度変化は未検証）,-0.0445690932338468,1.0610809397626736e-08
健康寿命_男性_近似,健康寿命（男性・近似）,健康状態,A,年度変化では判別できず,0.0422805477262804,5.149916200282449e-13
医療施設徒歩圏人口カバー率,医療施設徒歩圏人口カバー率,医療・福祉,A,1時点のみ（年度変化は未検証）,0.0361857252784599,0.021133592973741
駅バス停徒歩圏人口カバー率,駅・バス停徒歩圏人口カバー率,移動・交通,A,1時点のみ（年度変化は未検証）,0.033152407951872,0.0009491835118299
完全失業率,完全失業率,雇用・所得,A,1時点のみ（年度変化は未検証）,-0.0311237665990593,8.18736838499141e-05
公園緑地徒歩圏人口カバー率,公園緑地徒歩圏人口カバー率,公共空間,A,1時点のみ（年度変化は未検証）,0.0300012285205485,0.011209207905616
転入超過割合,転入超過割合,自己効力感,A,年度変化では判別できず,0.0193412666619688,0.0199676223257232
健康寿命_女性_近似,健康寿命（女性・近似）,健康状態,B,年度変化では判別できず,0.0465065113794419,2.067751329246941e-15
人口あたり公園面積,人口あたり公園面積,公共空間,C,年度変化と食い違い（10人以上・20人以上で逆向き）,0.0424780011157691,1.69171627343663e-06
人口あたり自殺者数,人口あたり自殺者数,地域とのつながり,C,年度変化と食い違い（10人以上・20人以上で逆向き）,-0.0364517930989315,8.304950844706783e-07
可住地面積あたり幼稚園数,可住地面積あたり幼稚園数,子育て,C,年度変化では判別できず,0.0087134088206704,0.3889006280624651
人口あたり小型車走行キロ,人口あたり小型車走行キロ,移動・交通,C,1時点のみ（年度変化は未検証）,0.0067075561336771,0.656640373311782
商業施設徒歩圏人口カバー率,商業施設徒歩圏人口カバー率,買物・飲食,C,1時点のみ（年度変化は未検証）,0.0047531864043221,0.7586176811398352
拡大家族世帯割合,拡大家族世帯割合,地域とのつながり,—,1時点のみ（年度変化は未検証）,-0.0808701454309292,8.742312996080222e-13
住宅当たり延べ面積,住宅当たり延べ面積,住宅環境,—,1時点のみ（年度変化は未検証）,-0.0243533521084197,0.0462222442453545
高齢単身世帯割合,高齢単身世帯割合,地域とのつながり,—,1時点のみ（年度変化は未検証）,0.0242911618645487,0.0459974626136688
一戸建の持ち家の割合,一戸建の持ち家の割合,住宅環境,—,1時点のみ（年度変化は未検証）,-0.0216236152608132,0.0665398618812544
可住地面積あたり飲食店数,可住地面積あたり飲食店数,買物・飲食,—,1時点のみ（年度変化は未検証）,-0.0198632927473442,3.708973944569206e-05
可住地面積あたり高等学校数,可住地面積あたり高等学校数,初等・中等教育,—,年度変化では判別できず,-0.0118992140546815,0.180200743301013
福祉施設徒歩圏人口カバー率,福祉施設徒歩圏人口カバー率,医療・福祉,—,1時点のみ（年度変化は未検証）,-0.0096806985387062,0.1261456961495788
歳出総額の教育費割合,歳出総額の教育費割合,子育て,—,年度変化でも一部確認,0.0081605044378782,0.2173912901438414
歩道設置率,歩道設置率,公共空間,—,1時点のみ（年度変化は未検証）,0.0044665010874458,0.6237123763571291
ウォーカブル推進都市,ウォーカブル推進都市,公共空間,—,1時点のみ（年度変化は未検証）,0.0018114272614062,0.8103360693860495
実質公債費比率,実質公債費比率,地域行政,—,年度変化では判別できず,0.0016780504765739,0.8034453170176724
人口あたり宗教の事業所数,人口あたり宗教の事業所数,地域とのつながり,—,1時点のみ（年度変化は未検証）,-0.0013970637287537,0.8820412340472363
保育所徒歩圏0_4歳人口カバー率,保育所徒歩圏0〜4歳人口カバー率,子育て,—,1時点のみ（年度変化は未検証）,-0.0012464450716772,0.828078714409084
人口あたりNPOの数,人口あたりNPOの数,地域とのつながり,—,年度変化では判別できず,0.0010152355164573,0.8880652654155362
