年度,調査種別,地域,データ種別,因子群,カテゴリ・評価指標,実数,偏差値
2026年度版(令和8年度版),全国調査,"和歌山県 海南市",主観データ,生活環境,医療機関が充実,3.0,32.0
2026年度版(令和8年度版),全国調査,"和歌山県 海南市",主観データ,生活環境,介護福祉サービス良,3.1,38.0
2026年度版(令和8年度版),全国調査,"和歌山県 海南市",主観データ,生活環境,買い物に不便がない,2.9,20.4
2026年度版(令和8年度版),全国調査,"和歌山県 海南市",主観データ,生活環境,飲食を楽しめる,2.5,23.5
2026年度版(令和8年度版),全国調査,"和歌山県 海南市",主観データ,生活環境,自宅に心地のいい居場所,3.6,43.4
2026年度版(令和8年度版),全国調査,"和歌山県 海南市",主観データ,生活環境,【逆】騒音に悩まされている,3.6,58.4
2026年度版(令和8年度版),全国調査,"和歌山県 海南市",主観データ,生活環境,適度な費用で住居を確保,3.3,57.3
2026年度版(令和8年度版),全国調査,"和歌山県 海南市",主観データ,生活環境,公共交通の移動良,2.3,34.6
2026年度版(令和8年度版),全国調査,"和歌山県 海南市",主観データ,生活環境,娯楽施設がある,2.2,33.4
2026年度版(令和8年度版),全国調査,"和歌山県 海南市",主観データ,生活環境,子育て支援が手厚い,2.9,44.0
2026年度版(令和8年度版),全国調査,"和歌山県 海南市",主観データ,生活環境,子どもがいきいきと暮らせる,3.0,35.8
2026年度版(令和8年度版),全国調査,"和歌山県 海南市",主観データ,生活環境,小中高校が整っている,3.0,28.9
2026年度版(令和8年度版),全国調査,"和歌山県 海南市",主観データ,生活環境,通学しやすい学校,3.1,31.8
2026年度版(令和8年度版),全国調査,"和歌山県 海南市",主観データ,生活環境,行政は真剣に考えている,2.9,42.0
2026年度版(令和8年度版),全国調査,"和歌山県 海南市",主観データ,生活環境,公共施設は使い勝手良,2.8,41.7
2026年度版(令和8年度版),全国調査,"和歌山県 海南市",主観データ,生活環境,行政サービスのデジタル化良,2.7,34.5
2026年度版(令和8年度版),全国調査,"和歌山県 海南市",主観データ,生活環境,仕事や日常でデジタル,2.8,38.1
2026年度版(令和8年度版),全国調査,"和歌山県 海南市",主観データ,生活環境,雰囲気自分にとって心地よい,3.2,35.8
2026年度版(令和8年度版),全国調査,"和歌山県 海南市",主観データ,生活環境,街中や公園等で歩ける場所,3.1,32.3
2026年度版(令和8年度版),全国調査,"和歌山県 海南市",主観データ,生活環境,自慢できる都市景観がある,2.7,37.3
2026年度版(令和8年度版),全国調査,"和歌山県 海南市",主観データ,生活環境,自慢できる自然景観がある,3.0,42.7
2026年度版(令和8年度版),全国調査,"和歌山県 海南市",主観データ,生活環境,身近に自然を感じる,3.6,54.9
2026年度版(令和8年度版),全国調査,"和歌山県 海南市",主観データ,生活環境,空気や水はきれい,3.4,53.7
2026年度版(令和8年度版),全国調査,"和歌山県 海南市",主観データ,生活環境,リサイクル等環境への取組良,2.9,35.0
2026年度版(令和8年度版),全国調査,"和歌山県 海南市",主観データ,生活環境,防災対策がしっかり,3.0,44.5
2026年度版(令和8年度版),全国調査,"和歌山県 海南市",主観データ,生活環境,防犯対策・治安が良,2.8,36.4
2026年度版(令和8年度版),全国調査,"和歌山県 海南市",主観データ,生活環境,歩道や信号が整備,2.9,32.8
2026年度版(令和8年度版),全国調査,"和歌山県 海南市",主観データ,地域の人間関係,同じ町内の人を信頼,3.2,58.0
2026年度版(令和8年度版),全国調査,"和歌山県 海南市",主観データ,地域の人間関係,コミュニティ活動盛ん,3.0,52.5
2026年度版(令和8年度版),全国調査,"和歌山県 海南市",主観データ,地域の人間関係,相談できる人が身近,2.9,61.1
2026年度版(令和8年度版),全国調査,"和歌山県 海南市",主観データ,地域の人間関係,町内の人を手助け,3.2,60.3
2026年度版(令和8年度版),全国調査,"和歌山県 海南市",主観データ,地域の人間関係,町内に対して愛着,3.1,54.5
2026年度版(令和8年度版),全国調査,"和歌山県 海南市",主観データ,地域の人間関係,町内どんな人の意見も受入,2.8,51.1
2026年度版(令和8年度版),全国調査,"和歌山県 海南市",主観データ,地域の人間関係,見知らぬ他者も信頼,2.4,50.4
2026年度版(令和8年度版),全国調査,"和歌山県 海南市",主観データ,地域の人間関係,人が自分をどう思うか気に,2.6,54.2
2026年度版(令和8年度版),全国調査,"和歌山県 海南市",主観データ,地域の人間関係,女性が活躍しやすい,2.7,38.5
2026年度版(令和8年度版),全国調査,"和歌山県 海南市",主観データ,地域の人間関係,若い人が活躍しやすい,2.4,30.5
2026年度版(令和8年度版),全国調査,"和歌山県 海南市",主観データ,自分らしい生き方,自分のこと好ましく,3.1,57.9
2026年度版(令和8年度版),全国調査,"和歌山県 海南市",主観データ,自分らしい生き方,身体的に健康,3.2,57.8
2026年度版(令和8年度版),全国調査,"和歌山県 海南市",主観データ,自分らしい生き方,精神的に健康,3.4,64.1
2026年度版(令和8年度版),全国調査,"和歌山県 海南市",主観データ,自分らしい生き方,文化等が盛んで誇らしい,2.6,38.1
2026年度版(令和8年度版),全国調査,"和歌山県 海南市",主観データ,自分らしい生き方,将来のため良い文化等を残したい,3.4,44.2
2026年度版(令和8年度版),全国調査,"和歌山県 海南市",主観データ,自分らしい生き方,学べる機会,2.7,30.9
2026年度版(令和8年度版),全国調査,"和歌山県 海南市",主観データ,自分らしい生き方,やりたい仕事,2.3,29.0
2026年度版(令和8年度版),全国調査,"和歌山県 海南市",主観データ,自分らしい生き方,収入機会,2.4,31.0
2026年度版(令和8年度版),全国調査,"和歌山県 海南市",主観データ,自分らしい生き方,挑戦・成長,2.4,31.9
2026年度版(令和8年度版),全国調査,"和歌山県 海南市",主観データ,生活環境,医療・福祉,3.0,35.0
2026年度版(令和8年度版),全国調査,"和歌山県 海南市",主観データ,生活環境,買物・飲食,2.7,22.0
2026年度版(令和8年度版),全国調査,"和歌山県 海南市",主観データ,生活環境,住宅環境,3.5,53.1
2026年度版(令和8年度版),全国調査,"和歌山県 海南市",主観データ,生活環境,移動・交通,2.3,34.6
2026年度版(令和8年度版),全国調査,"和歌山県 海南市",主観データ,生活環境,遊び・娯楽,2.2,33.4
2026年度版(令和8年度版),全国調査,"和歌山県 海南市",主観データ,生活環境,子育て,2.9,39.9
2026年度版(令和8年度版),全国調査,"和歌山県 海南市",主観データ,生活環境,初等・中等教育,3.1,30.3
2026年度版(令和8年度版),全国調査,"和歌山県 海南市",主観データ,生活環境,地域行政,2.9,41.9
2026年度版(令和8年度版),全国調査,"和歌山県 海南市",主観データ,生活環境,デジタル生活,2.7,36.3
2026年度版(令和8年度版),全国調査,"和歌山県 海南市",主観データ,生活環境,公共空間,3.2,34.0
2026年度版(令和8年度版),全国調査,"和歌山県 海南市",主観データ,生活環境,都市景観,2.7,37.3
2026年度版(令和8年度版),全国調査,"和歌山県 海南市",主観データ,生活環境,事故・犯罪,2.8,34.6
2026年度版(令和8年度版),全国調査,"和歌山県 海南市",主観データ,生活環境,自然景観,3.0,42.7
2026年度版(令和8年度版),全国調査,"和歌山県 海南市",主観データ,生活環境,自然の恵み,3.5,54.3
2026年度版(令和8年度版),全国調査,"和歌山県 海南市",主観データ,生活環境,環境共生,2.9,35.0
2026年度版(令和8年度版),全国調査,"和歌山県 海南市",主観データ,生活環境,自然災害,3.0,44.5
2026年度版(令和8年度版),全国調査,"和歌山県 海南市",主観データ,地域の人間関係,地域とのつながり,3.1,57.3
2026年度版(令和8年度版),全国調査,"和歌山県 海南市",主観データ,地域の人間関係,多様性と寛容性,2.6,44.9
2026年度版(令和8年度版),全国調査,"和歌山県 海南市",主観データ,自分らしい生き方,自己効力感,3.1,57.9
2026年度版(令和8年度版),全国調査,"和歌山県 海南市",主観データ,自分らしい生き方,健康状態,3.3,60.9
2026年度版(令和8年度版),全国調査,"和歌山県 海南市",主観データ,自分らしい生き方,文化・芸術,3.0,41.2
2026年度版(令和8年度版),全国調査,"和歌山県 海南市",主観データ,自分らしい生き方,教育機会の豊かさ,2.7,30.9
2026年度版(令和8年度版),全国調査,"和歌山県 海南市",主観データ,自分らしい生き方,雇用・所得,2.3,30.0
2026年度版(令和8年度版),全国調査,"和歌山県 海南市",主観データ,自分らしい生き方,事業創造,2.4,31.9
