年度,調査種別,地域,データ種別,因子群,カテゴリ・評価指標,主観データ実数,主観データ偏差値,客観データ偏差値
2026年度版(令和8年度版),全国調査,"和歌山県 紀の川市",カテゴリー別,生活環境,医療・福祉,3.1,41.0,49.2
2026年度版(令和8年度版),全国調査,"和歌山県 紀の川市",カテゴリー別,生活環境,買物・飲食,2.9,28.1,39.4
2026年度版(令和8年度版),全国調査,"和歌山県 紀の川市",カテゴリー別,生活環境,住宅環境,3.6,62.6,63.6
2026年度版(令和8年度版),全国調査,"和歌山県 紀の川市",カテゴリー別,生活環境,移動・交通,2.2,33.2,42.3
2026年度版(令和8年度版),全国調査,"和歌山県 紀の川市",カテゴリー別,生活環境,遊び・娯楽,2.2,30.5,47.6
2026年度版(令和8年度版),全国調査,"和歌山県 紀の川市",カテゴリー別,生活環境,子育て,3.1,50.8,42.2
2026年度版(令和8年度版),全国調査,"和歌山県 紀の川市",カテゴリー別,生活環境,初等・中等教育,3.2,35.2,42.6
2026年度版(令和8年度版),全国調査,"和歌山県 紀の川市",カテゴリー別,生活環境,地域行政,2.9,45.5,47.2
2026年度版(令和8年度版),全国調査,"和歌山県 紀の川市",カテゴリー別,生活環境,デジタル生活,2.9,43.4,40.8
2026年度版(令和8年度版),全国調査,"和歌山県 紀の川市",カテゴリー別,生活環境,公共空間,3.4,49.4,33.4
2026年度版(令和8年度版),全国調査,"和歌山県 紀の川市",カテゴリー別,生活環境,都市景観,2.7,39.7,35.7
2026年度版(令和8年度版),全国調査,"和歌山県 紀の川市",カテゴリー別,生活環境,事故・犯罪,2.9,36.8,52.5
2026年度版(令和8年度版),全国調査,"和歌山県 紀の川市",カテゴリー別,生活環境,自然景観,3.3,54.5,60.2
2026年度版(令和8年度版),全国調査,"和歌山県 紀の川市",カテゴリー別,生活環境,自然の恵み,3.8,63.8,58.0
2026年度版(令和8年度版),全国調査,"和歌山県 紀の川市",カテゴリー別,生活環境,環境共生,3.0,49.3,51.3
2026年度版(令和8年度版),全国調査,"和歌山県 紀の川市",カテゴリー別,生活環境,自然災害,3.1,52.0,47.3
2026年度版(令和8年度版),全国調査,"和歌山県 紀の川市",カテゴリー別,地域の人間関係,地域とのつながり,3.1,59.7,55.1
2026年度版(令和8年度版),全国調査,"和歌山県 紀の川市",カテゴリー別,地域の人間関係,多様性と寛容性,2.6,46.1,44.9
2026年度版(令和8年度版),全国調査,"和歌山県 紀の川市",カテゴリー別,自分らしい生き方,自己効力感,3.1,56.3,61.0
2026年度版(令和8年度版),全国調査,"和歌山県 紀の川市",カテゴリー別,自分らしい生き方,健康状態,3.4,63.8,46.8
2026年度版(令和8年度版),全国調査,"和歌山県 紀の川市",カテゴリー別,自分らしい生き方,文化・芸術,3.1,50.0,58.5
2026年度版(令和8年度版),全国調査,"和歌山県 紀の川市",カテゴリー別,自分らしい生き方,教育機会の豊かさ,2.9,47.1,45.7
2026年度版(令和8年度版),全国調査,"和歌山県 紀の川市",カテゴリー別,自分らしい生き方,雇用・所得,2.4,32.0,51.3
2026年度版(令和8年度版),全国調査,"和歌山県 紀の川市",カテゴリー別,自分らしい生き方,事業創造,2.5,35.2,42.6
