列名,分野,出典フォルダ,計算式・単位,データ年,値がある市区町村数
人口,類型,02_国勢調査2020,b02_07 総人口,2020,1740
高齢化率,類型,06_健康寿命（住基人口）,65歳以上人口 ÷ 総人口 ×100（%）,2024/1/1,1741
第1次産業就業者割合,類型,02_国勢調査2020,第1次産業就業者 ÷ 就業者総数 ×100（%）,2020,1740
高齢単身世帯割合,地域とのつながり,02_国勢調査2020,65歳以上の単独世帯 ÷ 一般世帯総数 ×100（%）,2020,1740
拡大家族世帯割合,地域とのつながり,02_国勢調査2020,核家族以外の世帯 ÷ 一般世帯総数 ×100（%）,2020,1739
完全失業者数_人口比,自己効力感,02_国勢調査2020,完全失業者 ÷ 人口 ×100（%）,2020,1739
完全失業率,雇用・所得,02_国勢調査2020,完全失業者 ÷ 労働力人口 ×100（%）,2020,1739
既婚者割合,地域とのつながり,02_国勢調査2020,（1 − 未婚 ÷（15歳以上人口 − 配偶関係不詳））×100（%）,2020,1740
医療施設徒歩圏人口カバー率,医療・福祉,01_都市モニタリングシート,指標273 PE列（%）,2020,1740
福祉施設徒歩圏人口カバー率,医療・福祉,01_都市モニタリングシート,指標274 PF列（%）,2021,1443
商業施設徒歩圏人口カバー率,買物・飲食,01_都市モニタリングシート,指標275 PG列（%）,2020,1678
駅バス停徒歩圏人口カバー率,移動・交通,01_都市モニタリングシート,指標276 PH列（%）,駅2023・バス停2022,1705
人口あたり小型車走行キロ,移動・交通,01_都市モニタリングシート,指標296 QB列（台キロ/人）,2021,1733
保育所徒歩圏0_4歳人口カバー率,子育て,01_都市モニタリングシート,指標311 QQ列（%）,2015,1363
歩道設置率,公共空間,01_都市モニタリングシート,指標317 QW列（%）,2021,1732
公園緑地徒歩圏人口カバー率,公共空間,01_都市モニタリングシート,指標323 RC列（%）,公園2011・人口2020,1404
人口密度,類型,02・03,人口 ÷ 総面積（人/km²）,人口2020・面積2024,1740
可住地面積割合,類型,03_社会人口統計体系,可住地面積 ÷ 総面積 ×100（%）,2024,1741
可住地面積あたり飲食店数,買物・飲食,03_社会人口統計体系,飲食店の事業所数（経済センサス2021 第6-1表）÷ 可住地面積（店/km²）,2021/2024,1734
可住地面積あたり幼稚園数,子育て,03_社会人口統計体系,幼稚園数（E1101）÷ 可住地面積（園/km²）,2024,1741
可住地面積あたり高等学校数,初等・中等教育,03_社会人口統計体系,高等学校数（E4101）÷ 可住地面積（校/km²）,2024,1741
一戸建の持ち家の割合,住宅環境,04_住宅土地統計調査2023,持ち家かつ一戸建の住宅数 ÷ 住宅総数 ×100（%）。市と人口1.5万人以上の町村のみ,2023,1059
住宅当たり延べ面積,住宅環境,04_住宅土地統計調査2023,1住宅当たり延べ面積（m²）,2023,1059
財政力指数,類型,05_地方財政,主要財政指標一覧（R5）,2023年度,1741
実質公債費比率,地域行政,05_地方財政,主要財政指標一覧（R3）（%）,2021年度,1741
歳出総額の教育費割合,子育て,05_地方財政,目的別歳出「十 教育費」÷ 歳出総額 ×100（%）,2021年度,1741
健康寿命_男性_近似,健康状態,06_健康寿命,サリバン法の近似：生命表(2020)の nLx ×（1 − 要介護2以上の割合(2024/6 ÷ 住基人口2024/1)）の合計 ÷ l0（歳）。広域連合加入の市町村は欠損,2020/2024,1520
健康寿命_女性_近似,健康状態,06_健康寿命,サリバン法の近似：生命表(2020)の nLx ×（1 − 要介護2以上の割合(2024/6 ÷ 住基人口2024/1)）の合計 ÷ l0（歳）。広域連合加入の市町村は欠損,2020/2024,1521
人口あたり自殺者数,地域とのつながり,07_自殺の基礎資料,自殺者数（A7表 住居地・総数。掲載なしは0人）÷ 人口 ×10万（人/10万人）,2023,1740
転入超過割合,自己効力感,08_住民基本台帳人口移動報告,転入超過数（国内移動・移動者計）÷ 人口 ×100（%）,2024,1740
人口あたり宗教の事業所数,地域とのつながり,09_経済センサス2021,産業中分類「94_宗教」の全事業所数 ÷ 人口 ×10万（所/10万人）,2021,1716
人口あたりNPOの数,地域とのつながり,10_NPO法人,現存法人（解散情報なし）を主たる事務所の所在地で市区町村に割当てて数える ÷ 人口 ×10万（法人/10万人）。割当不能 508 件,2026/10/4時点,1740
ウォーカブル推進都市,公共空間,11_ウォーカブル推進都市,推進都市一覧に掲載＝1（照合できた市区町村 389）,2026/8/31時点,1741
人口あたり公園面積,公共空間,12_公共施設状況調,公園面積の合計（都市計画区域内：市町村立計＋市町村立以外、区域外：市町村立計＋市町村立以外）÷ 人口（m²/人）,2022年度,1740
