列名,表示名,分野,望ましい向き,単位,計算式,出典,データ年,年ごとの値の有無,代用
居住期間20年以上割合,居住期間20年以上（出生時からを含む）の人口割合,地域とのつながり,1,%,（出生時から ＋ 20年以上）÷（総数 − 居住期間不詳）×100。居住期間は「現在の場所（住所）」に住んでいる期間,総務省統計局「令和2年国勢調査」 移動人口 第8-1表（f08_01.xlsx）,2020,なし（1時点）,全年度版に2020年の値
共同住宅世帯割合,共同住宅に住む一般世帯の割合,地域とのつながり,-1,%,共同住宅に住む一般世帯数 ÷ 一般世帯総数 ×100,総務省統計局「令和2年国勢調査」 人口等基本集計 第19-4表（b19_04.xlsx）,2020,なし（1時点）,全年度版に2020年の値
就業率,就業率（15歳以上）,自己効力感,1,%,就業者 ÷（15歳以上人口 − 労働力状態不詳）×100,総務省統計局「令和2年国勢調査」 就業状態等基本集計 第1-2表（02_国勢調査2020/c01_02.xlsx）,2020,なし（1時点）,全年度版に2020年の値
女性就業率,女性の就業率（15歳以上）,自己効力感,1,%,就業者 ÷（15歳以上女性人口 − 労働力状態不詳）×100,総務省統計局「令和2年国勢調査」 就業状態等基本集計 第1-2表（02_国勢調査2020/c01_02.xlsx）,2020,なし（1時点）,全年度版に2020年の値
65歳以上就業率,65歳以上の就業率,自己効力感,1,%,就業者 ÷（65歳以上人口 − 労働力状態不詳）×100,総務省統計局「令和2年国勢調査」 就業状態等基本集計 第1-2表（02_国勢調査2020/c01_02.xlsx）,2020,なし（1時点）,全年度版に2020年の値
正規雇用割合,雇用者に占める正規の職員・従業員の割合,自己効力感,1,%,正規の職員・従業員 ÷ 雇用者（役員を除く）×100,総務省統計局「令和2年国勢調査」 就業状態等基本集計 第3-2表（c03_02.xlsx）,2020,なし（1時点）,全年度版に2020年の値
大学卒業者割合,卒業者に占める大学・大学院卒業者の割合,自己効力感,1,%,（最終卒業学校が大学 ＋ 大学院）÷（卒業者 − 最終卒業学校不詳）×100（15歳以上）,総務省統計局「令和2年国勢調査」 就業状態等基本集計 第11-2表（c11_02.xlsx）,2020,なし（1時点）,全年度版に2020年の値
昼夜間人口比率,昼夜間人口比率,地域とのつながり,1,%,昼間人口（A6107）÷ 総人口（A1101）×100,総務省統計局「統計でみる市区町村のすがた」2026 A 人口・世帯（2026-a.xls。元は国勢調査2020）,2020,なし（1時点）,全年度版に2020年の値
他市区町村への通勤者割合,就業者に占める他市区町村への通勤者の割合,地域とのつながり,-1,%,他市区町村への通勤者数（F2705）÷ 就業者数（F1102）×100（通学者は含まない）,総務省統計局「統計でみる市区町村のすがた」2026 F 労働（2026-f.xls。元は国勢調査2020）,2020,なし（1時点）,全年度版に2020年の値
納税義務者1人あたり課税対象所得,納税義務者1人あたり課税対象所得,自己効力感,1,千円/人,課税対象所得（C120110）÷ 納税義務者数（所得割）（C120120）,総務省統計局「統計でみる市区町村のすがた」2024・2025・2026 C 経済基盤（YYYY-c.xls。元は総務省「市町村税課税状況等の調」）,2022・2023・2024（すがたの年次表記）,あり,2026年度版（2025年）は未公表のため2024年の値で代用
20_39歳人口割合,20〜39歳人口の割合,自己効力感,1,%,20〜39歳人口 ÷ 総人口 ×100（データ年の翌年1月1日の住基人口）,総務省「住民基本台帳に基づく人口、人口動態及び世帯数調査」（06_健康寿命/YYMMssnen.xlsx）,2023/1/1〜2026/1/1（データ年2022〜2025）,あり,なし
20_39歳転入超過率,20〜39歳の転入超過率,自己効力感,1,%,20〜39歳の転入超過数（国内移動、日本人・外国人計）÷ 20〜39歳人口（翌年1月1日の住基人口）×100,総務省統計局「住民基本台帳人口移動報告」年報 表11-3（08_住民基本台帳人口移動報告/b01103s）,2022〜2025,あり,なし
人口あたり政治経済文化団体の事業所数,人口10万人あたり政治・経済・文化団体の事業所数,地域とのつながり,1,所/10万人,産業中分類「93_政治・経済・文化団体」（経済団体・労働団体・学術文化団体・政治団体・他に分類されない非営利的団体）の全事業所数 ÷ 人口（国勢調査2020）×10万,令和3年経済センサス‐活動調査 第9-1A表（09_経済センサス2021/b1_009_1a.xlsx）,2021/6/1,なし（1時点）,全年度版に2021年の値
人口あたり新設事業所数,人口千人あたり新設事業所数（2016〜2021年）,自己効力感,1,所/千人,新設事業所数（2016年経済センサス‐活動調査以降に新設、民営、事業内容等不詳を除く）÷ 人口（国勢調査2020）×1000,令和3年経済センサス‐活動調査 第30表（b1_030.xlsx）,2016/6〜2021/6,なし（1時点）,全年度版に2021年の値
新設事業所割合,民営事業所に占める新設事業所の割合,自己効力感,1,%,新設事業所数 ÷ 民営事業所数（存続＋新設、事業内容等不詳を除く）×100,令和3年経済センサス‐活動調査 第30表（b1_030.xlsx）,2016/6〜2021/6,なし（1時点）,全年度版に2021年の値
人口あたり公民館数,人口10万人あたり公民館数（市町村立）,地域とのつながり,1,施設/10万人,市町村立の公民館の箇所数（3月31日現在、「-」は0）÷ 住基人口（その年度末に近い翌年1月1日）×10万,総務省「公共施設状況調経年比較表」市町村経年比較表（12_公共施設状況調）,2022〜2024年度,あり,2026年度版（2025年度）は未公表のため2024年度の値で代用
人口あたり図書館数,人口10万人あたり図書館数（市町村立）,地域とのつながり,1,施設/10万人,市町村立の図書館の箇所数（3月31日現在、「-」は0）÷ 住基人口（その年度末に近い翌年1月1日）×10万,総務省「公共施設状況調経年比較表」市町村経年比較表（12_公共施設状況調）,2022〜2024年度,あり,2026年度版（2025年度）は未公表のため2024年度の値で代用
人口あたり社会体育施設数,人口10万人あたり社会体育施設数（市町村立）,地域とのつながり,1,施設/10万人,市町村立の体育施設（体育館＋陸上競技場＋野球場＋プール）の箇所数（3月31日現在、「-」は0）÷ 住基人口（その年度末に近い翌年1月1日）×10万,総務省「公共施設状況調経年比較表」市町村経年比較表（12_公共施設状況調）,2022〜2024年度,あり,2026年度版（2025年度）は未公表のため2024年度の値で代用
人口あたり集会施設数,人口10万人あたり集会施設数（市町村立）,地域とのつながり,1,施設/10万人,市町村立の「十四 その他施設 3 市町村立施設 集会施設 合計」の箇所数（自治会館・集会所等。区分の詳細は調査の記入要領による）（3月31日現在、「-」は0）÷ 住基人口（その年度末に近い翌年1月1日）×10万,総務省「公共施設状況調経年比較表」市町村経年比較表（12_公共施設状況調）,2022〜2024年度,あり,2026年度版（2025年度）は未公表のため2024年度の値で代用
高齢者千人あたり通いの場の箇所数,65歳以上人口千人あたり 介護予防の通いの場の箇所数,地域とのつながり,1,箇所/65歳以上千人,住民主体の通いの場の箇所数（計）÷ 65歳以上住基人口（年度末に近い翌年1月1日）×1000,厚生労働省「介護予防・日常生活支援総合事業（地域支援事業）の実施状況に関する調査」通いの場の展開状況 市町村別（通いの場_R0N.xlsx）,2022〜2024年度,あり,2026年度版（2025年度）は未公表のため2024年度の値で代用
通いの場の参加率,介護予防の通いの場への参加率（65歳以上人口比）,地域とのつながり,1,%,通いの場の参加者実人数（計。65歳未満の参加者も含みうる）÷ 65歳以上住基人口（翌年1月1日）×100,厚生労働省「介護予防・日常生活支援総合事業（地域支援事業）の実施状況に関する調査」通いの場の展開状況 市町村別（通いの場_R0N.xlsx）,2022〜2024年度,あり,2026年度版（2025年度）は未公表のため2024年度の値で代用
人口あたり地域おこし協力隊員数,人口1万人あたり地域おこし協力隊員数,地域とのつながり,1,人/1万人,市町村が受け入れた隊員数（特別交付税ベース。一覧に載らない市町村は0人。都道府県の受入れは除く）÷ 住基人口（翌年1月1日）×1万。PDFの一覧から読み取り、全国の隊員数合計（都道府県分を含む）が公表値と一致することを確認,総務省「地域おこし協力隊の隊員数等について」令和4〜7年度（協力隊_R0N.pdf）,2022〜2025年度,あり,なし
