列名,表示名,分野,望ましい向き,単位,計算式,出典,データ年,年ごとの値の有無,代用,操作可能性,操作可能性の理由
高齢者等設備のある住宅割合,高齢者等のための設備（手すり・段差のない屋内など）がある住宅の割合,住宅環境,1,%,高齢者等のための設備がある住宅数 ÷（ある ＋ ない）×100（居住世帯のある住宅、不詳を除く）。設備は手すり・またぎやすい浴槽・浴室暖房乾燥機・車いすで通行可能な廊下幅・段差のない屋内・道路から玄関まで車いすで通行可能のいずれか。市・区と人口1.5万人以上の町村のみ,総務省統計局「令和5年住宅・土地統計調査」住宅及び世帯に関する基本集計（確報集計） 第25-3表（e025_3.xlsx）,2023/10/1,なし（1時点）,全年度版に2023年の値,動かせる,住宅のバリアフリー改修の助成（介護保険の住宅改修・市独自の補助）で増やせる
旧耐震住宅割合,1980年以前に建築された住宅（旧耐震基準）の割合,住宅環境,-1,%,建築の時期が1980年以前の住宅数 ÷ 建築の時期が分かる住宅数 ×100（居住世帯のある住宅）。市・区と人口1.5万人以上の町村のみ,総務省統計局「令和5年住宅・土地統計調査」住宅及び世帯に関する基本集計（確報集計） 第5-3表（e005_3.xlsx）,2023/10/1,なし（1時点）,全年度版に2023年の値,動かせない,住宅ストックの築年は建替えでしか変わらず、市の施策で短期に動かせる幅が小さい
改修工事をした持ち家割合,2019年以降に増改築・改修工事をした持ち家の割合,住宅環境,1,%,2019年以降に増改築・改修工事等（増築・間取り変更、台所・トイレ・浴室の改修、内装、屋根・外壁、補強、断熱など）をした持ち家数 ÷ 持ち家数 ×100。市・区と人口1.5万人以上の町村のみ,総務省統計局「令和5年住宅・土地統計調査」住宅及び世帯に関する基本集計（確報集計） 第36表（e036.xlsx）,2023/10/1,なし（1時点）,全年度版に2023年の値,動かせる,住宅リフォーム・耐震改修・省エネ改修の補助で増やせる
二重サッシ住宅割合,二重以上のサッシ又は複層ガラスの窓がある住宅の割合,住宅環境,1,%,二重以上のサッシ又は複層ガラスの窓が（すべての窓に ＋ 一部の窓に）ある住宅数 ÷（ある ＋ ない）×100（不詳を除く）。断熱・遮音性能の目安。市・区と人口1.5万人以上の町村のみ,総務省統計局「令和5年住宅・土地統計調査」住宅及び世帯に関する基本集計（確報集計） 第30-2表（e030_2.xlsx）,2023/10/1,なし（1時点）,全年度版に2023年の値,動かせる,窓の断熱改修（省エネ改修）の補助で増やせる
腐朽破損住宅割合,腐朽・破損のある住宅の割合,住宅環境,-1,%,腐朽・破損のある住宅数 ÷（ある ＋ ない）×100（居住世帯のある住宅）。市・区と人口1.5万人以上の町村のみ,総務省統計局「令和5年住宅・土地統計調査」住宅及び世帯に関する基本集計（確報集計） 第32-2表（e032_2.xlsx）,2023/10/1,なし（1時点）,全年度版に2023年の値,動かせる,住宅の修繕・リフォームの補助、老朽危険家屋の除却補助で減らせる
放置空き家割合,賃貸・売却用及び二次的住宅を除く空き家（いわゆる放置空き家）の割合,住宅環境,-1,%,賃貸・売却用及び二次的住宅を除く空き家数 ÷ 総住宅数 ×100。空き家全体ではなく、市の空き家対策の対象となる長期不在・取壊し予定などの空き家。市・区と人口1.5万人以上の町村のみ,総務省統計局「令和5年住宅・土地統計調査」住宅及び世帯に関する基本集計（確報集計） 第1-2表（e001_2.xlsx）,2023/10/1,なし（1時点）,全年度版に2023年の値,動かせる,空家等対策計画に基づく除却・利活用（空き家バンク等）で減らせる
民営借家の1m2当たり家賃,民営借家（専用住宅）の延べ面積1m²当たり家賃,住宅環境,-1,円/m²,民営借家（専用住宅）の延べ面積1m²当たり1か月の家賃（家賃0円を含まない）。市・区と人口1.5万人以上の町村のみ,総務省統計局「令和5年住宅・土地統計調査」住宅及び世帯に関する基本集計（確報集計） 第122-4表（e122_4.xlsx）,2023/10/1,なし（1時点）,全年度版に2023年の値,動かせない,家賃水準は市場で決まり、市の施策ではほとんど動かせない
住宅地の平均地価,住宅地の平均価格（都道府県地価調査）,住宅環境,-1,円/m²,都道府県地価調査の基準地のうち用途が住宅地の地点の価格（各年7月1日時点）を市区町村ごとに単純平均（政令市は全区の地点を平均）。住宅地の基準地がない市区町村は欠損,国土交通省「国土数値情報 地価調査データ（L02）」2022〜2025年（L02-YY_GML.zip）,2022〜2025（各年7月1日）,あり,なし,動かせない,地価は市場で決まり、市の施策ではほとんど動かせない
人口あたり公営住宅戸数,人口1万人あたり市町村営の公営住宅等の戸数,住宅環境,1,戸/1万人,市町村営の公営住宅＋改良住宅＋単独住宅の戸数（3月31日現在、「-」は0。都道府県営は含まない）÷ 住基人口（その年度末に近い翌年1月1日）×1万,総務省「公共施設状況調経年比較表」市町村経年比較表（12_公共施設状況調）,2022〜2024年度,あり,2026年度版（2025年度）は未公表のため2024年度の値で代用,動かせる,市営住宅の供給・建替え・用途廃止は市が決める
下水道処理人口普及率,下水道処理人口普及率（公共下水道）,住宅環境,1,%,公共下水道の現在処理区域内人口（3月31日現在、「-」は0）÷ 住基人口（その年度末に近い翌年1月1日）×100（100%を少し超える市町村あり）。集落排水・合併浄化槽などを含む「汚水処理人口普及率」は、公共施設状況調の浄化槽の処理人口に計上漏れとみられる値があり、国の市町村別一覧は画像のPDFで読み取れないため使わない。東京23区は下水道の値が千代田区の行に23区分まとめて計上されているため、23区全体の値を各区に付けた,総務省「公共施設状況調経年比較表」市町村経年比較表（12_公共施設状況調）,2022〜2024年度,あり,2026年度版（2025年度）は未公表のため2024年度の値で代用,動かせる,公共下水道の整備（処理区域の拡大）は市町村の事業
